contract,creator,block,timestamp,tx_hash
0x7f44b467d877630ff660ada2c32f6fb890268c9b,0x40b702ec4d5f7d779abd1c73dbda63fe84f72316,52303751,1791396849,0xb5e032f0feb33c1c032e66bae84349d41e8b6892ad3168db1ddfe1a5f6683bf4
0x421225aa9a770568e44e68fbd60e8b6c02e9dd45,0x0dca33ffd6e69b47280f50442b5ebc722215ad1c,52303754,1791396855,0xa972bb9233a3cc17064c19b2829e835ee62ff1bfafc9a363cc22dab4e51313cc
0x7ef589e33913152a4b23170545fb1da56f4355e4,0x18c4ec54cd446e18b02cb9d4ac3a5515c49d757c,52303777,1791396901,0xb65ed9b06fba86bdea0f943d273dfae2cdd4e0b0d4d9de168039b83ccebd333c
0x5dfdf39e2b0f42a42bbc2d59aab7243574c90595,0x0dca33ffd6e69b47280f50442b5ebc722215ad1c,52303787,1791396921,0xca7c1e6f00eb5d47e80bfb6f1a2f90b30781486fae19c7f102b4e06a6226e996
0x9fb28c6184b5456a9d4bde0e5c1e2b46d6f7d920,0x0dca33ffd6e69b47280f50442b5ebc722215ad1c,52303791,1791396929,0x4d5667ab272a5dc6d3f8e35e238fee06f812f6d49ff48b586a4835327023db9b
0xe453368b1c7e864993cd322a92e1d6f8d0db4d85,0x0dca33ffd6e69b47280f50442b5ebc722215ad1c,52303792,1791396931,0xd090de888ad8877b5d7eaa7e0fc9a8fc7dee0c1e343681ac91afdc481d304713
0x8987e3c3c37fb1780dc7bcc585fc17133e1abd7c,0x0dca33ffd6e69b47280f50442b5ebc722215ad1c,52303793,1791396933,0xbfec1de4f5cfa873b4377f64ffff8632d09cb77f8f72590b8559bb2ee0c2cd8f
0x35c34adc0314b880a2db97e4247e1ddf0c9017e7,0x0dca33ffd6e69b47280f50442b5ebc722215ad1c,52303794,1791396935,0x847181956ccd93579a8f8663786ef266997c57e0c4a8b53a42f11d311ade845d
0xf7f871fc7a350858d97aa89e89d8e2f79cb93fdc,0xc37ac5efadf8352ce19423619c1d8e40a9ed6837,52303821,1791396989,0x73801ec9da7acac397afa62853b9166babeeae4a2ed96424061920a13e84b9f3
0x697742a706a5bfff3089f0c5d4a7e3ccf7e27deb,0x0dca33ffd6e69b47280f50442b5ebc722215ad1c,52303836,1791397019,0x1ac05c33766810ea4fa8833e77c60146c9944308bb31ad26de716d689d3ba13e
0xaf23187827c13b6a26f5ab633cefa72963d1c4e4,0x2e12976547cf839a98e191dec4a730db11aeb035,52303851,1791397049,0x862aa0f68c2605c55583b82e133c09b574514b373b3f4c48360788dd0268459a
0x2678e566ca6543f06ce4b9f84e90992f8e5ccbd5,0xd427ea0c4ae1f302420a6c09899fd47a5e769224,52303868,1791397083,0xc590432f151c862c81a236a520d232b3a3fbfa043a4e6095801a707f77524686
0xab48dce85f7fa0da9c31adf3fe4852fdcc39a98c,0xd427ea0c4ae1f302420a6c09899fd47a5e769224,52303869,1791397085,0xfcfa55e5ae89ae2b8f792f1ea2ecc22181b2498f9b2fde2701ba993e21f9dd5c
0x93a8d8d828bfe040474a606cb2c7c6c6398658a5,0xc6f72785e2825b79221ae5d2a46a3b20647fb61e,52303882,1791397111,0x46dbfafc4936681865d7bc973f20d67b13d7b6bd80b15c2280daef857bfe0093
0xe62c4e0a85bcf900495c8912929747365c1d6930,0x9c105037bf20dfeb224a5cb0db3213f192bcd34e,52303888,1791397123,0xe53159fa087a8c906b8beacb722ff8d7b0a53e6145d5c1ceab62d0673ff0e547
0x068f5ab99aacc1510e00e621807b3dd21bceccf2,0x4a2c08bda1d6ba0fb351f786a891ea484bc1e035,52303910,1791397167,0xaee922af33cbdc0e76dd605db4d39ee8dd074ee571e7b2ac9684ea345b23b18d
0xb5ba067d9fb8fc1d5ae51b9a3443d6daf4ace30b,0x0dca33ffd6e69b47280f50442b5ebc722215ad1c,52303912,1791397171,0x0662085fe361d161d47bfe9cd7b37cef2c19b1af6003f2064e7168d341cf940c
0x6ecf0f54ec068bd7591c53edaeed101ac183ab39,0x0dca33ffd6e69b47280f50442b5ebc722215ad1c,52303914,1791397175,0x317296ef184bf7f813031df47286ab76d6154c1f84991a3dabad228903f729bb
0xbc27a9bf45c3e3d55c0a47b31aaa9f0eeb5b35b3,0x774c4bdf6a7d0133a237d2e4a6d4e17929d8b1ec,52303935,1791397217,0xaedeea5bb963644510ed6fe90eb98de2ba3e9837062e160c6feb189f062c2889
0x71723749dec6a1154c943475ed63ad9557cabae7,0x18c4ec54cd446e18b02cb9d4ac3a5515c49d757c,52303941,1791397229,0x8f3d6dc69159c54dd0c4ca4a53055deee61a9e3e13f14c32ca53240f1d1cfbc6
0x2541991bf8d2267c3da8dbf5d3afa1eaf31f7537,0x444a2a1e836eff1c33b93f00df0b71143f36014e,52303959,1791397265,0x82f68c1835d2c697819fbcf88335bbf44f96980a80ce8a1635f8adea18538350
0x0e2f2e285f4003b25b83abfdc5e0726d76e2161f,0x3a046ed56ebf5265403ed02601eeaa0c96ca02fa,52303980,1791397307,0x019595635c7b96a66c847adda6337b29212af6fe82970c4fe989ef910f15e55e
0x84ca8a030582fd819ee9ad799a653c3fb38a5b3a,0x3a046ed56ebf5265403ed02601eeaa0c96ca02fa,52303981,1791397309,0x5a9e9096b8e2c8a1637c6f0c7e31cc13bcb9657b94eeb7bc1ad3ba2a1166cf83
0x4e2e461da8c5f6c428bc6ebaa34834f7dfeb5e44,0x678a0fc111f17f64d5c73096b51b97292346eade,52303987,1791397321,0xce8bb4cf7ac084efcf60fe7fca85a09a716d14331e7f4b5e70e8ba9db1e7001f
0x7a6710e48063b75f798808d1759144d0ceef8aef,0x678a0fc111f17f64d5c73096b51b97292346eade,52303987,1791397321,0x8a4a87082b1af9c8fcb0a1a5c527c7796999a9578ff89b150642bd34820e3130
0x46d0e665256f57ebe2ab6b9c69f02228aab72697,0xde3d52b5de4db26cf70c81e7e9d0ae7837440f5c,52303991,1791397329,0x106f99a60c3c4639eb2bf2cf44d482daf63ca2f34553939dd8aeba8b74b6b2b8
0xbbbc1a5362388f579f705d18b85b2a4356f50c59,0xde3d52b5de4db26cf70c81e7e9d0ae7837440f5c,52303992,1791397331,0x37e255a8eaa73a3443a35166cdf500d4ec67444437d4a16175bd7861adbc9800
0xd2cf3747e26dec88f4aab57682dbfd5007caa49d,0x7b05a1b47f95a73e9d88e8488929230cbdcc9b4a,52303995,1791397337,0xda0555ab919972710466984a9d607d8d746f0ad64f62cc2038c70e79c70bf2e6
0x6fa5c478a131913b1b7cd0d6137d2de8e615c0b9,0x0dca33ffd6e69b47280f50442b5ebc722215ad1c,52304002,1791397351,0x0a9d88353b6f8b2ed9aa16e91e595032c4a645498b1926865d13b9d0374b976d
0xf48ea88d56efdf36dc3590dc560da95fe41c1393,0x0dca33ffd6e69b47280f50442b5ebc722215ad1c,52304004,1791397355,0x1b582396f173c206e97b16c1f80b3b9a1990ac69474e3a0d3721bad807e9b8a3
0xa9e4a8aadcc7b4004f88e1245d883e161001eab6,0xaca97aa3dfd194aa8bae33f3eff1dad3146d767b,52304015,1791397377,0x5d7a0c7ab7e0fb1e46b8eb43189d9fac14dbb002e9f1550c4a519247716ba30e
0xb010ddfe71cc90925261642757e8198fcc4af8e8,0x0dca33ffd6e69b47280f50442b5ebc722215ad1c,52304016,1791397379,0xb342a42841e1e65b01c36c98563825e51c18c0beb82d1b3edcd987d8f9422893
0x6fa8a76804255f008c14a937746c13928237a250,0xdd5d868ed06b4c0d047f3de6823bf83d546e479c,52304021,1791397389,0x4d2836ba709ce1cf86f3e64520eddfbe200bab7726484fd401fc011a5dc7e218
0x8996e1886d9b87ca34264bb51ac1bd3116d8a78b,0x0dca33ffd6e69b47280f50442b5ebc722215ad1c,52304055,1791397457,0x1755dedd8693036e90141e680e829d02621264d83e419c74ee03ada788e1a787
0x7ff565decbb4e12b0e2326e719b88787bce06697,0x0dca33ffd6e69b47280f50442b5ebc722215ad1c,52304057,1791397461,0xe17b840b5b4e2ee6646ff1fafb8b43d260666fba0c93796582017b5dcc6c455d
0x8ab9e89ccb6ab634363b08d3902a23869f9bb7aa,0xa9c6298736d0a261e80a517611d7f7846bf0ba06,52304066,1791397479,0xe2303718b9c1659a20a5c918bf5f5d29b7e9ede6de4657464e7288095f65e0c7
0x84399896d5723f1394ffeaafdae77bfb6c9a6fa3,0x0dca33ffd6e69b47280f50442b5ebc722215ad1c,52304070,1791397487,0xe103e3ea609585ba931ecfe45cca20bc9cd99ab963ac4050bacc8d3c0380d89d
0xb796ce165ac360bcc36e2b24be27e54669332d0d,0xf9e2a6cd36eda0a476edbf0b09abff28f12ceb00,52304079,1791397505,0xa1b0ebc21659a3d0d7f8b89a9ce4a9ce75ad91f6dbb5bb5b1f3dafe74b349d3d
0x503db6614c351792d1a494632562f259d3738f19,0xf9e2a6cd36eda0a476edbf0b09abff28f12ceb00,52304082,1791397511,0x12ca221b3dcd052cade3d7f9bc5067e09d4c6ad03ce32f6fb8948df4f5804b4a
0x1261b27f86b7b273d5983bb6e8acb3c684e49795,0xf9e2a6cd36eda0a476edbf0b09abff28f12ceb00,52304084,1791397515,0x66abf5cf77ee5d3bcc55feae49aa6b61f1609f3ee84043a8746df888ae46883e
0xd2a99b04fb7dc6152843f215dbe1d1d83ab31a4d,0x787b7e85f62a629072a5fad2c023bf917389f11e,52304084,1791397515,0x9009eecf3814c5f315dff6cb1943af9d2ae409e3e00a617c491fbd2d782dfc20
0x1451667042b77bba8a3cd6f3a7c6a29404cbc06f,0x787b7e85f62a629072a5fad2c023bf917389f11e,52304085,1791397517,0x3bf29b2b742b25490f57a3857235318625d866bf23dd6e807a024326bf216115
0x64c52add65ae74d228bddc411c9eee42f78a2a6a,0xf9e2a6cd36eda0a476edbf0b09abff28f12ceb00,52304087,1791397521,0x7a55f4be1e07b9a4ec9297d6d614d8d38c0ab5b8f199b8ee47eb0b9491ace84a
0x666d29d404a6c4f954d6bafa450f9a67db8ec19a,0x0dca33ffd6e69b47280f50442b5ebc722215ad1c,52304087,1791397521,0x9e3bea359b1a9afc5e5649f3dd3590de9ee4e94543243321e54a1bfde8430381
0x803ae4af81cad7817af1cb1f77aced97324b096c,0xf9e2a6cd36eda0a476edbf0b09abff28f12ceb00,52304089,1791397525,0xf3031468991d65f533eeddd3a0aefd6d65b40ec391ec33b95f295e9135e7202f
0x43d7d86d0b7b529ec422aded9b3385cbe756a1cd,0xea05acba996a9c8906d3028fa3e1a3ad63f42b6a,52304092,1791397531,0xe12d253e068e6ee0b820ac6cba829046ed6216c1a35e228f2500873ca9d6b898
0x651d20be8a41277056fa326c04e5319024da1798,0xf9e2a6cd36eda0a476edbf0b09abff28f12ceb00,52304092,1791397531,0x1e2ccc62e9ea131ebd581a06425d9d2d542bf6fb50029469352ed7b52076e262
0x8dc88a45379bf218ef4bc0c9eac716d6ac1debab,0x0dca33ffd6e69b47280f50442b5ebc722215ad1c,52304092,1791397531,0xf46ca8524585e1c332c74bef928bbe8cd5cd85ae36ec29ab8ded802a94b56043
0x742d4fea319f60be3090d2ddb2aa76f5216cc130,0xea05acba996a9c8906d3028fa3e1a3ad63f42b6a,52304093,1791397533,0xb7251ca4b454c4eae82914f7ec4a5cf9ea57e5e59398ae38d317d6e4c71cb1db
0xe6bdfcf30a9a98b1737854fe6fe61f0037742f78,0x0dca33ffd6e69b47280f50442b5ebc722215ad1c,52304095,1791397537,0x316fa8e0747b87f9c329bd81cac12d0308d26833c4822fc2be949d0bc9e9a4a5
0xf6fe10123e7c414d77c2fc67ac8da66667dfc241,0xf9e2a6cd36eda0a476edbf0b09abff28f12ceb00,52304095,1791397537,0xfc1efdb26bd48e69bf28aa57d39d582eb950bff457bc3742390a9d4c8dbf53d9
0x8191c68397e22bb061bd11da45b26541e413df62,0xc4181fc24a1e787984c3181164636437360e29c5,52304099,1791397545,0xc01f8b02e3c9c120ec4ede9e4bed95020157ad7449bc57d9f3070ae715717582
0x71f866a07f2571fc2fdcbcaaa4cdb08db9e13013,0x0dca33ffd6e69b47280f50442b5ebc722215ad1c,52304100,1791397547,0x4c90d884405379105a51e7ebe764348b6bfc2a77fdfce805088179a9ccebeaa8
0x4d5282944ceece6bcec5c385c6435f441c9432fb,0x5d46202dcc2994ced5a65cb362ad542ef225c572,52304123,1791397593,0x87dad5230cc2568e9dbb2dcf084b4e83d1a8a60ed3b68d0cf6a2cc907247d02e
0xf4a7704de9ce24b967b2a2a042769f45596f75ee,0x5d46202dcc2994ced5a65cb362ad542ef225c572,52304124,1791397595,0xe16d65a96fdcbfed5faac8c85ffe5b48bf0e4fe5751ab8c4fba4a1d86650cd1b
0x9a80d52865b2db47e1245f0af848f5af50950e39,0x0dca33ffd6e69b47280f50442b5ebc722215ad1c,52304126,1791397599,0x53b1f728524b8a27a87de1900e2f0b5629f3c7357a9f13e2184e7995b9cacf90
0xb17e6a5c2a3b51b6c936940a0c6c60718b5dde0e,0x0dca33ffd6e69b47280f50442b5ebc722215ad1c,52304127,1791397601,0x0e4ae2278c6917fc47b3a6d63b33143c41c1bff205b49970de9714385bbba4c8
0x711184ac1af16a7d454a1cca5879ada00f6d46d4,0x0dca33ffd6e69b47280f50442b5ebc722215ad1c,52304132,1791397611,0x24be5edbaedbdddda5cc1338df04a70cc2285d1276267d73b31d0c1e7592d33a
0x5a2e870bad734a36fd368b80021de486c8b3bf5b,0xa3082ba4487ec6d2e64eb413ccc1525d37e71427,52304136,1791397619,0x0511d22d45b8299516ec58e0e398bbc969b51b5649da7b01936946e561a780a8
0x8532e634b2865caafd777221e25a5e64bc790ccc,0x0dca33ffd6e69b47280f50442b5ebc722215ad1c,52304139,1791397625,0xca45787d9e2f091f743162260891c70ef889a77803aeea1ffc7a14141204f44a
0x57ad095a6f8f5260a1659ff5f13821ec466e7e60,0x0dca33ffd6e69b47280f50442b5ebc722215ad1c,52304140,1791397627,0xb6a6fa832323b358c2f94223cf59925ee1a383e3ea03eae0b69ebe4512079198
0xb1f14f90b4a40544548e4184eb9825049ef85a5e,0x0dca33ffd6e69b47280f50442b5ebc722215ad1c,52304144,1791397635,0xf397b400a9a337ad031e72a7fafb9cfab489c7d8142dd4552c8724c5d1fbe0ec
0x20af6b6a5a70d4578ca1ffe7afc8ff81c4ad74c1,0x0dca33ffd6e69b47280f50442b5ebc722215ad1c,52304150,1791397647,0xa5290e50de4a16814ee36fd28b00812a1e199d53b41a0fcb4d4a9a8d32469b0d
0x3a5f15b4218582dfe8f0fd9b90e3cb72db47a7d9,0x0dca33ffd6e69b47280f50442b5ebc722215ad1c,52304151,1791397649,0x71aea71d6251b6cc13cad38383935d5fc4fc58e44d46a3b7fba2da9a2bfd39e3
0x08be36f968595a365f57810609a0be8c2ccff86d,0x0dca33ffd6e69b47280f50442b5ebc722215ad1c,52304155,1791397657,0x14856d6138db20f54ce826f3d40069a2e87da163d06deb976ae780e5cbbe706b
0x5322f94e08f96272a76eaaf6eaaf907c980107f5,0x0dca33ffd6e69b47280f50442b5ebc722215ad1c,52304158,1791397663,0x8ade48507d76ddf1d3a610950823596651e1645c38e21835447ac2006205a9fb
0xfc2b19b07dfbb75e48776e7ced9898f8d5af4312,0x5b9a75eb06e604c03cf50e4450d9eacbeb2c35cc,52304158,1791397663,0xa5649fd214d9ae1c935b0a4072fdb2d618e354be23ea3685a63cd6b6b03ad4f5
0xe862cca63abd7e9f1b656130f04e4b957d2e7aa5,0x0dca33ffd6e69b47280f50442b5ebc722215ad1c,52304162,1791397671,0x1a13d7bb8f18383a457736735b466b01388f31e9f058b2c71fbd7f70da5f098e
0xaa901358b1a3d0e90ad61884a4dec3f993a3e653,0x0dca33ffd6e69b47280f50442b5ebc722215ad1c,52304164,1791397675,0x7a746ef1212d52f9799ee847238d9b3144c09a3bea1ab05b72e6f47732bf3685
0x85ccc2849bf7cbf8613eda4830689d170600fed0,0x0dca33ffd6e69b47280f50442b5ebc722215ad1c,52304167,1791397681,0x650b6fed85e1e37190b52867e73861f9c273ab0f58fbac561dbe784dcb889893
0x5aa091c5c5a869a67b23315fa0b59cbdbc501799,0x0dca33ffd6e69b47280f50442b5ebc722215ad1c,52304172,1791397691,0xf222819baf88174826f4a14d8498489bcf62d9509f4509a1fb00f4ef490ef92f
0x2e8305f8bffe5cc5c163287a34cd187e06a3d16c,0x0dca33ffd6e69b47280f50442b5ebc722215ad1c,52304176,1791397699,0x7a10f76542df87022f9120e7971a551d1e1a3b460191cafa6d823e1d9a92e9b9
0x79a564e26d90197886f03fc21c0a9025f68a1349,0x0dca33ffd6e69b47280f50442b5ebc722215ad1c,52304181,1791397709,0x447e1420d3d329ac0fb066b268920772b55df644b92dc1ce3bf006546a2d2930
0x07bf814e08d66e7c95a892d4fb236d5663ecf052,0x43cc88bfe6f7feb926f107fd54d723ebcf959d79,52304189,1791397725,0xca0c49078e206a014d13940f1e2d8524ef255faa7bc0c6a2e1e5fce8377f3eaa
0x33b48f7122fa6867fcb088980a5e33541adf0081,0x43cc88bfe6f7feb926f107fd54d723ebcf959d79,52304190,1791397727,0x62d78e723f6132a40315d2d18357da77ea1dca513744af599641115b0424cb69
0x2ae5d15b6b65faeecfcd541351810369293b9e66,0x0dca33ffd6e69b47280f50442b5ebc722215ad1c,52304205,1791397757,0xf92213224f75bfebede1970a0ea7656b72c3929c3eff6b4c743dce12ab807c41
0xcc82f9f44e650ec2d9e4e45cd34e678bf2b55f95,0x9bcd8076840378a6edffc97ed824621c48d9104a,52304210,1791397767,0x5669063fd09d27e4e8bd171c6852729417e6f4d102483ae798a19baa3160bfed
0x348f5e58ef0a4d2b727cf64b5d5b629f694bab29,0xb45878846d3a0a8618a2d0e67bb53b2a54ff7ba0,52304228,1791397803,0x9e8098047d7aeb9362aed84122823bbaf1c0428450eebbaccbfa4835e0f37b12
0x1c79adda5fae010812d3ff88c145986bcae3d68d,0x60f273be337b122b6818fc4e0a40a5ce1487aa60,52304234,1791397815,0xdd2086027d9b958bba899fc19efee1e311410c68c429fd8764e6e5023bc8353d
0x940941d944ec14c5ab1ff6a3d212b3a8ee310a31,0x60f273be337b122b6818fc4e0a40a5ce1487aa60,52304234,1791397815,0xe12046f8d4fb23243a51dd5e38dd1e3553cfc50b8dcf5209c8cd0a1e11b51f5d
0xbc5887cfe09f137b99ebd36f8c0a5be4c61eb2a5,0xfa4a5582d01cd8031b1dc8ace3a8c7dfa503e091,52304247,1791397841,0x5b5361434e999fd340d59de6a6b8fe73dffef4d01b951439e3842cce9f14cea8
0x5099b3d720660b66898288ea1864bc4493529c43,0x21c685bc4285a4e1b7555a44296c8cb599b261b7,52304262,1791397871,0x61dd4fbf7260a67ee65e78dc4ad45236061810a31546ec06bf171e79e5a1311c
0x0cd294d1f6f890f58c54a97d012b31e26f33279b,0x21c685bc4285a4e1b7555a44296c8cb599b261b7,52304264,1791397875,0x7eb0228d3feca15a52cb2da16fbf35d96737695932c2bab193bf7d234c2ac9b1
0xccea6cb01b7e80e4c09f5077a29f3322b08f5722,0x7810c4b5c6c8e04a26cadf9de2f03f1b69992859,52304279,1791397905,0xa82a18fb08dc02f2e72b31aa62f5f4be4cc83244bca02230a431c178383eb8c1
0x5a894c837ca6a6407ec1c3808b96303fe66ad802,0x0dca33ffd6e69b47280f50442b5ebc722215ad1c,52304287,1791397921,0x0b61ae67cbb630a97c242ffcd1fb7671642ceef1cd233a80769a5588ca5f0ee1
0xd0dddc08c615cc4e30a7bcf006152223f9c013cd,0x4933a26717de77d71581cebb3f47c4f73f82309f,52304291,1791397929,0xb1e12827d60d264b4730f524cf776d1323ec9ebcf16a4e41d893f8be7c0275d8
0x4b851bdbf64a80bdbc3d6ab0be03be12996f50ea,0x4933a26717de77d71581cebb3f47c4f73f82309f,52304293,1791397933,0xcedbca0d265b02169f1f37978e0f41f70aa82737d5675c87efa7640aeb5c1afb
0x84345ffb480c80e97ecc1c9a745e51cae0a02df2,0x0dca33ffd6e69b47280f50442b5ebc722215ad1c,52304293,1791397933,0xe20115e7057d7fbdfa6ac2dae944bb313977f1b26786a9cadfbbbaa21241f227
0x274fc79b1c19f4092f0b8a94dd04c5ebc58e627b,0x455b85f189e02172800a7b2f47ecb1e811db3bac,52304294,1791397935,0xf5cc72667851579b61a7ca9fcd9042cb127f3f166549a72ce9626ad29e83a1b2
0x55d9051a5022d50bb696c27b8e4b6a04bebc000b,0x4933a26717de77d71581cebb3f47c4f73f82309f,52304296,1791397939,0x65ad09da3e005093ec754661b25634732d155de82d5d236189caa64c1f5741c0
0x9e89ba626f4b57af812e225c91a04bc47742d655,0x455b85f189e02172800a7b2f47ecb1e811db3bac,52304296,1791397939,0xc3dd5fa48e878bf9bf6883f4397f1710de9cf67db8d2872c4b4c95c8d0cc0f38
0xb19dccfed5903b671eec7e317989e236a153f3dd,0xb795d666825f038a3e13fd50d4a64cb827e2b538,52304296,1791397939,0x62be6fc80ba409b7a305c78854e5bc4cc50212b9017707abf4e50b1f9d330238
0xd98bc5414425800a705a6882af04f63c85322f87,0x4933a26717de77d71581cebb3f47c4f73f82309f,52304298,1791397943,0x2966b5f90c2cccd9bd25d8e8cb690804c15f8859ee7918036169e95f90f605db
0x4df8b0658e50680443ce9b428679486378a45b6c,0x4933a26717de77d71581cebb3f47c4f73f82309f,52304301,1791397949,0x60c000173c504087d486848005b80ba41d810cd70e0b1b55e3831be47245a395
0x035b17613b1701a0a3df43e7a1ed3dae46ad1f7c,0xb795d666825f038a3e13fd50d4a64cb827e2b538,52304314,1791397975,0x105b29519ef0c9ce41fda4263c569139f72f53fcce82340dbca58ca928dc0366
0xab4d27323697b171a332e5599efd9aa062d20dea,0xfd3b7391baa5a37025d8451e2809e62abe86c34c,52304314,1791397975,0x737be1ff3ab8cdd642a3aef0a2a9bec50396445d72fbd6eed8a4a0a5edbaa132
0xf56ac7eff65de478e36f94fb2b45f4f203582a75,0xacdbb0fd08b365ba4018d7d3880ac1ff035c3e5b,52304314,1791397975,0x993480a923c0920cad3900a8460a7a6cdfd29aa68330a06d5ee7568fa996f957
0x66487b461407bbbed344ac3307c7df10b4ddb599,0x0362a55097f8f765313e5494569c3be44f8b13a1,52304322,1791397991,0x8a0be2df09a8b8d1f97925797dd1cbead156c159cdbe61058c48bdceea67308c
0x242ffa8c8bceb9a3010c817524a3dac54ed76f23,0x47557c71c057dec45218ce928e85b3aa97984f89,52304323,1791397993,0x41049551aa7dc04b3b7ca6a482237ce295d7669f83df16ea5d6827ae74058081
0x5b398b4299a87f15a2ac044ad5063653a5a0eb97,0x47557c71c057dec45218ce928e85b3aa97984f89,52304325,1791397997,0xc9de68b63cc0d68e96d6a8b3ace48d2578179314bd65c3d22498e31c8760dcff
0xad8acf008201c97f9c25e61be21c10be9acfb64e,0x494c7fdb753c15b69fea2293e1b76567ca94462d,52304331,1791398009,0xf379f7eafc8a7146760fc8adf9816cb58a55c5532642c9415ac45e190cdcca7b
0x74116146aa278eb2779e6f6b80e0725f27113d50,0x084d1b4e30b9af51ff7cea56184210cd07a6a053,52304337,1791398021,0xcfc9960ed5c7a49f3f3401ef4232bcb1ec557878ae0f6b5a55553af481ca871a
0x8c3c349f7007f91f97c8fb7fbe3481eb25b1af62,0x8b226a8014d489dcf9d332af23f2047d5f62f8a7,52304338,1791398023,0x75f3a1f1e4bd09b8cab82cc130cc008b9ee20d7693f9fda5f29153684366d166
0xe8312e9bea5417e186fd1ef1e35e857a92a22ee6,0x62c32e0129585e63b67b164ead03dea5833ef0fd,52304344,1791398035,0x235e775417fa183f531a24c8ca483556e6dbfbf22078ec239e15ee92ab773b33
0x357e40c5b88b968ea4cd0f08ef90f24fba3bd6d6,0x62c32e0129585e63b67b164ead03dea5833ef0fd,52304345,1791398037,0x34eb40ceba864cee5ca3db4eaa68c704f20a59df96047a5df4b0a4acd8cc8d63
0xefd1b25967a6a0773ad8b77f25bdcdc46ef10b35,0xc96942435967aa91a4af9f183887fde64ca20341,52304351,1791398049,0x540f15baf13897300dfdf96ee2e2af1b96bbf65d3698718a2c2d82648fe5fc2f
0x8b9f4cfa2048306eb3d23a336f609f2eb0a37858,0xc96942435967aa91a4af9f183887fde64ca20341,52304352,1791398051,0x53ea769a56197d66c47d73de1f4366f6bfbdee74673695cd876c25b48a23e5ce
0x1d07ed5127f38ba4f139eb4561b26da938c3c647,0xeb10cef20d1723416f6e6cf2839ee66cf36ff0c9,52304355,1791398057,0x6e374597ab2f00866cd221fd43a092f890bb93cd2b12f94900c5ef9bef207a3f
0x64801bf563176e6ce54b8bcc1979756eed7c6a30,0xb60fde021de01a16a07642544f4dbd4687aee9ea,52304355,1791398057,0x92091dc16c246c7faaf75e0079798fa93eb2b8cfabbf4f67b386edd8ef4edd7b
0x8a77a364b177d8b743cdb3a770638c4b21885c0b,0xeb10cef20d1723416f6e6cf2839ee66cf36ff0c9,52304356,1791398059,0xaf8f22d00f65237ce025323dd4f8249026f252bdbe1d0a82a53e0bc31fee38f0
0xba3caf3e10749dfdd182ee68456a4a85601cecbe,0xb60fde021de01a16a07642544f4dbd4687aee9ea,52304357,1791398061,0xb248c1af4fcad152297befa131a997fd215065a363898d686f0fcedff04dd827
0xaf0947d29fe49f2d56fc195acd0c082cf306f3d3,0x0dca33ffd6e69b47280f50442b5ebc722215ad1c,52304363,1791398073,0x26845a4757f85c242e166ee49a18fa7e2dccc596724a261e685124790d9c9715
0x3eb03630b17c086909f80f0477c576a3e8ff5654,0x0dca33ffd6e69b47280f50442b5ebc722215ad1c,52304366,1791398079,0x698356c9aa5221eed11cd8a1514d27bec99ee36b5cd94c4995e22f76ad7692f6
0x11ad73044f7369c761099372cd2c26a601033382,0x084d1b4e30b9af51ff7cea56184210cd07a6a053,52304368,1791398083,0x89ff55acb5915e2d39e8108edb544df8c386649e4d61ca83b5c52c3398cc3e8c
0xd62701d8a4f773910850080dd66f058d3b2799de,0x4933a26717de77d71581cebb3f47c4f73f82309f,52304382,1791398111,0x180d316e716c57696a12436245fff8c8313000d523cd99b53651e63effe88d4a
0x9d0f698d798223d542ce51ff45ab3ff11a3705af,0x4ed89371853dca1bd9ad4f89f167cd31535bbb79,52304384,1791398115,0x1a584d89ac97963b4ffbfc2895b7d91608b6e344c659e314bec8432f868e15cb
0x5917cf017525a8e94ceec7611274a9b4cd10979f,0x4ed89371853dca1bd9ad4f89f167cd31535bbb79,52304385,1791398117,0x8d8155395ea862b0491ea598adc1cf9ae8843a1e776acc590664628eb30f24db
0xeba168536b504ca866b7aa3a58c579365ef61706,0x4933a26717de77d71581cebb3f47c4f73f82309f,52304385,1791398117,0x9041b32ace25da4e2015f3419e3628e3bcf97151809d6472f72dea1d028b00b8
0x29706b97fb1eb1159e3746203e7f90f10e944bad,0x4933a26717de77d71581cebb3f47c4f73f82309f,52304388,1791398123,0x2c4cd00ef9c614db0607b57611fc9418cf515609c1b493af7446877b7762109c
0xc5ba0b3867c4d107949a0a193116e203a0dbb28b,0x4933a26717de77d71581cebb3f47c4f73f82309f,52304391,1791398129,0x5540058d0cc61550bf8b25e2da5edff73ad9aace44449141d9c4503605f01519
0x0b8006bc5afcce296e1ba58df09b0ff43707550b,0x4933a26717de77d71581cebb3f47c4f73f82309f,52304394,1791398135,0x22842556fc97fecda6070405509ab79f4d0373a0e94eda976a5c337801256a15
0x83aaddb4f589df96022e0e10f82f5959c4d17805,0xf70a49fe953daf86c2baa7b6746c93a2772c0b59,52304394,1791398135,0x0fdb1c767aa570650c9abdf57ec3f619aa4e86a695bee169749ab7d586e3f0c5
0x2399aeccbcccc6f3734e54532370f959e2c9add2,0x4933a26717de77d71581cebb3f47c4f73f82309f,52304397,1791398141,0x63683da4de1f34e8b56dd920ca5afebebf5d2cb2bad636b907664a43755b1170
0x720415d916e299d6dd0149d4fca549b87a557129,0x4933a26717de77d71581cebb3f47c4f73f82309f,52304400,1791398147,0x9d105bf9ec0942d3ec99ba8a460eeccf90d5ff87706b1287bedfc3ba2ce55d76
0xced48322ed465d40f334cbdc6c3d7762436cd7a3,0x4933a26717de77d71581cebb3f47c4f73f82309f,52304402,1791398151,0xa641f4198099e552ce0ce0a268f3e412048c62413f8371482319b4760831ab99
0x9549742a8d211d1a08937e0217ae676444e63160,0x2bb802d5142f9de51f8a0a83654a0b8f27589088,52304405,1791398157,0x0c83251a63c9b916190e9103424062a5d7add2d7a0f832a1ecdf0c0d9b1d5748
0xd2d0ceca84c8666d1dcc706c8f217bce9c5e6bc0,0x4933a26717de77d71581cebb3f47c4f73f82309f,52304405,1791398157,0xec020eccb953f02ec183319bb937c50559db2240e06c012fc671fe6adc92805d
0x4d725499d4720fcba2202e08069b7b82c195afb9,0x2bb802d5142f9de51f8a0a83654a0b8f27589088,52304406,1791398159,0x6e490c3e25d377b56aae9303b6eceffee6415d6fbac31ad70bb929165d1846eb
0x8eead2dda523ffb731261cc32e4faa06fdd8d803,0x4933a26717de77d71581cebb3f47c4f73f82309f,52304407,1791398161,0x1af4add2ae0944c6f0abc1393db9f56145ec6a0ee0cf39e541d573b51ffaf346
0xbf81cff1fbaa0bfedce6e19c90bfafb8ad04195f,0x4933a26717de77d71581cebb3f47c4f73f82309f,52304410,1791398167,0xa835bfbf78dc7954e908366627d329707f034aa430d18df674659a72bd21f527
0xd293f3b86bf66054d095f82a671e847c0291e8bd,0x4933a26717de77d71581cebb3f47c4f73f82309f,52304412,1791398171,0x8b38801ce963c1a5c67e0bea18d62662411baece2b5c0e33c7bd14c1996a15b5
0x7f862a3d0b335faf79d9f2ff6ccc48ea4b2e16da,0x4933a26717de77d71581cebb3f47c4f73f82309f,52304415,1791398177,0x5e2e0a6f8f43774ba21bbd0a041ea0b8d53ea35ee3c9e6f0da77f883157191a4
0x6d440fc54e860b0a7fd3472f4d28133b6952ca4a,0x4933a26717de77d71581cebb3f47c4f73f82309f,52304417,1791398181,0x08c6f9a8b214643a2fd05ecf7c1d9db460b5f3bea4f3d2a81d774da1dbdec142
0x39f0bd106e47c70111009992a3203d588ac76e3f,0x4933a26717de77d71581cebb3f47c4f73f82309f,52304420,1791398187,0xf00701b575a14b6379500655b3bb8198d9eae7af7dc5efdeb3e0fea6ca2d5656
0xc393b25489b30cb290762422ce5147525038d1cc,0x4933a26717de77d71581cebb3f47c4f73f82309f,52304422,1791398191,0x9eae23fcfa6c5b4d64bf76740a1a67c23636cd2e5d5e1520227303351a3f5826
0xa7cfffc92cf6f3732e0deff097268f73671648b8,0x4933a26717de77d71581cebb3f47c4f73f82309f,52304425,1791398197,0xc71552988f3f406c741993f89da429af893edc3e177e18eb7dcf6f85899f56d5
0x04611c55dff36e85337ccc1ccc822ed9c2e1ea64,0x4933a26717de77d71581cebb3f47c4f73f82309f,52304427,1791398201,0x2aeda2c661e8045778b8e733bf1dc31b09ba9ec892f9db1b7af08edb2a0de719
0xec234e13aae2a7ae8095be9e9670563d26eec1fe,0xcf652f8fd1399902d43b6d8dfdb459817e5aa1e6,52304429,1791398205,0x394ae2e08c9138a88fd2ac665e9b3eb304e7b72757e6234672c5b652d15decba
0xd08f26d53a17c7318b15d7034e2497463592c4d7,0x4933a26717de77d71581cebb3f47c4f73f82309f,52304430,1791398207,0xba659870b08b47d05b2910836acce84a8f6f5958179194187e34738182daf69d
0x66572f8a6efdb98980a27deb11ca79480c5ff0a7,0x4933a26717de77d71581cebb3f47c4f73f82309f,52304432,1791398211,0xb0ad1cab176e14567e9e04af95618000181d7c380cb6aae4bd4c34dee55172d0
0x707e3d0c9db8d34e5b68d36bd79dce74ab935cd6,0x4933a26717de77d71581cebb3f47c4f73f82309f,52304435,1791398217,0xa774312a548b88930d52a8c1deb7fdee5036280b923e10e213819656334cf794
0x50d5d70e84c9839fd75e668a6c8569991ac0363f,0x4933a26717de77d71581cebb3f47c4f73f82309f,52304437,1791398221,0x9df665d9bf571aa763433fe13d10e603c36e3e2468587e5470ddc40cc8c5a5e0
0x31a3688d80485ade76ae17ec4931de58292851da,0x4933a26717de77d71581cebb3f47c4f73f82309f,52304440,1791398227,0x32d4771160fed18e8ae250c525e4ec1dfd7f8e60cbd74d378b1624bbb31d3067
0xf172514e6569e1fdd9aa90469dde175b8063dc2d,0x0dca33ffd6e69b47280f50442b5ebc722215ad1c,52304441,1791398229,0xe1e2ff3e4454d1ab2a3214d4e98d4ce686d4e73e0b655599ce2f85053b9d4c27
0x76a1859382fdd1f207f1f7a9be35364729bc1f4f,0x4933a26717de77d71581cebb3f47c4f73f82309f,52304442,1791398231,0x8d8ab6e802f8647c7dbd90374c28904f04960be7d2124c2006310ce805557426
0x2644b0a646d7cb99cb31615b06cb41f9e70a6cf6,0x4933a26717de77d71581cebb3f47c4f73f82309f,52304445,1791398237,0xba77cbfff310083eeedc9a93b14e93c616196b81526c50d681c91fb2e70acdd2
0x747b085f274e8127736b940c948bc8b06485f73c,0x0dca33ffd6e69b47280f50442b5ebc722215ad1c,52304445,1791398237,0x8aa03e4bccbbd591aed09480aa3661fba25384d1f9f66ea4efdd2d59e05ac52c
0xd54a61a8d33a4bfa19a6d72db0e5b964eda6784f,0x0dca33ffd6e69b47280f50442b5ebc722215ad1c,52304446,1791398239,0x20fe77fa82d2598831f9bea8174f028d6560fc94dd4036424fb2d6873ad41654
0x01988c9155b2df1b018954fa9658f270d60622eb,0x0dca33ffd6e69b47280f50442b5ebc722215ad1c,52304447,1791398241,0xd1ef10fbb4ccbd8289e635c141aa7aed2ca174521a544f60c54534a4c5f7bbfc
0x72c6e727cb739321a7f9be3b24811dc34583c5fe,0x0dca33ffd6e69b47280f50442b5ebc722215ad1c,52304448,1791398243,0x17d9a28d8e83ba77713a109348b59b965b6b3af542b271ff8e175e0bb67f6151
0x1bb87c163a7c485dfdd6432a611dab625b6b7bc0,0x0dca33ffd6e69b47280f50442b5ebc722215ad1c,52304449,1791398245,0x91d257a045f074d20d21fab4476879433461aa4f297112bab747595bb1eeb30e
0x739f270d06db8b50d16de27565b87193be780bd1,0xfa1f2a9aa816c59bc1bc9344c68a3f260ad817c9,52304450,1791398247,0x6de7665cb5cec95dd09e9513ff5c25821a07e46e4faa0375b6bafa28241994e5
0xabe5daa58dbe45a8b4db60d5d92f638ca19a64c0,0x0dca33ffd6e69b47280f50442b5ebc722215ad1c,52304454,1791398255,0x84c3fd8f0b6b6c2a3108afa505be0ba5d2d67ae648087c9a05439e50a3f2f0ba
0x5ce499d63eb570b4d4bec9416ac275673b54bee8,0x0dca33ffd6e69b47280f50442b5ebc722215ad1c,52304456,1791398259,0x83d3257317b5c3729a4212fcffd516b626eeddccd0729fbb6171d48e79881a08
0x752a9314e0cef54b3914849926ae5369fed3213b,0x0dca33ffd6e69b47280f50442b5ebc722215ad1c,52304469,1791398285,0x3bd8bb6903f8216bceef4dcfa977a0ef3019442816f3c14806edd70ee56ed5d2
0x55140c65df7506c73749e2b462caf2e808839be9,0x6100a1dd29515d163c97a76efc4606cb1c0bcec6,52304477,1791398301,0xa5b8649e21819228a65ac8ea3494bcd65a62f2cff5db82dd2cad149451c56a46
0xec89f11b8dbce1965d9027bfa88038ff55413e27,0x62e2ff0c6ff3fcc49c109bb66a5e39bdd4b2d302,52304482,1791398311,0x1bec6280c84c3a772a69e79ee9c0e546f91df05afdc1733798041feeb2f5c615
0xf7deeee1cfe8daa25ea03a87303a23663ace75d7,0x084d1b4e30b9af51ff7cea56184210cd07a6a053,52304485,1791398317,0x6d8175e2f8621ce423f5340e6ec8622d9a5bb67755ffd1ce95778f18db6de2ce
0x705581000f4869d1f7dbf7fc44671c336fac7551,0x82b588e919f9808197d6171c5acc29e4bd75464c,52304491,1791398329,0x99ae0e4a7ee0bb4dffa20b2a735547d88c390217c4e1dcc545d0d27afe6df068
0xfbdf36bd2927d7bdb35eaf6b7444c6a98191b30e,0x0dca33ffd6e69b47280f50442b5ebc722215ad1c,52304506,1791398359,0xe2994bdc974526f0c2ce037761e1aacf7c19f15fe522d5580cc2939df048ee6b
0x5caa1d66e710f9f41bf245bd180283d8df664430,0xc0ffeefeed8b9d271445cf5d1d24d74d2ca4235e,52304507,1791398361,0x7eb383f92bfa0396cb16acdad271c34038fe771dcb67687c4acfb1335a47a7ea
0xd77784b95825958e33a1f95217aa7f54ed8eb814,0x0dca33ffd6e69b47280f50442b5ebc722215ad1c,52304508,1791398363,0x202f75b78dfd5b483c40b21ecac3280b24cbfa7c4a578bd7109568585722be79
0x57401171276e647d75b10e434470c654dbef2d38,0x0dca33ffd6e69b47280f50442b5ebc722215ad1c,52304525,1791398397,0x8a5898c42dee5b67427c27573dd1c31532ff44f9714601e6f0b61a91b7fd7286
0x1afc0bbbf30551abad2581afd0c1992f4857f47c,0x4efa57af6bfc258de7928b356ac40fab715cab80,52304533,1791398413,0x8e13381eee58aaac1ce178d1a3a7ef1decb5632ea2e5c3f4d6ecab560a710f68
0x6e4070061a56572bc36b65de7acaf3c317dd5f37,0x0dca33ffd6e69b47280f50442b5ebc722215ad1c,52304538,1791398423,0x8a9988262b8d765daae6b7a2ef9f0168f193dd652abe61cb4d39ba3bd4ac4309
0x148fa11ac30423661b47000562566eb585b84dc9,0xc9623515e6be00be03e09f70386872379921f101,52304540,1791398427,0xbb4e99a41b4967b643bac82e7f2e2f097a64e23f77f4827fcb06c8628e8b3e71
0xcddd30e77f0b4541e42e8f6be2d0209b621b3e90,0x137861c459f1373fbbe2031673ab7093dd84d73d,52304541,1791398429,0xdf062daa1eb428235a7c28e6bc8b5c25e2604e6491b779334575ff3e22d8b49a
0x8acdcf8eedd5c3defe450e22c6824c3024c80560,0x0dca33ffd6e69b47280f50442b5ebc722215ad1c,52304543,1791398433,0x28e7a2f1722b2e96dd7f29a79341f3c5441f4aeb6397a753f6143bd1e0b57e1c
0xb6c2e33ccf64927eb42b083b0a1cccf05cabc435,0x316ef433f49605cb6c8dda168dca401139631f53,52304545,1791398437,0xb0549913e49b233df85c1e4640739f02561f6564dc72e057b20c66964dd8f795
0x3514d57287fee2aea22b7ac357d9b0016fbfc9d5,0x0dca33ffd6e69b47280f50442b5ebc722215ad1c,52304546,1791398439,0x61b1f9ba046a7cb0f8bafd82c0819ff88e2ad3807b617bfd9228c97304d65ad2
0x256061b8c839b3af84046e69fb4ad98b34bd5538,0x0dca33ffd6e69b47280f50442b5ebc722215ad1c,52304553,1791398453,0x2756c7abd4488206a341f38682cb0a8faa82b04838fcb4d23eb494e2468b140b
0x1cee890418b4c55b6ca806ac57c1fc470918d06f,0x084d1b4e30b9af51ff7cea56184210cd07a6a053,52304558,1791398463,0xd3907421ab6a51a772319fdca7f7720ae3061459a25c4f62b15b0360d526662e
0x2ccd8fc49f2c7ef48a403cc6aa1bea088431f50e,0x0dca33ffd6e69b47280f50442b5ebc722215ad1c,52304578,1791398503,0x77097ec7f381c406adb1a8bac113dd2bc57d8996faca5b9c206550f184a0455c
0x27c09410edc06501873a8cbec857b5399c96331e,0x0dca33ffd6e69b47280f50442b5ebc722215ad1c,52304591,1791398529,0xcd95fcc754ab984644c50f14e3fba6ad80157de1395f2541de89b46327417054
0xb0e64c2a197946ef2176a8ab11b513b07ebbfec3,0x3037dec734f17086db55b24a49faa40cbd073367,52304596,1791398539,0x5e7049b81f9054192f9676a5a5a5ee53f9fcb57e249d4eff245f671fda6e657f
0x0889d1ba57c3a514e4eaf335bcb2bf46ef2ccb8f,0x3037dec734f17086db55b24a49faa40cbd073367,52304597,1791398541,0x467421fdb22c8ec62a341b38153010fa0adbe1bef7338830cd908fa0ee69cfb4
0xc9e29933f8a7757c0be116030a1844cc41e296a3,0x0dca33ffd6e69b47280f50442b5ebc722215ad1c,52304602,1791398551,0x3e610398d21b8e91f663693235c43ac8be8093aec6b7172f3f68faf8947ebeaf
0xba82d2c93f9935ea5a8fd34449717eecefa31373,0x7a0030716946b2a8f1db5e3e44a068636325d157,52304603,1791398553,0xc8d2cf1a38c409dece18dc39180322a10d775a6dc572752e04b293f06a14b239
0x976ac04960bd8556a9e16978113cfdeafcb352b9,0xd3b50a7d34a529b7c13d23c376fa8d7a622c5150,52304613,1791398573,0x3144214ad1a5e56bbc5c74f103db3a40a3e5f2f0ac753101ec8ae9ed31f64b2c
0x1c4b14768c1f8e19900846faebbad44bb13ecc10,0x0dca33ffd6e69b47280f50442b5ebc722215ad1c,52304616,1791398579,0x9f5aaf2cd7ab0364ae9e71f5b9a7e52bcf7031c95b4093e1f08ef402fa6beaea
0xf8c8069fbb490fd23fce62fba0eb14a8246e0637,0x0dca33ffd6e69b47280f50442b5ebc722215ad1c,52304620,1791398587,0x0389e2dcaa5d86054dd6dad3dce71d6fa4a9e3d54773fb41ae91c0a6e788e778
0x95edf1f0af591e25582c57dde7ecf0aa6a35c75f,0x0dca33ffd6e69b47280f50442b5ebc722215ad1c,52304621,1791398589,0x5d19e665a902ddd9e34b9a38135d3fa4ef7e969c7892e3cd67c4b7184c2b7e4f
0x1e835ac61ecf426230bd5f3893d0e2da077c784e,0x0dca33ffd6e69b47280f50442b5ebc722215ad1c,52304622,1791398591,0xbcaae2c666cfe32bc1d1bdde9a283b7435fb51463d17cfcc3cd3c5f62f639443
0x0f79532138be9a13bce080f8eee6f1bf81b396c3,0x0dca33ffd6e69b47280f50442b5ebc722215ad1c,52304623,1791398593,0x92008c01b6cc03fe146d2a4b2ce5feb1ac2754ed5d817afde0114152e98a89a5
0x38f3ccf8fb5f2d6c251d293f2b40243afde2b7cd,0x0dca33ffd6e69b47280f50442b5ebc722215ad1c,52304624,1791398595,0x1b35e9fffb89de617a8ad63fbadbb0f044c3d2f4630137ba60610bec0d0274c6
0x00ae716490a3f903f1c5dc42f914e6e4170028dc,0x9bcd8076840378a6edffc97ed824621c48d9104a,52304626,1791398599,0x52df0e7fdbfa80b8b28ccad33fee075ea8aba3504741d1cb87e1674255372c51
0x18cde5c771215c14fd09970aa98f1e226ca99b4a,0x084d1b4e30b9af51ff7cea56184210cd07a6a053,52304626,1791398599,0xbddad1c59f8e7e8ddae793307adf7b3762e2e9d3d1dd99ae1d7341540713f0c6
0x756dc3e5fafe7aa12e7cb3d74314ae73ae2c8735,0xd3b50a7d34a529b7c13d23c376fa8d7a622c5150,52304631,1791398609,0xa35fc1b8bebdb6dbf6cff5029dd389e9fb3b4cab5f56b4b565b2810f9b7643ce
0xca7c3602d2e5584fb7abbb63022dd03679a02435,0x66b8419d425f27fe8ff1460aff5dc930045e148a,52304652,1791398651,0x24f33309a41929ea67b48bcd64e1544cbb541dc37e2748cb707f4f7e273b128b
0xf2fa7c99734d50eb59b00e92898ddbe671e5367f,0x9bd22ed3a22e8a5c96b390a5bd806ff04be75566,52304706,1791398759,0xf21d3112788010c85479614e825cc58b6917a04d418d72a0e2399c53d2528df1
0xfa0746f050236c2fafac1ef66c00d24f2a904cba,0x92ed9f174eb3bc58b092b58da80130e494113c91,52304709,1791398765,0xf1f4677bf01ac31f6890861ca15ec64abe39de1ee7c0b1811875a01619c37f47
0x45752bbb08a4e12972d2c5e2070092da8fb1a859,0x92ed9f174eb3bc58b092b58da80130e494113c91,52304710,1791398767,0x5c1e10f1d1a5c492cc38aa6031fb89de7c54c061704bebf0bb0fa4b2e624f0e2
0x05e5120065bc5ea3ae98a2b56974fef368e815c2,0xf3f383ae98bc7f09479795986e139501a89b20e9,52304716,1791398779,0x35a14324e6270e4af2ff1c0c64e175eaf7e0c4abbc6fb6665cf3886b861071ae
0x11f969781c40a404dd92f7d5e67befaa71cbf70e,0x28e08bdd843027cfdc07090d3095bed7700ae655,52304717,1791398781,0xde44331a9285524f4ab35bee5772eee321a5c03fe5409c497d0c0ef1d5ff1b00
0xbb0777ad68ad0c04a654271d28db0b62e6fe5b52,0xf3f383ae98bc7f09479795986e139501a89b20e9,52304717,1791398781,0x9f421ad689a6ce38de4f64a03311f3ee1745c7cdc95c8781b73ac3aa6e74b6f9
0xf41622230b16b0ccb6009f5c604606cfa05e53d1,0x28e08bdd843027cfdc07090d3095bed7700ae655,52304718,1791398783,0x979ec325799b5c3f8ef0795228c7450d197f6205c73753ad0173c02e8ddeb687
0x03ce9d78ce25e9271f70cf91c6d02edc6fe45a32,0xcec9d26a34140dd328e6a3f4e0564c4d7958d66b,52304733,1791398813,0x868719888ce21ae536d0e011e3b66b72f4276296b1dfa750254d1d34dc8f92c7
0xb5cbade745980dd6a90d5020b86f99b2ed6a5f27,0x1bb479b1277cc6386e456c8ea00da8069f955def,52304736,1791398819,0xb5af1d1eafdd953bacc8448b8bc9c057748acd985916020ff48f7afc484782db
0x94f7f7db34d0719d47b381ad8e47176ac193aa44,0x0dca33ffd6e69b47280f50442b5ebc722215ad1c,52304738,1791398823,0xf14e485aeda70c7ba3c4e3e0c4ef83f4e6646929401fec07646768444720d61f
0x0286b7975ad7933151d52ef8d4846c1df48dcb44,0x0dca33ffd6e69b47280f50442b5ebc722215ad1c,52304745,1791398837,0x4f9c6d722a0d784f4470229cd740c429e96dada58ee8a61cff331d37cd91b3cc
0x04e50f8387367467535fd9e784caa95834d3cc8e,0x084d1b4e30b9af51ff7cea56184210cd07a6a053,52304745,1791398837,0x777e8442323e77f1907a34172f0a5cc5ba43fe11f9253b8b278cb1c670b3b0fa
0x2de1cfc91fd70253f25f99dd92e461fef20ba6b4,0x84090bcb25a6d6b0318cdb183a0d15f637229fc1,52304747,1791398841,0xe7c4ff6b75da7fcf721e347acaf8a0d036e3e4dbd4068f871ada9f2b4e7b511a
0xcead7a10c3e71ee78bf7a2eaf008b1e1180d614b,0xccbafc6ad40ab3624915c4d766e6577ea3b2caf4,52304748,1791398843,0xe0eb1db0fb127ba4d0f24a622d96d7e4999626ebdd602af8009bacc6b40ad2e1
0x8dea0db3c2b65470ca5c3ec1c2e089abe937b99e,0x0dca33ffd6e69b47280f50442b5ebc722215ad1c,52304749,1791398845,0xc230dad0ad676a09896e6748944f24e6abda39e969facb37b6a125c5f402233b
0xd01df0da76b74043fc955e9a45f229b7d055d268,0x0dca33ffd6e69b47280f50442b5ebc722215ad1c,52304750,1791398847,0xcbadb573e4e8d143bbb136a5d872e451a20974bf57ec519f0977290009ed4d9d
0x722612c9f504a433866b33d9e001b69e27ffe24a,0x0dca33ffd6e69b47280f50442b5ebc722215ad1c,52304751,1791398849,0x53f303814d667c7fa46f1b37f4d8ccb969e7c8f5ba323974792bbb1de605afe8
0xe8ff3bdd252203204789b1c6f8851d8bc40cd72a,0xb6b2443586772da67c5a6194e07e23ef163e5652,52304751,1791398849,0xb0eea9336544ce2fc145c52d81c64bb63f3234ab7b6bba99f7a7f713f7259d83
0x4c13c0127399f095a6542383ed39f2a66767d95d,0x0dca33ffd6e69b47280f50442b5ebc722215ad1c,52304752,1791398851,0x765c2a0a23ae28328453e1e5797968bd5a99b6a1664f945256489f6c3f906285
0x671049a36c448a2488d3f20948c53f24751170c6,0x0dca33ffd6e69b47280f50442b5ebc722215ad1c,52304753,1791398853,0x8562e3ac420d5b1b20cabb391e00338e837dbd783b10ab7d2d3839d2fc20e516
0xd6d81b8ac6296b392fcf864d441003b7c14d7dcc,0xd9c84baecb34039b57d806e876d38db02809e9b7,52304758,1791398863,0x1e5dc5ab71e90f68100cd6c5434059c0511b5d47591d9a64708021d910551a5e
0xac283565a47c1ad189c583ac881b5c73b9143e22,0x798b0479dac2afa7784e9c0ecd5a6ff025c64395,52304762,1791398871,0x730a0a233ca1b46c51d3d521cc48d0aa9460745ba9c5c9efbba9a123465d164b
0xa995ba4d26544ad4a852aa135c7fb8181abfd632,0x5f07c2b9c2a71bb61de4df92bef6cee97257fc23,52304782,1791398911,0xf3277ef602aec76363e360ef3e0a1e48828f8da1e79922b207c5654eb29bd1f7
0xb551dc8451ced4d9b3d805b5f4914e5ee17ae87f,0xbfda53e309cb0c1475e26a4f777f7737ae862743,52304798,1791398943,0x9fe92a364675f00bf5f0dcd341557515013175bfbb540eefd225191677c33486
0x75a013c4976fa0873e7907606e5cbb0eab1f77d3,0x0dca33ffd6e69b47280f50442b5ebc722215ad1c,52304815,1791398977,0x17190a79d1de6d320201184f0c767cb9536eaaf339e8866ae3825906b6b19f6a
0xb0e1a0f933dfdaeb8272c6d984c9ec6974269470,0x0dca33ffd6e69b47280f50442b5ebc722215ad1c,52304817,1791398981,0xd59de3e350a279de7c9b97faca1596d6144af0058e0aebbc39d0b41d1042e649
0xb7e08abd260f58eed3e884df2cf209212b081b5b,0xbfda53e309cb0c1475e26a4f777f7737ae862743,52304830,1791399007,0x38f85b3840dfd5c6b3800d74b3103f4d645546cabda8ca40364551b941c20adc
0x3f6ee4c65d70492dd69c2419e35aa80af3d24831,0x3b92acd436d6c19fc91665ed91f11771b23f852b,52304834,1791399015,0xedc843869c141b26102df58a41ced70145e4a5e25b80c188565316df8a9d2dab
0xb640e38e68c89f5465390540a7c385b516166b44,0x4d3d8b273e8130f2273ce82ccfb67b771d895e8c,52304843,1791399033,0xbbb863a040d99882da1614730f3e38de8d4106d49057c37cc56f5f672f1a010f
0x305eef9c0d1375c7f545b212b682cb23d2f99607,0x154a3a28a5e72d9f5313af380e708098af69ec4c,52304849,1791399045,0x2866b26bfa13184ca0d6a70d2b454135993b66bbce83bd97109e0dc061f0befb
0x926ec9293c673beefc4095cfd43e3cd7f1087d46,0x503fe71d00412ac5f61d1146bdd6659a3a2a94c6,52304862,1791399071,0xd918a0dc1d8faaabd9d94c07d8afe7dbc0026ae3a26bdd4e79c9a8bca44ad414
0x48a21d7f2a133251cd77435e4803effe0dcb7365,0x084d1b4e30b9af51ff7cea56184210cd07a6a053,52304890,1791399127,0x05e74dc99b559e233ed06d847be41d9fec97f1f3813f0000789526a2be9d45f8
0x2330ea81ee5cefb06c83040f9fed84792cce77a1,0xe737eaf0ebc75e784a57e46aa235408c05e65dd4,52304896,1791399139,0x80f724399779af7a41c3ac10ca0c8896be868a3c246081372fe78da57b37a037
0xa9114518a544fa8bc095a283ad5c753a1cec1462,0x794317f530fcac3bc375a2f54f0054a90004a4c9,52304902,1791399151,0xd7bf2d97acee7ed109c499517a49dba61d4442faa65da6ee034ca47156d116ad
0x2f01b17ff8e1f3b41398642f8ffb2ddba8193d5d,0x0dca33ffd6e69b47280f50442b5ebc722215ad1c,52304905,1791399157,0x925f38c6b244a9431b3afab54de136f96b39a246aaa0b7ce297e070021127a73
0x08da9dd74ad527a8bc32b81fd86a8f4c96f10947,0x0dca33ffd6e69b47280f50442b5ebc722215ad1c,52304909,1791399165,0xbc906d90a648423ffffbad1b1fcce5cb090498d5edfb69166b40003c98d3c9b2
0x340ca7ef2ce4e8529758bbe6580579bac4e1188a,0xa23569663c95a5064f9d9c9d7861e9b612e46698,52304909,1791399165,0xa750249340a47160632c382aef0adc9271a12d9aecbc4e7a38d1aeb623322df0
0x128c994162d0af009cc34ba3f94ecc6cacd2854e,0x6f49fba852105d8b94dbd63f2c5d94eab64c0429,52304911,1791399169,0x4fdce5a6bdc05de05299561df0135536a14d165294a06d9cdcc3b7881f0c17cf
0x88c07915cbb2c6ae727a88bdb6c4d756c8fcb2d7,0x0dca33ffd6e69b47280f50442b5ebc722215ad1c,52304913,1791399173,0x6106578297b76ca639d5ba902730f426dde9906960f6f66300350e14df97c451
0xa634aeef392af42f1fe2a70dd24b0c25ab345b12,0x0dca33ffd6e69b47280f50442b5ebc722215ad1c,52304914,1791399175,0x23dbf3959503137af14933807cb31e3649b9ca7c5887e5ca968bdcc7d19fdbee
0x7ae4019e5b0147dd06bc221d31b1c4b4709eddd4,0x0dca33ffd6e69b47280f50442b5ebc722215ad1c,52304915,1791399177,0x6d6a1662ebd09a947b26827ac7601180f8ddae0df0216b2583e229ac2303faf4
0x67f8fa979bad1ed1df9635d6236582ba9091c33b,0x0dca33ffd6e69b47280f50442b5ebc722215ad1c,52304916,1791399179,0xeecc613620f91a6c5770831a092d82e01bd146abddb2dfa3adc3338ffc50dce2
0xc84f826ba8166a235653dea6f5b5f1a9b9c4f28f,0x0dca33ffd6e69b47280f50442b5ebc722215ad1c,52304917,1791399181,0x7920693f379a138577719f490312f12f6c0484dbef34cd8465007bd6b89a2e3c
0x279eaf0152c28fc70786264b09dc5e898d4242b1,0xf74b5646fd6c1f1d049bb279c7853da6295dc04c,52304938,1791399223,0x6b39d320d98ee1721b0997e6d1b238e1183105730655e49c9708c5cc6284538b
0xc9bb8ec85eb65570be60a76dd91aefa1e4669a5f,0x1ac588615a24ddf9c3604fb76354d2afa4e78ab0,52304944,1791399235,0xa792750ac09ff440fa03055d0ea666077956af08d9d6f320a82ff24d346d2c12
0x54f6f0dc799fbba54d7d507df7dc159ad943ee12,0xd1760ee526660261ef19791fb21b8f1ed52a86fa,52304947,1791399241,0x807b56ef42f6ed5e2ddee171e33b47898ff1c08bf6e1775556229cfe4ba264ae
0xa920fa19b50f795ab42cc51bc8e7d781c71cee0e,0x0dca33ffd6e69b47280f50442b5ebc722215ad1c,52304958,1791399263,0x882e7105e533601403f5b30eef0054b188dafbb73c31eedf6241e185eb6476e0
0xdb340601866f98d67e5f404a23a2c127002332fd,0x9aad05f6b25d283e1dfeb5e476b8f707dd025e5e,52304962,1791399271,0xcc9f5c97e819c5e6c0f70bc6a4afb52f94aa7227c54e7d74dc78a98f264c97be
0xbb67d8cca56e648db63178bb1c3741964436d82c,0x9aad05f6b25d283e1dfeb5e476b8f707dd025e5e,52304963,1791399273,0x13d3a2ea6250d476456139eab910be41a9a7f9a12d377ac0950809f00aa73e5a
0x88061607dc2317662cacf1a9c162ab5af25c6c91,0x0dca33ffd6e69b47280f50442b5ebc722215ad1c,52304976,1791399299,0x79f36992ab635df0abfd62094f11504c0794aaedf2a345eda6d7ad98cd2c0e70
0xb3271beae8820d080925f7e0f5c9051f4f615a96,0xdcbbaf69d62a0099152541df0dbc7ffba6c16f98,52304979,1791399305,0x955f03c52c8ec516cff3cc28185c1fa1fa21a1d52b58327526ecc64d02a80fa8
0x72672e68b9b9ffefb4f85351831e86770e6c7a52,0xda4a318d29af9577585965ecaf77404d85b13dc5,52304980,1791399307,0x9e9ea7f963bda7d96267043a7ae00c44028ee61bfed41a96c426cf95ac44b1d5
0x55565930cf17c681a241db59d1b996003ad49c34,0x7816142e364cf0357e0b446dcb6b0ae8053ace8d,52304981,1791399309,0x554a4e68c97896723232a087e2d1f717b88facce2df6f166e8b0d1988265c6d0
0xca3c23c9966aa56d97f5d98d8c14c85efa7a008c,0x0dca33ffd6e69b47280f50442b5ebc722215ad1c,52304990,1791399327,0x1c61ad03f4dd8f78df3b4722428f5cf0b1546f6a4f1b127858b0c718dad3d48e
0xf92963405bd45d0a1f38805cb8125393686f3398,0x0dca33ffd6e69b47280f50442b5ebc722215ad1c,52304995,1791399337,0xea02180242cd6dfc43847af258ead08b27ce43f24cbf5ebccf64c27d76c2b496
0x766576403cdf1c4805d5489c0546b4e9e3104dde,0x0dca33ffd6e69b47280f50442b5ebc722215ad1c,52304997,1791399341,0x23ff81b254bb56dc42f430909824f85d6c2e902a4ce6eb789cc990506a049126
0xcceb3ddda9906f5c584543115bb01faf20e21df6,0x0bb80e570f48a8771df8af29c40cdf5d242c8fab,52304999,1791399345,0x9bf574333f2cfa2a215c92f7797e8590e5c381d77f1e1d9737e0af6d6d64913c
0x3e79d509b966dac32dbda3da894f89df8cc30eb6,0x0dca33ffd6e69b47280f50442b5ebc722215ad1c,52305006,1791399359,0x45fea7f185c6f3bccdffb612a2b6240511b32b56ee60fedc4a1fcec3b28858a4
0xed9459d4b2a422ec6a0d5a979c8c28fd85fdf5d2,0x0dca33ffd6e69b47280f50442b5ebc722215ad1c,52305009,1791399365,0xa15a6080655f2ab0eaa866c4685e1c5a3719cb79933d8c1caabf6530a8ad2ac2
0xbcb5f95f311a0db7c3b122c1bde41fd3982bcb0b,0x0dca33ffd6e69b47280f50442b5ebc722215ad1c,52305010,1791399367,0x82b075216e2a9e7dd26c3fcb2c670f0dda0559678eeea6806fe0fb7967a1ec55
0xbe76b95764d4b0654900ef38663cb54798c8a14e,0x0dca33ffd6e69b47280f50442b5ebc722215ad1c,52305011,1791399369,0x16d85236c0d8e80b780b0db08bb6c8e777179bf093a1aabe5e28ef2cd3792599
0x71dcb7b12b465fb7a75121f2ad7200e023b167fa,0x0dca33ffd6e69b47280f50442b5ebc722215ad1c,52305012,1791399371,0x1fb1d0052144e93911347d13b164edc2568bf74c2f857d762df6e178380a4061
0x0e624e7a0beea4143f622be253c76f6a8aba9371,0x578447105e58c54b9711dfe4ecde084443850010,52305026,1791399399,0xf60540b92e45ba294a4c8ffbf16668d91831788ed80d754f22ccc8e528903d43
0xbfe2cbcb449aabdac38e00de905e663f022303c0,0x3c61e829ac1ef175ee2678365b55171997d65da6,52305030,1791399407,0x481881fdf587f7c46b362976ecdb7980c61e5f808703e40f1d66f3c7f6217cbd
0xf8dca412312f2d90f3f19163c82312d09c1f32ab,0x0dca33ffd6e69b47280f50442b5ebc722215ad1c,52305030,1791399407,0x2755c4752737ea84d589fc765f7919481fe61e7b0069e9afbf77e1ee91cbf18f
0x9fed8c1b5e1915909b4886b940cf2f04bb1ef005,0x0dca33ffd6e69b47280f50442b5ebc722215ad1c,52305044,1791399435,0xfad811a27ede2290e9bebcdddc8ec1935cc7720289900d643b3d5cfe99503381
0x9c5783f60b743c674b39f08ad31bf00a76d521c1,0xb6b2443586772da67c5a6194e07e23ef163e5652,52305048,1791399443,0x8997816c50866899c97406b2d8360f3e5f8de8d3382b1d02f86833147686365b
0xb0f4f00544153e4de9c0b7bd1bc30c088d23ce84,0x0dca33ffd6e69b47280f50442b5ebc722215ad1c,52305054,1791399455,0x803c52edfb4b923676116cd8e453ae4eb855155e4f591a11badcece478771e3d
0xcb726dbc60c26b153e5427c69bb37dacb6c66f1d,0x0dca33ffd6e69b47280f50442b5ebc722215ad1c,52305060,1791399467,0x39523999242b9c83be7ec01a939a769e01659f36fa8edff7581fd649a7c0a22e
0x1aa165cc475bf506fd158b0cf76bb06bc3d29692,0x6100a1dd29515d163c97a76efc4606cb1c0bcec6,52305069,1791399485,0x6e363eddedac0e96690aa37eb56d9732ee072a53a36b0575e68a1d6de48eb49f
0x2d2c6db0e03aee355555db65d2a6a3e2e751d3e9,0x0dca33ffd6e69b47280f50442b5ebc722215ad1c,52305072,1791399491,0x7df6ee19babb35e94bc2b7c253d15233cae421b6cd64acc1c3a46923041234a2
0x98c993f21738c13e0d04d8dcfc091d955d6189a7,0x14f2e7aadf75640c23b51bdd696ccf8b72d1fe2e,52305073,1791399493,0xee3ef801a72a57867a658d9789a5d4a5f79b93705cd7d3ceb13c650181bc620d
0x439134c06833554b99e3d0035355e8a09c6d3a06,0x14f2e7aadf75640c23b51bdd696ccf8b72d1fe2e,52305074,1791399495,0x634430139a089bf4fad0e2bac80bfae13b42636bf36930744648b7d605e1e3ee
0x16bf25cfa786a9465433272bb9dbd2112347c5bd,0x0dca33ffd6e69b47280f50442b5ebc722215ad1c,52305077,1791399501,0xf349f956ab1a9b7edf949482591b980fcf660d301394d745894ec0ef266c8b50
0x295003cf4963c75b5108172a4c92486aa815b79f,0x17f889600165cf8e4fc2af0bf76599fba93870e0,52305080,1791399507,0xbaf516df0c14b214a5948a529fbd76069822de19ff1aeb6cafb8970f27b91943
0x9c71b7d92b512521060c1ef91f41cd77b9f52597,0x17f889600165cf8e4fc2af0bf76599fba93870e0,52305081,1791399509,0xca5ac5c84d4b3d802c116e10b2c1745d176bcc458fd8441b429ab65f18346bb1
0xbf5d0d5e70a0d55ee8678c719f9b1ba6a3685dd7,0x0dca33ffd6e69b47280f50442b5ebc722215ad1c,52305081,1791399509,0x6cba1fb4fba9b68718f57f922e79eaabd1de88ea517defcc2e36f23aaba5c7c4
0x359a4156e8079e4bd8ebc8ed95f309dd71d0c698,0x2c227a6b20b3626f06ea1311c1242d5d21450704,52305082,1791399511,0x6bae51e0d257e7c5a1384131810944471366c9cc1e6634f9e6532a58f899c37c
0xf82a8dc080217d936eee68ab3ab798df75ab6caf,0x2c227a6b20b3626f06ea1311c1242d5d21450704,52305083,1791399513,0xf0d76a4588fcd0bdefe072fd55c0493e210f5c265dbec7f830a5cd0b2fe89853
0xe84ba3a6a31dca80d095252f5c8a0a5b02b577b2,0x1470499dd529f05197a4e865f869949e24d01bac,52305084,1791399515,0x58da105af2360d0549b7a6aa6377c262b416f1880e7eb9dcb8d46a0c47cd48a6
0xded0a816b6cd2545d830b3fa9d6600d7742c8f26,0xca8095e1e138215a31c67811aa6be0d73b5c157e,52305086,1791399519,0x3cf67c592ce3e4f3c7b7e954079ae454653fa251392b83dcedf97bf14e85b517
0xd3415670ddba28186dc8ad10051643b1c60ddc3e,0xb21fa1a515374514ed9de76e0bdffaa70865ed41,52305087,1791399521,0xde08bde70a367e90d933d86d673df9219385dcd5d1eb4b42f4743dd4ebf616bd
0xab6b5d0de60a3df28d8cfaca9245535ec6fabd6e,0x612f5c70c3ef73f319ba2e0e66839cea54c50b29,52305088,1791399523,0x263e730a0e4f6a312f47c208ead6c51367dc365ad533deb6d4608ddd36cc6465
0xd1c4cad9e02cfa87a3270e4ccddab83078404bab,0x0dca33ffd6e69b47280f50442b5ebc722215ad1c,52305088,1791399523,0x6ff8a3e54703ac3f5348eac993a6e86902b5c6d845c8d1e4cb07530780694c66
0x8aac25f0a028bfb2923da30e2ad6636e596f56d4,0x0dca33ffd6e69b47280f50442b5ebc722215ad1c,52305094,1791399535,0x5f7ec646b5a1022f750ff7d06f95941d28880604d9baf82867e401c39bbb76f8
0xfd415a4565d20635c68bdf6f55eef7ed085e5f29,0x88ee192c5d19a7090de221d8818fcb53fbc1d492,52305098,1791399543,0x445f9ae2b2f8e53ecd50616bb68e59a0f3bba96c9e26fb6454fab02afb0b1ce9
0x8236ddedff275d24a8b47975ddc8d80e5ed9c2d3,0x0dca33ffd6e69b47280f50442b5ebc722215ad1c,52305100,1791399547,0xff0863933a202d10ecf48e1e7e62216ba05d29bbddfa17f5d5c9c77c58c38946
0x44d3580bcdc4a7a2279fcf901b15a3dcd531bf62,0x0dca33ffd6e69b47280f50442b5ebc722215ad1c,52305109,1791399565,0xb69cf668a9c910ba40caf267309288d54e5a0ace20c37dc219422b61c624b163
0xb6515c769105694d5b4726a716d8eade824166b3,0xc718472c6413c899fefed63caa54ebe52c42d58b,52305119,1791399585,0x3f0ff5b878da7799c352ef880b9700552f8a16ba5057ae117cfaaa4df895ddf1
0xdb74edb3706500e13237b2608399f7f9685b7e8a,0x612f5c70c3ef73f319ba2e0e66839cea54c50b29,52305123,1791399593,0xafc2e31e1df8033c058841e9d9775366dd0580a5f75731fc50659288ee738a75
0x0b212d0d3c45d55fa059fddaecb4ec1fa238ed8f,0x34f41c98898ed0c2f7d004538a7cbde33b35404f,52305138,1791399623,0xb36c58a65535d98554e294a4e423592995700f7304097d2f3b65f4434c0781c4
0xc3694547f84e1df6299b422ecfbd4faf0ad46c25,0xca8095e1e138215a31c67811aa6be0d73b5c157e,52305138,1791399623,0xe37391ac127007fc86090e316b08c5b9023289b4d4e784690438bb9c45b9c9ec
0xb28b3a9460cf2bf89bf12acf95702030a8e12d39,0x494c7fdb753c15b69fea2293e1b76567ca94462d,52305174,1791399695,0x6e264ebb39ee58f4a3c27aa055f2dfa987aafcd166864ed655c3e5da4f606f8f
0xa13cc5b70b89f4e018a07ab83f7d911e4d75e002,0xca8095e1e138215a31c67811aa6be0d73b5c157e,52305186,1791399719,0xc8e5347f25402fdaa93ccc30c200038a17601905bbf4351406e455862396fd86
0xfaecd2905809d5e0b08c3d47454d1c175bca3b86,0x0dca33ffd6e69b47280f50442b5ebc722215ad1c,52305190,1791399727,0x6170752d805b507dc6be872ff4b0374df9e36afdf33e22b2108a717e42205ecd
0x06a33cf34ac2cafb2762d0487701ab86a724e902,0xc4a801a979f2db05c834d1c1ae9149957fdc8051,52305197,1791399741,0xe558cb43aad14a3bc5a8617fb3ae994069bc9a9716fd87c1af99909f44300c7d
0xfc03af674b915220cb1e4ae461a7f331276990c1,0x9322fa3fd3e09fa70f6ded524375e43c8b4ad2e2,52305197,1791399741,0xf4611df212474ba23819b9ef2fcd67f676bcc3f4381aab04420b377db7007899
0x5d2273d2c1acab94172ce8c96b8f5ed74e8c1c1e,0x612f5c70c3ef73f319ba2e0e66839cea54c50b29,52305198,1791399743,0x7101161fa681c99b0b36697aa4d6637e3cc4dd8350ebda153ffb50dc5fac7a49
0x7e50d108f7e26c3416fdb8af9f02568c31d25ae6,0x0dca33ffd6e69b47280f50442b5ebc722215ad1c,52305203,1791399753,0xab129753097ffca49207005f9cc6aa1a354bcadcfb15186d038e49e6fd0bfff0
0x726dfac3a0945e491ca6054d6777fd3644fa3020,0x9e61d07274444f5e78895b0e8ba13c6b8915b28e,52305206,1791399759,0xb0b03fd6ae24f89df68e4adb68df51ef98b2399e6a2a23625c314d53181a341f
0xfeaacc834ea83b2ebdb4062f081d3dfd2623c5f4,0x4152cad81608f70a6b513b272160fafea14744ab,52305234,1791399815,0x1ba15520f2595217dcb9aea5487fc5f19de3595bd3abb3af1dbfd36346e68d31
0xebace3290644753db82bed94d25fc7aecf475848,0x5d81b39164c0634c47c05c72d2d46fc502a831d3,52305241,1791399829,0x574046a5d70c44e08a4d473042a29113b3bf00018addc9f19f25166433e4c877
0x850d8d6b059f9dd29d38d01d3e972d3ef5d27a93,0xd167555c696433f955fbc8c1a8c2c7a4d084a37c,52305259,1791399865,0xc9bc10560dca0d6ca7d8440e647648907d92344e45e5199dcc97bf4960cd2961
0xa893e95453b04ec726b2755ce5d9484a4d108e38,0x0dca33ffd6e69b47280f50442b5ebc722215ad1c,52305266,1791399879,0x761c7ad849a522b8ad1ef17dcdb69a571e2f0b2c46af586e122a576b0985088e
0xfc9d99b42af009eac473e3ba365fa7a38437fc50,0x0dca33ffd6e69b47280f50442b5ebc722215ad1c,52305268,1791399883,0x11bad78918420afe5cc4f56ce15f123c60375ba9fbd964dd5be294c31033d771
0xb8fcacd133f53ad1371937c4188d49ecd47c84a3,0x0dca33ffd6e69b47280f50442b5ebc722215ad1c,52305270,1791399887,0x13b5cbb3f2a313a93873cf0a13873dd2f399f12d6392ee81111970ac31a72b59
0x5e3e0b94afc9f23d76c5792cc2ba1d90ee41c94f,0x48ed94a8ada5990d4033801ab85990df3639e2c8,52305271,1791399889,0x779a037de2b40184ce20627efa5b77e9ca02cdd8a3c1bb12cea78a58ef83fde5
0xc61a19104356ff000f83c78b4438d2907d5cf6e3,0xe2a4a8b9d77080c57799a94ba8edeb2dd6e0ac10,52305271,1791399889,0x597fc9b88ac368b7c56660255ac4a89bc474866d8d390569c772883426ec0f0e
0x20e85c0f6d3cb590f75dbe46e948d6130e2fb9b3,0xe2a4a8b9d77080c57799a94ba8edeb2dd6e0ac10,52305273,1791399893,0x5639e2a7e731ef79b9c92dfc39a24f9a7b037933fba3d92345b9ece61746003f
0x161afbe1af53ed297478fe92744a488cfbeaa816,0x612f5c70c3ef73f319ba2e0e66839cea54c50b29,52305292,1791399931,0x860b5fe8d50ed5413479886ea5699184b7cbeb611d29eec4294f683ffe8673fc
0x5601775a949ec682aeb7ced2be936c059efa0e98,0xea3a54b28fdd497c2861ba0ef3827d4bc324ceae,52305305,1791399957,0x2084d08232f22c15d3d753120f7ad9b0f21182e5cc60d50c9d887ee7c59742b9
0xbd8a895077f0fd30b035568c6bd9c85b351b13bc,0x490632638389f5e29bed11a35b8cc56726bea895,52305307,1791399961,0x4db17d37fd2390c33c3ae966c21577e1c5ea791cedfc251b115ccf9a743ab28b
0x5ecfc372d1e8ddc43c780d47e77a84c6dc0b2a2f,0xea3a54b28fdd497c2861ba0ef3827d4bc324ceae,52305308,1791399963,0xe6240de6a47bf3838adeb5dd278a10ad4bc88f2501a129364f98c746b38445f5
0xedbb396a708ece895ed8f31c40e7fc4bf391a045,0xea3a54b28fdd497c2861ba0ef3827d4bc324ceae,52305311,1791399969,0x928616f2ee30344755d2e1d696f67c66f4212101c62020dca4312359ba587b6b
0xd5ee21a3ee4c9292f8eba8dcc2f6cffd31c1b85a,0xb187ea9a017c56a044cc3bfc1cb343336192d654,52305326,1791399999,0xe60a314280a30cae8d0afb4565a066b119eb3606265771c95f15fb47275a9a5a
0xd75f59fac569a3bc02b2c28a44220511b1cbbeef,0xb7852c6f9757a2d81082c088060345135e7d2d3e,52305326,1791399999,0xdb66e067f998054e0749830f0446ec84a671cdc31a8ebf4ad43c5b1a7af86dd5
0x602ae8c30b5cbb02daae2f72b518d6a7332e9a69,0xb7852c6f9757a2d81082c088060345135e7d2d3e,52305327,1791400001,0x04b3a3f667fee94d0bb4ea746b8202d6e3e865f4a8387e7ba88d46def4497dfe
0x995888e0848f533734ddafd3b870600e148ff699,0x0dca33ffd6e69b47280f50442b5ebc722215ad1c,52305338,1791400023,0x7411908425ec715a0d5cbd19d439e4763e137c1fa5ce1d9994430ac8a396b2ca
0x5bdf74564a80556429d68c492945b276b279a7f3,0x612f5c70c3ef73f319ba2e0e66839cea54c50b29,52305349,1791400045,0xd62a19ed6b2fa16de920d21c83121aa3735010a987a7dd53b688cfea4701567e
0xb04454af4a469deef29becb22bbcec7f38afa5b9,0x0dca33ffd6e69b47280f50442b5ebc722215ad1c,52305356,1791400059,0x4ed1300896ad865cb04a23945fc371b9ea9f024ebe178cca2b70bef46be5da63
0xce584aa6423e1dbfaea3e1044fde20dbb0538555,0x4849321c43b92c99a2f5a73628c6ad68fd242633,52305359,1791400065,0x6ee08d826ad99ca42f6c3e7007a5d4d07b76a60682bba303202c43544dc352ea
0xef54fc705e14446fcba2096678800cc6b627ca9d,0xc6a6fcaccd1774c7c61e575e806f6517211d9f31,52305366,1791400079,0xa4a6e0d2c19dc994366b351865fedd59c0fc5200bb15b23cda9e46aa25d5f6ad
0xe2af320381a9f819a740dc9599d7a0f4373a276d,0x0dca33ffd6e69b47280f50442b5ebc722215ad1c,52305367,1791400081,0x5bcb165af2bc3ef12dc0a9da59b35c5cfadeac76efc2a0f20a948c6967d89c1f
0xfbac27b95bde2760ea0888deee3f96016ea954c4,0x12eb54e31f70971e163a692f6234ecd47419cbe5,52305408,1791400163,0x6c3cb49225c67b00aab4ba92f6ab384cc3d7b936dcd221ad4005dece124f9f50
0x6d106ac0ccbfcedce0e06fd1d82fd09f27a80be0,0x0dca33ffd6e69b47280f50442b5ebc722215ad1c,52305409,1791400165,0x16a26d7b5baec8ffb56f2523d43e259c492c250895e09c0b8959b75bec3ba79f
0x217f3e38bd60d04fe250db595bfcf5430dabc587,0x612f5c70c3ef73f319ba2e0e66839cea54c50b29,52305415,1791400177,0x384bfd553bd3729f94989b4b32da1a87f58197e7de16416e51dfb2df25479f07
0x95c1195cd8c05bcf51275e23321939ee2bebd798,0x9bcd8076840378a6edffc97ed824621c48d9104a,52305422,1791400191,0xe9c085330d1dfe3e3b89296cde2f170377377f4bcbd7ddb965e942d9a553354c
0xe9a501f6607c0a3879624e101eaedbb649714be0,0x0dca33ffd6e69b47280f50442b5ebc722215ad1c,52305427,1791400201,0x6082d492ab0266cfea1a02c30bbd7d653c6a9cfbbbdb46437d54d8e6a8c1a4d9
0xfe7c3863ded1a985c283c19bc9b5268a1c5f833f,0x9d67e2e4a646d6837b4ed7d589faa5b4df593ae7,52305438,1791400223,0xc7b7fd062a0032ce723d2fd1e8db79bdca502e01778f0616174073528252efbb
0xa0480a80830e7e94316e5aa0e4b472dfcfc2c4eb,0x9d67e2e4a646d6837b4ed7d589faa5b4df593ae7,52305439,1791400225,0xf0b53460a1be9593390fb3a8ffbbef57bf9b7c562c682d1981cb5711bb84aed6
0x80933917b251745aa82d98bec84071c26ee2dda4,0x0dca33ffd6e69b47280f50442b5ebc722215ad1c,52305441,1791400229,0xa7c114c68d06ee3d7e56eff3f296ac5156b91c2d48bd7e0c2fc6799a312866fd
0x1a6689da29697de6adbf597218124f8c63749364,0x9e3e36841d21283e464d516c7761c8ea2b1930a6,52305444,1791400235,0x04210ca334e9a8df693c10ac7e278757fdf7cc9ba2887af065682fb82f650fdc
0x4e2abb0e4dcbe3d09c24e676b602c5149a0037d7,0x9e3e36841d21283e464d516c7761c8ea2b1930a6,52305445,1791400237,0x4c8ebeeb807fa5ea1c813c81d34206de8c4f4b0a0e659fc2af72fe783c358068
0x83d011fc3b4fee2dfa2ca36f46c134b66d5d65ee,0x063d9f3b7628603a9c884da822cd191d4726b671,52305447,1791400241,0xc1be973d216bb2dc150c91651b71e5f28ec29b8654270ceb12aadd46e2cc0095
0xe28c427a23524d13578abf09717ea61cbdd2cb70,0x063d9f3b7628603a9c884da822cd191d4726b671,52305447,1791400241,0x8b4f197e8a4aee319d60b19778e95f4666fdbe1804bca35bc2c078885f00b827
0xb394ee797db8f97b1d97d17e35ad01d5f241466d,0x2dfc3e9a17f71a75789acb21e82827744db5b212,52305448,1791400243,0x9775659cfffd8d10ff3245786314674a4d6ef612327e137a99d9e15fe611559b
0xb7ad6aa39045bcca0f662d1134dd61b1ab6fd8b8,0x0dca33ffd6e69b47280f50442b5ebc722215ad1c,52305449,1791400245,0x051483f8ba23ba1a1ba9fb5ac67b66b4bb1362af0a9431b15fcce514c7c26c04
0x671f212fad2ff0783d1d12fb1c1de4aa52a1d629,0x0dca33ffd6e69b47280f50442b5ebc722215ad1c,52305454,1791400255,0x091a38dfd9cf7e2fb0a2e19679e17f3330b3fb0ce762a28254690cefefadc0cd
0x8c078cb2919b291765b9be2ab378e3e57af2f240,0x7dc890cfaac7a6088299c6ca44c141d5742b46df,52305455,1791400257,0x1fb99ed1081b892aa14b25b43a5df64ea76b6daab7b56f0251ab8369744f670c
0xa9fa564ac7c560f9f70ccd4211600030d7f91890,0xa6b9f06b8d454083487e9d26d422260d0d2de159,52305455,1791400257,0x3ec694da4cd9d70491e1b6290bda4a2f81199f9af1e8fe99e8012d78e595f7a7
0xde8bf9d11cd0550e1aa16a3dc89d44dd643388f1,0x0dca33ffd6e69b47280f50442b5ebc722215ad1c,52305458,1791400263,0x9f1438f275aa8bfc2358fa3215a69f2157f37b303dd828d4e98bfb1f3e9125bd
0x2a599c326a0972aa273ec69c9c88bf19a5e6e3c3,0x0dca33ffd6e69b47280f50442b5ebc722215ad1c,52305459,1791400265,0x568e0f3ff4bb05bdb3269a61c8408a6d5c6bd3f119a5e06ab40f4ce4278167b0
0xeaf1704e9fb59a5cd0b95c9c87128ec526bb41f9,0x0dca33ffd6e69b47280f50442b5ebc722215ad1c,52305460,1791400267,0x6c4af0fc70639c7f182b4595b56d7e1e7501ccf59e2de755657306f3f7e10774
0xad6816deeb8a9ae8acdcfcd8fa0cd1fc901a770b,0x0dca33ffd6e69b47280f50442b5ebc722215ad1c,52305461,1791400269,0xa8626a6adfbeb8b5dcbebbf52a1d2cd131e16fe69610537c061f07a1b41ba6b5
0x0f67da51ec5de633500a40831c8cf9f3ec36b1f1,0x0dca33ffd6e69b47280f50442b5ebc722215ad1c,52305462,1791400271,0xbd8df18cc68a54c7a786207007872c9c1fb57799c933a1c1ce178d1e8b5761db
0x6d29c569cf882484b9241d978eb10f454dc67905,0x1ac588615a24ddf9c3604fb76354d2afa4e78ab0,52305467,1791400281,0x64acdde4210efef0278e997dd6bdd0910c25dcaeb74ac3d21d4d5a1ae0c3507e
0xcea062850b38008352c035be77fd3421ad4ad4c6,0x0abefa182fb76d330e45402694c1371609610563,52305468,1791400283,0x34e2ecf18044a3af46ee1098405dcc4c073165e089ea3491514742f9aa5d934f
0xc540dcdff373dc168e03b4db51c9f6d0dea4ad3a,0x0fae8affa5b397e22c526742626f6f01bb70e406,52305475,1791400297,0x1a3f26c161374f1daefedbfa112e61687080b2e9236ee1d92f15cebb744d59b5
0x75598855f91580280b9e88fe87f6cdf721489818,0x0dca33ffd6e69b47280f50442b5ebc722215ad1c,52305482,1791400311,0x95d5b6395c4c096e709fc24266ca3e2ad52a6d05c8350e1a72f7aa60401213f8
0x7487f848cd3454d0494334e7c87071e95444d9d8,0x612f5c70c3ef73f319ba2e0e66839cea54c50b29,52305485,1791400317,0xf7d8b3f9d79073da1a422fed0f34b9b55082bd16c40ffa8e29cb653bf47c6b02
0x8344e72d181eb45f2ac065dc9bbe7eb04bdd49de,0x1ac588615a24ddf9c3604fb76354d2afa4e78ab0,52305493,1791400333,0x868b1a4063b8fce279f92f21298d92a2d9ee1a9e27c000644abadf7d2206efc8
0x05f207e156d12862d4247966fd0dd5f729042e2f,0x0dca33ffd6e69b47280f50442b5ebc722215ad1c,52305496,1791400339,0x1a5434de11284a36888df1ed49942a727265b3ae4e6671f07d020d9b5c1d3a0a
0xa0890cd25c29492dbf90057fbf237f1257aa0f70,0x794317f530fcac3bc375a2f54f0054a90004a4c9,52305503,1791400353,0xcd6d3fedced2afb6a8071cbe0e500beee4af8dcde46494bf45a488a7cbd5036d
0x112a29cf84f47d0cc31d4798086f12886093e7ba,0x0dca33ffd6e69b47280f50442b5ebc722215ad1c,52305506,1791400359,0x43258f933c907b74a7144b4c58d7cca8f0ca44178cb6a5955e048e3f855b5ab1
0x1813535471fc45bf466963b1afe9ad8520254ab2,0x0dca33ffd6e69b47280f50442b5ebc722215ad1c,52305512,1791400371,0x177b1155fc5e2f0e7f3f9e0490518d7a86d7ae45d5dc176b4fee971895094ee6
0x6485e44a1e214629a90ff741cbd81008dd9259a4,0xe720a0b886166f42b4f0d930627fa467e8bdb901,52305513,1791400373,0x7fd0b4f51476b6e346b3016d45c1f0e9623d41508ecc06b36979fbb84d78eb88
0x7aea19b67b1b722f7ed148f610aec3a9a4102755,0xa02aa2cefc5d35a553a2311232f02c665973cc63,52305524,1791400395,0xa10cd0d5edf53d627e56eb8c3fd3d36b6a058a248113af22f33a59f361c269ab
0xa2a6898119f845a8de06a1d8b95553a0370c6eda,0x0dca33ffd6e69b47280f50442b5ebc722215ad1c,52305528,1791400403,0x814562f9309dbc31880444b55c7aaa361a0993d38b146ebb8a9a2591b2276b64
0xa9e8126e32c17aa07c79d2d7dc42b1b8198dc286,0xc54bb2be520e2488ac06b78cfb26e3f0071e9895,52305539,1791400425,0x0656db6bd81b897bcc2968eeb6af9840d16fb7c757a0978f1c6e87bac3e03d41
0x94f6e2c699ab66d7c4f302690335b34f1e9db6e3,0x3b7cc8bf9fcbf6991b627902a27aa76c740c4b54,52305572,1791400491,0x016d022a281ab20dbf3a36bbb42e92d7e89a7dd47c868b574aa87ef82d2cb28f
0x666209b0c2acf636f6aecb3635b1c68ea2596818,0x05ae5fa83da3f26e615f42b2fbda74212bfb46eb,52305590,1791400527,0x54d87e40f5f5906bc8c62afa609b57ef4f6cb3f5dd8c33ca9877f0965cc322bc
0xca62fb51a814b1a04dbd4d6ab4dac364c62a277a,0x0dca33ffd6e69b47280f50442b5ebc722215ad1c,52305593,1791400533,0x6bb47968f88b3bc861cf52b6fa048d7a5b4c7c91691176a46fa1744a71969cd1
0xfe62687b477c87d7dca0c5b4128a86ef89f02d78,0xaf3737ef16edbe6f6d5101d6b675c451a4a78b38,52305602,1791400551,0xb6d81f55e63245c3c16de179076cf8f3b44d3d5a43e55b37833496022068c7bd
0x98bf7adf717b139f30abb0fe9f7a17623c176bed,0x0dca33ffd6e69b47280f50442b5ebc722215ad1c,52305641,1791400629,0xc9bb3836d68481cea6766b26becc2dc6ee684cb0ef91c523b895ac4c33a678eb
0x69a46e1f13bf98e97da76e66cfb3b8f43344abf1,0x0a63aca6993be3393c4873a4e7f5933e7677f44a,52305649,1791400645,0x7759c52ac1e31dd457fea4015b25450650e42420786d69d3bf79f9b99b5242bf
0x507fba2713887d6dfbc40f04ea3a88e622e85478,0x203fedcf9e96b8fe0e033068c34b05b327ff56af,52305652,1791400651,0x41fe212234e11e35deef07d1aeabd61a83909003f2e6f13e0875bc3bddcf0afc
0xc3c6763912c41e2bf90a1248288f92cbfc2e00dc,0x0dca33ffd6e69b47280f50442b5ebc722215ad1c,52305654,1791400655,0xfa2353829c409b7b7ec4a364a476667515e50defb388924e44e666ff25b0119f
0xd9149d770c65b13748e317f02110e30a517264d6,0xb53e3abc3783313586dafb16557954855ff0282c,52305659,1791400665,0x1c07afe734e6c2268bac1f6af686da3f326084b7b203adf81678263f5efaeb1f
0xc6613837831d771cf0cffb705d3e4cb7760876e6,0x600f01e81df50b156d0c42c957a484cc4803c077,52305660,1791400667,0x916c63dd30fded39c954a162914d36886a6734163d6f43a7e11efaa183681b93
0x63e6f487361d245e083081820cf14ef1f0864876,0x79215371bef38203cf25e30f29b2c57a6d93f5dc,52305672,1791400691,0x536e1609c2743e0f8cbb6a4e6ea8426ddfedd5f8dbf1ffc7d03db41c3a80d772
0xd6f691ac2dfc3d3b56460445ced1632d381616f3,0xb53e3abc3783313586dafb16557954855ff0282c,52305686,1791400719,0x75c634285903ca3081436a19d824a3b0734766bfdda5eec4ad2af6473025b314
0xd28c6c84dc3ceedcc07bc6af055b8f544733e2bd,0xd1145ffd66845af335d813d14641b5de808be0e0,52305690,1791400727,0x4549a4b6671e6c203c646fd0d688c21f5f10400fe66c97cf225954faf2bda574
0x92f2ae6e8b8db0988f83552ba5b4c2e72ec3976d,0xc91c097ba0b1285d8d2423c2906e4887adbb6527,52305691,1791400729,0xd21f06a07026b2191dbd411ff0e29494d892804a6dd04d11c4ef159b88109672
0xb63329eccb2b7ad7d05333fd319d39e7432d16aa,0xd1145ffd66845af335d813d14641b5de808be0e0,52305691,1791400729,0xf8e53fadcca39e3f8b9dfe04b9c08cc99f69627d48b16b5717f634de80d2b2d6
0xa9c0c317fc762c92840f8cf24cb5f3ea4107b8a8,0x0dca33ffd6e69b47280f50442b5ebc722215ad1c,52305694,1791400735,0x2d52a30deb8393241bebfa7a59d12aec6f28a77b5bb1bd8703f95da205586964
0x5da69353857f01c588e863d7f6102f9436354ad2,0x0dca33ffd6e69b47280f50442b5ebc722215ad1c,52305698,1791400743,0x469d573fbb5249f7af7fe6a7c00b4cd987183eaf132928340ba0e46bc3a1c771
0x099d2ba340f0886c0d0a3a0ffe681d37caef2d6a,0x0dca33ffd6e69b47280f50442b5ebc722215ad1c,52305699,1791400745,0x2fb3de146d5c0491a6bbd9fa1575915addb840a7ce53f32d7535b0fb99ab61be
0x36a2c58ba14737a49b152276a4b0771ef1543cae,0xe411ccd9c5bf2fc3ecfd6af981a50e6150ba7b7c,52305699,1791400745,0x8fa6cf3f3355a8272dea46b1a69dc572a4c146e3af0d5e233dc7c41c6ceb4f61
0x5c105e2e53c007cdfb7f51d142cb4bec9b0a35ba,0x0dca33ffd6e69b47280f50442b5ebc722215ad1c,52305700,1791400747,0x489fce51367f0198671a2b458330fe3c22d967722ca4cb434523a42385f1555a
0xf17a6016b104c9fd56b47e67eaceeefa241c79d7,0x0dca33ffd6e69b47280f50442b5ebc722215ad1c,52305701,1791400749,0xa5b19a333cd00a7ed226ed07f636ccc04158c6d19f1da635a3763b0db09c0ce2
0xa955cab78a920a4ecaff9157d77636e0827abf0f,0x0dca33ffd6e69b47280f50442b5ebc722215ad1c,52305702,1791400751,0x2b9b1d9ba912b6e4d123bd07ca7016c7ea7676402c5fd6b599009f081ec9f082
0xafcb406e43793cbf6f50677a09b1e02a38ae041b,0x9f7a199f9b0e62af0c594d32ffa423ff6477a50d,52305708,1791400763,0xa961655e3a36fd15262f0ae8bf77920c8fff1b4b6545267c0f34bc77d08a47f2
0x0fa01a92cb6d8ed5269427d657a02d42bad79c82,0x77a2ef7a7481c1301a5f49295a03f3e9e42a2c75,52305717,1791400781,0x39a738f166c497287ecb5a3ae87a0643d723b9e84e0d3b06cf7541b550529508
0xcf0d4e62d754ef8431a9ad5233646d97d9590ce1,0x0dca33ffd6e69b47280f50442b5ebc722215ad1c,52305719,1791400785,0x42147bcf8b3a2f298a287afaeab4d4b7123b75362084269d41f3bf2675db536b
0x86650ee83c2055453c3ce3995cb1c3ee4b43ad52,0x0dca33ffd6e69b47280f50442b5ebc722215ad1c,52305721,1791400789,0x0eeaa6c28b2edcc11f570880fd0599fd9af129872c97953358b4a3b01bb5e90a
0x5bfcc0fd7c8d042e86893b49675bbdd67f317f81,0x0dca33ffd6e69b47280f50442b5ebc722215ad1c,52305723,1791400793,0x12f7763f020db6558d2ea868637c306fa661f147bfbd4bd9698abb7650328932
0xf2efa241ad1091aff5869a94e0871e4fbe8686f4,0x7c5f94c7a8048f490e8213735066163298a68fe4,52305724,1791400795,0x4be6f5cad8bce104c547df2e25df64b2b5a8edef92e51239f7a665d4b19cd1ea
0x7e34f1942b3c1f3615b09d09558101e69e9fe51a,0xb53e3abc3783313586dafb16557954855ff0282c,52305729,1791400805,0x4bd0c4ef7c3e16d770d23336fca9991f7699fb7e55d72bff5cbf1c4dfebce6dc
0x8e20679ec32cadead1df64d82b0060e34f86c9a4,0x0dca33ffd6e69b47280f50442b5ebc722215ad1c,52305789,1791400925,0xfd3df229685d740445bcecd59680054ede174f2fc7b4d3bebc72c6c21b40371c
0x38320dfe59a72d7a1c5e3000e6719dcba8bdb4bd,0xb76dde6a985a338ea14064b687c9ce5d44da6f35,52305792,1791400931,0x6036e1245a0a93bd93bbf6abf3052073aafbeb2386db037dc67b06134320c3bf
0x464d73cb7fbf084fbc46c75beee935f79e2d6693,0xaddb6fd41c0b9add2af115e958ca78c5040df4fd,52305803,1791400953,0xff1bcfcb41f595c6785d39d2dcd633a950ef4ac43728970a662c69cb5b91851b
0xdc8e341ee783ba892dcccf1dc826e5658f433deb,0xaddb6fd41c0b9add2af115e958ca78c5040df4fd,52305804,1791400955,0xf094d0a057a6130f8a4295684afc4b90da26f8a84a65d076770bbcd48956605d
0x892d5b95a81ec831b48c57e017af457cdfdf22be,0xe9a8a3aa3c60c11bc05c8aaf9d40d2d64bfe5e76,52305805,1791400957,0x60a0694aa4227ff86ceb7a6bd852fc36f6b7013201328db59efb2bda6620d93d
0x1a25ff70286628cbebe3bc66b0b956ff66730c9f,0xd0b4207edc508f897b21cb0149028502aef440e7,52305807,1791400961,0x51fb0e92e7a04b318426b19461d50a299f8d0397ee0f8351af35081e6e91b68c
0x46a4f40c703c7da06a20f49632f11088af51a278,0xc64ed25cbc0c21e4d43a28f8514a728a920f8a68,52305808,1791400963,0xee0fb6c9474c5fc99c2af0e72ea05ff5ac432a46e23fb4e3be7506c26626030f
0x829fdd30b974a27fbb071abcdf79ce6cf0529c58,0x0dca33ffd6e69b47280f50442b5ebc722215ad1c,52305808,1791400963,0x490ce9641e707155e85905bbc43de94a51c1ad26783f2d38318eb07479796867
0xa7acfeb9a4aaf934c877e3822e39f8559b4131ce,0x465c4a17b1b6ad403f1d9f7d67805d149982ccf1,52305809,1791400965,0xc0c09bdca25830a1de257469ce4d115b4dba6ebdbf36970e002a4b2ed9c5ca91
0xaab5b033fb53d768eb66dc908b81e729a62a1b78,0xc64ed25cbc0c21e4d43a28f8514a728a920f8a68,52305809,1791400965,0x64c029849bebbe8731c26bda3eaf29bd5ad30dcfa45bbcb7eacab202f2362e69
0x455c23e41e109b49915e3a6478a6a00917d3147d,0x465c4a17b1b6ad403f1d9f7d67805d149982ccf1,52305810,1791400967,0x008b05e0eced1811ebdd157211023c2da1fa8281561a95937152191c94dff18e
0xb038fb38172cbc51ca75ded9cb0b31ba58e20465,0x0dca33ffd6e69b47280f50442b5ebc722215ad1c,52305811,1791400969,0x2011d418c2e9979361e43d50f3a99e7921eccadd5deb321654e44678aad38e17
0x34a8813848a357d6c33a17aebaad11abfc670383,0x7dc890cfaac7a6088299c6ca44c141d5742b46df,52305812,1791400971,0x3be85b791b576948c6e791f9f847a05f8c5d1da8b97085446246bafe85aec968
0x947f38eaf6f4fc2f6bc416dfada3a1252137b136,0x0dca33ffd6e69b47280f50442b5ebc722215ad1c,52305812,1791400971,0x28bdadb21c70cae00d3d7adb2cb2ada40778c1251e95ae9eb7820459aa355522
0xb809dcfd162d21865a0764703e6b994dbd5c6a5c,0x0dca33ffd6e69b47280f50442b5ebc722215ad1c,52305813,1791400973,0x67e29023a53fb53a8ec55d86facf558c2ae2b26ff3fa5ff1ddba98795dba67c8
0x0e955a6bb5d766ad09f387f426058c04467c46b8,0x0dca33ffd6e69b47280f50442b5ebc722215ad1c,52305814,1791400975,0x2ebb07fbd91ffc9ac6aff4def0a2cd798a4e73ed9b52e73927f1d0a087dd95de
0x7bc3b27a82a9b8359a4d6c4f2ea6f15fe82394bb,0x0dca33ffd6e69b47280f50442b5ebc722215ad1c,52305819,1791400985,0xb5906b99a63d2ca61c2f42b767c523c6392ac2fe00015bd1f2f30ab516c46c58
0x7c7e4a0396eda13d293863680e99ed6e29542783,0x4d5a04b7976df905694f0ac78014c90682893e59,52305826,1791400999,0xf17ca656ddcf1204b6be62c65cb7876426d77a3900b6b2227a455b9248c35af6
0xe4c60d8756c391a9b1577c08495158cc273f0524,0x3c6cd948beb9c1e3bf0c49c5255b2e68e5c510a8,52305833,1791401013,0x47b76cac0baa0ffe637eb70e359c396b3f69e30c857922e96e0546310f6558f4
0xb8153f770fca23ec016be391c027da1ce39dd386,0x7dc890cfaac7a6088299c6ca44c141d5742b46df,52305847,1791401041,0x7fd5b35431aca689fb2374aff14dadcefc8c1d1faedce2c322b6463a2bae4bdb
0xb433d7c2f3c97ebcb1c82cb56391b257bc85a994,0x0dca33ffd6e69b47280f50442b5ebc722215ad1c,52305862,1791401071,0x274e1844af9ac1a67b05efa0850cbc25790faf0f9d57ec5f8de12f4f17f8d0db
0x8dc796d29bba41452be954e7f7d9af88450645cb,0x0dca33ffd6e69b47280f50442b5ebc722215ad1c,52305892,1791401131,0x6cd3b8519f56c74e4f024545dcc992bbb70e84dd4f49a64daeba03b30bc73d03
0xe10a48a9c29f196f044dd73eb665d7b144dc25c2,0xf419c12d598b0185449d73e24a3935ad3c57f866,52305896,1791401139,0xba92ac8b9c97329b496d1351b32ed247ff31a79e545eaf2d4c45fcaebf02475f
0xd37ae07ce0003fd25e07fa49d7a3863c8a307460,0x0dca33ffd6e69b47280f50442b5ebc722215ad1c,52305901,1791401149,0xafbbf2f10c0efd3a4f5d82b6a116486842b89efbc34b247eea3699e5cfde2a73
0xb9e260ba1c194fff267124bed9f70f721f4dac7d,0x8eae981ebd9e9238f22093cbf526878eb5a50cb0,52305906,1791401159,0xf7e7cf60cdd80938c908083d5ca927c2ce0434e9bdf861e692fff65edb8f3175
0xd41376edd79781ca55c95a08571b9ed612620d73,0x0dca33ffd6e69b47280f50442b5ebc722215ad1c,52305913,1791401173,0x39572652228b401277cce5611b6641d4e55b596fed7745f95a447c8bb0988ce8
0x9085669cda6d4afdf72d2b469958a1a18345cf4b,0xb53e3abc3783313586dafb16557954855ff0282c,52305917,1791401181,0xbdbb23dd5c248fff9e553672dc52911984cc36fc739de4247cb52aad98036ad8
0x687dcd0c4a667a5407ac5dfb44c214c168a3abe8,0xddf25e9d97697048ba3c54378e1ccf017b4b49f8,52305920,1791401187,0xd86c49fd888fb52dd46072c85bdda3b2beab320841cda9ffc3c057d5a9882a12
0x761ad344661351cec20ddf95c704deb54a2c8002,0x054f163ae494816dcd1e7f72042902d049c799e9,52305920,1791401187,0x4a9158f66092fa122007e043d57e6a3f78a5f6cee30405dd5dc6fe95ea1df203
0xe7171bb6f4e71d21878e6c43d888904dfa857fd5,0xdffd318aa3e9bab662a6f136caaf755701f6b5df,52305921,1791401189,0xb29b0ab98b98f8badaad950221dc57b535b0651f7877c54eed21b6340a36590a
0x5a72ce53d5351380b91ebf791ba4e254d62341c5,0xc99217dc6845d2bca6bcc95745420b5db1eb1c23,52305927,1791401201,0x5133cc38ca780b56cfaa9542839448e2a1a448cd768dc989b4bb9a8ef1373c51
0x3fad6ea56a931c064c01795592478f77cf5dd506,0x0dca33ffd6e69b47280f50442b5ebc722215ad1c,52305928,1791401203,0xd1c13ffe3d8919efd19e7835dae17111a811479f100e75264bcd004e69ededc0
0xea54783c225a120c09aedb5ce43c2be14a34e4cb,0x578447105e58c54b9711dfe4ecde084443850010,52305928,1791401203,0x4f39ea5229a8fa012c3f9302ad2faabf976ad1e8151e341df8ab76b9abecc965
0x635e8782db63dfb57d6abf6ede3d6868f4a80ea3,0x98f030ffd090babd83776f34385a3cea1acb7b27,52305933,1791401213,0xc7373481c9a77c03fe7050902798c900443e2f0210eec44d875ec8379c042fb6
0x7124127e167736d6eb52fda72773e74789ef4b4f,0x578447105e58c54b9711dfe4ecde084443850010,52305934,1791401215,0x762447cc23111c056b34ff3890527306c0fd0614745684c0cca8a341f704aae6
0xdd52959c528bfd663228feade6327badcf3553f0,0x0dca33ffd6e69b47280f50442b5ebc722215ad1c,52305934,1791401215,0x00876e53ed2dfe4e99826a4fcdc1b93a4d37241606f71343c0819fb81df0da01
0x6e958c84c4f212098f8679d75c8e934eb4b95368,0x0dca33ffd6e69b47280f50442b5ebc722215ad1c,52305936,1791401219,0xc2713e8d0adaea6f7b3c6ebff621d90bd047619346119d61bcc24f2bb237b21c
0x4a55726e281cebcb1a52806ca796deaf5a960c17,0x444a2a1e836eff1c33b93f00df0b71143f36014e,52305938,1791401223,0xdadf65f8893dcd519050fa5b4c0184b1e8d00f420d5bcb17f186ffaadbaa47b6
0x71c6847953e1345a8c8a746972db7f087ad0200a,0x0dca33ffd6e69b47280f50442b5ebc722215ad1c,52305942,1791401231,0x41c02e9950728c8c3d191851254126055369e357931efe9d44e9303ef0e9aa6a
0xf98e261bfb75a92d7167da81358f7d23c2729f57,0x0d171e4a7e78d7d1205fb06aeb47d1deebe78889,52305945,1791401237,0x8648abb281a000e3b532f458ed4c7013d9b7bfe5ae6f467e70d864130db30a8f
0x4300752283ef3281ed6d69137847908205d13c4b,0x0dca33ffd6e69b47280f50442b5ebc722215ad1c,52305948,1791401243,0x6d18eb8885a6c9f081142dc1db31d79d2ac9ffc25bfb19b73641c5d5bfe25401
0xd0b57ade3493a503d60d80bd88069c997fb69d1e,0x0dca33ffd6e69b47280f50442b5ebc722215ad1c,52305953,1791401253,0xdff2f8b1e1a27676c421529339558d154c7df93bc1106933398af56d3f67d960
0xa18e5cd1ec7313b524bce54b6f06c19c64a88a29,0x0dca33ffd6e69b47280f50442b5ebc722215ad1c,52305960,1791401267,0x88e5fb92858c34b1e17fa30bbf7ab463ddce347b14fd618e011eaf5156753567
0xf6952b08c2d0e175d81ff459df60e15dcdb52bd3,0x0dca33ffd6e69b47280f50442b5ebc722215ad1c,52305964,1791401275,0xe1351888599dca1dfe5164289038852256cf8e9d61d0912b069b12a6fb608192
0xced1db62472c250fd5c67ca25559af2e3001982d,0x0dca33ffd6e69b47280f50442b5ebc722215ad1c,52305965,1791401277,0x866cea30822b75c7896d99d4cc0eccb36e1b1a9a2d61246a8d92c677d5d9f5dd
0x138c0f1e42300b32058c17b69e12854a4233e554,0x0dca33ffd6e69b47280f50442b5ebc722215ad1c,52305966,1791401279,0xc172a50f89754309406484bba0a02ba6bb93f7ab1d7abb1cb985b2ca6f8b9af5
0xd64696df878a1df95e39d469ed94c88eb8f0a787,0x0dca33ffd6e69b47280f50442b5ebc722215ad1c,52305967,1791401281,0x14fbe65710f7903c0e95bde040f31900c788c7c2242d801742679a32b297c8d6
0x6103283230b7b190a6c700a1fdb035d555352875,0x0dca33ffd6e69b47280f50442b5ebc722215ad1c,52305968,1791401283,0x3085a270c46842df863e6aaaa85f4fc1066dbb7d037af680ac2fc1a71a202991
0x10dc0cec73158bfacebe1ff99df195851dc031b0,0x0dca33ffd6e69b47280f50442b5ebc722215ad1c,52305969,1791401285,0x8e7297a768112d9e9ebd4d2c1c260ad73f430d08598ab80a746c2fdf08304c5e
0x7e15914610d9863c788639b181a5ce4fbc6fe40a,0x09e6a8e3e2da532f88c888fd915bd76ca9212321,52306020,1791401387,0xa087d23cebf2160674b00a48d2d803503bb241419c1120453054e6541dcea245
0x3374260a6a7c0c156df3fcf40647478a409f7336,0x0dca33ffd6e69b47280f50442b5ebc722215ad1c,52306023,1791401393,0x24fc1c668f23c445a2d165a587fd809049fdb7df0b710b90acbcb4f61e43bec7
0x5be458c7ed884a714d83055f3444d35ef6fa3a0b,0x0dca33ffd6e69b47280f50442b5ebc722215ad1c,52306028,1791401403,0x66ef0aa67cbe28d3899735302bf6d7ac383a58c8a59dd0124a161a2b33a78247
0xe5c838f29df4e75f6c05584d350487ccfdd399eb,0x444a2a1e836eff1c33b93f00df0b71143f36014e,52306031,1791401409,0x833f231946325eec8321625f6fe27232a11cffb659e43545df6aed18227a9f47
0xf8e95c63449e5a05453c1a41c0fb5ea093518260,0xc95cdd26631b9938224ba73967ee381c30fb0b5b,52306036,1791401419,0x15f60fbd0ceb0d516121f55d8022019c9dcedb74c28cdc59ee662008a33b2a56
0xf6cd8d55b6fb032a9d67efd2a31fb59441921791,0x0dca33ffd6e69b47280f50442b5ebc722215ad1c,52306037,1791401421,0x6820a01f679e44472f66d813dfbef6334526f8c1ec799a484de9324263e83963
0x0097c93bba5e6976e289a9cc36a67115ceaf3541,0x0dca33ffd6e69b47280f50442b5ebc722215ad1c,52306043,1791401433,0xa23b479608edb4a8e0149d63248e598eb5fbadb576b67193731dee903cd66d9d
0xe0fc7de5a5f710223f78682f0bd9ae70a2088583,0x0dca33ffd6e69b47280f50442b5ebc722215ad1c,52306044,1791401435,0x85c352d58b06908f237de5a2b7cd0a51f63b6c72348c9f002041c3bb8af5f968
0x2a731c946be41904308a910ceacb690b78bc2a30,0x0dca33ffd6e69b47280f50442b5ebc722215ad1c,52306049,1791401445,0x13dcea977ec1aacce5083a7cddb3415cce9999a660a2cb2027edbe93ef81198a
0x8aca6495651c8a0c6ecf0f10145237f8120afc4a,0x0dca33ffd6e69b47280f50442b5ebc722215ad1c,52306054,1791401455,0x933303c0e387cf72a04b8e53ae21b007b2e2d7d23e4f97ad7ca189935b2a22a4
0xe8cf5953fc61820a249d99635aa95b682aae332e,0x85b44eb7246d3ad4b2840c4dcc4ffb9e657d78e9,52306054,1791401455,0xfeb178f573943885cd612369a2999d375f5bb78a9421ad8423f1fe8dc5cde73f
0xe6900b0b7797270f8b549e38b111d1c8913376f6,0x85b44eb7246d3ad4b2840c4dcc4ffb9e657d78e9,52306055,1791401457,0x45d60cdd8a5e0e7f4567c9702050f946b632d451555e8847e136ebfc6135639c
0x697924597d6d96273f2230c676918d5a29e12142,0x0dca33ffd6e69b47280f50442b5ebc722215ad1c,52306059,1791401465,0x718b110e78fb70be4e435b9f47089661d1e56c45692348a0dcc94bcb1fff0a7e
0x1732cb849763bc5531fc65894b51dcee4d5f4eb5,0x4dfefef0634a4800f75a5fb381251e1d6871888d,52306064,1791401475,0x2455e189ddecc0d5f0f980e834df7d715b75e450a4b4fddb186dbeb11e8ccb4b
0xe2235e3d6203da20c190d5f78762c5ceba0dddce,0x76c53cdaf3391d96a8004987e8b075d3c2e2736c,52306067,1791401481,0xcbab12cf25533b4d801109106eab450a4d67d336f7c46f897ea43cbf47613ab7
0x36f9a2e954b3417e30982727035f4aeef1afcdea,0x0dca33ffd6e69b47280f50442b5ebc722215ad1c,52306093,1791401533,0xb732211b8ceffc17ae105b89d4e2e739445cbcab3d5a9ee7eef0386e58789236
0xd59d843258d9e31f8582e3efdd95b11ce1b7c399,0x0dca33ffd6e69b47280f50442b5ebc722215ad1c,52306133,1791401613,0x51e48491aeaec5998d8415746d5fcdbf43b7b2b1987e4f38fa890e678721de81
0x29ee582a3cb5d918c360a34fdf6c21dc9f6458cf,0x0dca33ffd6e69b47280f50442b5ebc722215ad1c,52306145,1791401637,0xaaaf5b6d0d1fb525de39b1a35abdc10e2a3af48dee02522629ac32c20ffb170e
0xec79d1e528f05f1fc0961fad5940cc8665c490bf,0x0dca33ffd6e69b47280f50442b5ebc722215ad1c,52306149,1791401645,0x440aefe6894dbba47888b257b1d8b6e0513f7760da373d7b55543ed3030cd3fe
0x5002034dec29688df89b95989aa296b1de649ddc,0x0dca33ffd6e69b47280f50442b5ebc722215ad1c,52306150,1791401647,0xa7cbe4235f80111d2d3de9b96145a1e65de443a3fe5021f2330dc739c2b6f6fd
0x0c737ef080ddb325d09e3492f9080c32c0a93787,0x0dca33ffd6e69b47280f50442b5ebc722215ad1c,52306151,1791401649,0xc0b00f222933b0e60597df5f16e47c2507b3f1df656c8a744d76ad938656c35b
0x160207cc2455eccbceebb910b53cd8c312dca98c,0x9b688231d1fc7cbee4f8b6436b3b96990c48ea87,52306152,1791401651,0x427b3316cc0b2d5eab59b2e7e4b23937bf2808e146c7ea0e2b69216436c3489a
0xb9e83b2e50985fe35774d3ff16e4a47e1d653988,0x0dca33ffd6e69b47280f50442b5ebc722215ad1c,52306152,1791401651,0x063721c8b255dcf659f18ba7c50085bbf110cf922beddac6e0ee6760bf8783f3
0x12cc2269d98b191bd5390e5ba0d8038f4dd2d356,0x0dca33ffd6e69b47280f50442b5ebc722215ad1c,52306153,1791401653,0xfa5db9096d34048eedd270716f2cbac10f3c36a90bd5f17dadc8a395f4a6a25e
0x767fa8ad6e7440444f1e36e8afde38ea7242b644,0x3fcc888cb62e65919042f01079f9c8de88fda5ae,52306161,1791401669,0x0681873bc8f8f7400b4aa8780e0dbfd5a745e5b25691980c722d16c69b6ccbfa
0x76743a3bee475cbc95421c3c53bb5decfa1e63b1,0x00b20eed81122763a393f11765d821ea0b8d4d5a,52306165,1791401677,0x3b85c1c6a62463e2bca994138eb29c4cea7e5751cd54d6b019e3f495919a19e9
0x1ee5979b274a19c0522f0a9175a554aced9e79a6,0x00b20eed81122763a393f11765d821ea0b8d4d5a,52306166,1791401679,0x9555feb299495c780f95bd2b81f6fa67457e2cb04a1037dd138e65e3676d6f35
0x6b91e1779a07f979bab708bad11fba1f60f14a82,0x4a0c42138c2f2c3f3d3013211be2dfae5b90f0fb,52306167,1791401681,0x0db6ed7d5a42961b384fb0bad9fbbc9e4fd4d275eed82e278c143e7e51b3048e
0x9a8ff1cf71c0b0fa34b2873841ce21c93faada83,0x00b20eed81122763a393f11765d821ea0b8d4d5a,52306167,1791401681,0x530a180933af88655acc8095ac7dce8cde59238cbd2989fb3d83ea28d16be57e
0xea3ef43d56243d580738f9d29bf56d4c65144a4c,0x4a0c42138c2f2c3f3d3013211be2dfae5b90f0fb,52306167,1791401681,0xfae8410086f644fbd16e6c325c121f041b2e9f14ef106a9255ddb9d9d553627e
0xf785452509e5f3cef91431cd9c5691dee74eb2f4,0x00b20eed81122763a393f11765d821ea0b8d4d5a,52306168,1791401683,0x9b358c26732b32fd8b546fbe2819fe941a0c4e3fe7a64210ac213034769d45f9
0xf988e1c166a3f021c1b0089f35e71ce576ff3317,0x00b20eed81122763a393f11765d821ea0b8d4d5a,52306169,1791401685,0x2968bd20256ba39ca2d693cae0f7db7646c69acb0588984c75e7c854a467ab90
0x730820a6427bd252e9326a22f1dc730b37ae0c16,0x00b20eed81122763a393f11765d821ea0b8d4d5a,52306170,1791401687,0x76d9da716c05442683063c1d0cf9978f4a76425c78a317bbab6427c53f8a4834
0x8a33e23d197bf4b380557c2f93dbfcaabff27173,0x0dca33ffd6e69b47280f50442b5ebc722215ad1c,52306171,1791401689,0xa2b15d15fdc84deb7d8f1a3c1a9fe7b03f72fc4253831460ee8652ebf155c5eb
0xaf02e157ce558db4ab76a825c459a2be56bab824,0x00b20eed81122763a393f11765d821ea0b8d4d5a,52306171,1791401689,0x6b8c5f7c28c421f0f60fbe36435d8e85a51f7f31556a80e3c8c4212d55c99b06
0xdbb7bb4efba14b111533e1ad05cab5d495bf31a9,0x00b20eed81122763a393f11765d821ea0b8d4d5a,52306172,1791401691,0xfea8a2105cfcd5f1d3feb6398e2a28e953e69b3bb3bab9b425c1d94b09257588
0x5adbd00140c68dbc07e1f893e196194ef2dd78eb,0x0dca33ffd6e69b47280f50442b5ebc722215ad1c,52306173,1791401693,0x0c92b08d05c75f35e53a1e2204a0efd31eb1ef1c3ee79e92e8558a6d998cd3b4
0xfbaee8efcf99de41529deade705a4cc41b094a92,0xae2e605f776ebcbc5ee66e8f441e9224447141d0,52306174,1791401695,0xbcf5e9834a9f3992208c6a2ed5529a6058950f2d4c9e7c5b0b1b715d00337bbd
0x6f93b9d6b073a70a906c99147a951a1b180d6473,0xae2e605f776ebcbc5ee66e8f441e9224447141d0,52306175,1791401697,0x57120a074f26678db9df74fe69afd694e4f7563f0b937c1aa4048eeca0e2263c
0x72921319f5e91f2dda44761a93b71c2a542bbb93,0x0dca33ffd6e69b47280f50442b5ebc722215ad1c,52306175,1791401697,0x6a95ee299447c951cbc110e28d8070e933d728b4fcdf5cfb3385f1bf6b156549
0x6ce8540c6165a072099c064e0a40eb2b27dab2f8,0x38bcaf7f5075cfb25c73886128e78c92040ebe3d,52306176,1791401699,0xdbe4120e46b5988d9a3c103c59862c3febeedbf5ea7f6874a1605e7eee3c350b
0x870588039abef57898c31db16d59185690d70be1,0x38bcaf7f5075cfb25c73886128e78c92040ebe3d,52306177,1791401701,0x44423918ebcd31a43c665b40b97d22335bb880e5c790041fbdb5053f4a8429a6
0xbe9268179a4ef9b304f177c4eef5a96fa2fee9c1,0xc9623515e6be00be03e09f70386872379921f101,52306190,1791401727,0x0fafe4afac304e51a6afa7b77c7bd29390cc165d515dc5192b26a3dc5f55792d
0x2c6f46e707573c46e4bb132927b3af5701da7f55,0xe17d5edb7b68d8a3bed6bfcbd8b8dd8d39690457,52306197,1791401741,0xd97354cbbeede45fc206171b20c5be8118276d61a8c686493b8c76ff0fe70633
0x02e79196051dfa5797d3e20d09b503f6b47a124c,0x0dca33ffd6e69b47280f50442b5ebc722215ad1c,52306230,1791401807,0xca00862bbca34ce51166d4d900670b8d62bed284042452b5e84747c4e6c89d18
0x9a1125b49afcdd7c535375451ed4bc520a0d09cf,0x9bd22ed3a22e8a5c96b390a5bd806ff04be75566,52306233,1791401813,0x5f71b4e129563245561267adb6b08356c8440ea0a63206997d3be2441f30e0b7
0xdf0e43b614ce7f61776c4d434eb5020331a37041,0x0dca33ffd6e69b47280f50442b5ebc722215ad1c,52306241,1791401829,0xe1b570fecd807df4aac230e8b6457b171236447e4ef3d86ed79537fa88146dde
0xc0b38336b037979118391a49cd59e5f711c6e506,0xad5cef5fecdd5c15b4b3628e216170fbbe022df5,52306262,1791401871,0x4b0109885a7632e6fbed4c32b36ef81a6eed248f226c6074976ee8b4e186abc1
0x9938c07bac614275b53047d01d329f253adeab9e,0x0dca33ffd6e69b47280f50442b5ebc722215ad1c,52306263,1791401873,0xf1c0f31202259f4e0a1bc72316ad3ce690f922bf56df296d73228dad61b1888c
0xc4d8d0e368bdfcc86d3dd8b01fa467fe1a35b799,0x0dca33ffd6e69b47280f50442b5ebc722215ad1c,52306270,1791401887,0x869e19d733379ca4752792b7437397809f3c1edbce397c65b6a42ad315d3f0eb
0x056cf949239b468eeb38d7fa5b5880f6cf962f00,0xbd906be6a971d2db2bcd3d8d5751fe3b9cacddb1,52306281,1791401909,0xf2e030a5637d708934b0fd37032159ccc5abcfb45e6e92e789c587add578e814
0xabd1c1cc67afb9a03804c32ef0a15b558f007fe9,0x007b1b29dc5bc34f66c1c322f0f2277a04c77727,52306281,1791401909,0x67b5c682bddd2b6e86f6ed4b469d71ca2a4bc7e6431c1c892bb1893b60acfabd
0x73e8b4dd6f6168fe2313edce20b08a4f72b2d834,0x0dca33ffd6e69b47280f50442b5ebc722215ad1c,52306292,1791401931,0xbc54b9edd720cfdc48f15da8294fa9431b56107a2338a3f814ce0f60527ad30d
0x380cfac3469f91667e08a9f1f67f28247e7f89d4,0x0dca33ffd6e69b47280f50442b5ebc722215ad1c,52306296,1791401939,0x4a2007cbd903aa56fb3627a15d4bb68c3c63612fbeda69abb16dbb13df37bab0
0xea1101adb0778c6d28af4cba33acdc36a816ebc1,0x0dca33ffd6e69b47280f50442b5ebc722215ad1c,52306297,1791401941,0xe78fe37af9021361336f499d3f228c43b61d072d760cab6cd3886e0707633af6
0x18b002f8409866e4737578cebd490462e412d86b,0x0dca33ffd6e69b47280f50442b5ebc722215ad1c,52306298,1791401943,0x80bdcfd8a511d6467f97b5afca076b00b939f6c0f8ce09ee65ffd4e08eb5f123
0x8845533cdf62f9f30eea65063605cb32387ff8bd,0x0dca33ffd6e69b47280f50442b5ebc722215ad1c,52306299,1791401945,0x9e2f151fc8573d8d64b7d951d0d4074a5e99bb1f19b3a69a043cd743a79cfb2e
0xb992c2679de360273635d2aeeaacd56cd82c8db1,0x9500a640b0dc20ea23a5cd99c7a57adc542aa659,52306307,1791401961,0x186561a6e8a14e6801126bf84592b99288ed3b2b3e85556d0b3e8435859ec1e6
0x31059777f566c05649d183baec18bf9b5db8c9c5,0x0dca33ffd6e69b47280f50442b5ebc722215ad1c,52306314,1791401975,0x27033cb68ffb4f0c15c7f29c087699b40960af0f2614bf549cf283511bbe7c5c
0xa92b160fc4e5d09c0d7d473ae079db770b722c5d,0x29f3c7d2d74f3bf0b730f6e016acad044c7cb9ac,52306316,1791401979,0x54afb525b058b070c8b3181504a536f71f6c8f70fdc04a7ced42b10ace3d1aa0
0xc6336a8e837627744ba877041a005173469097de,0x8978bdf9125f2fe0cb2e586a09944ec4c9f3832a,52306319,1791401985,0xbba626c16fad3fca407d5a7be43fcedc29f4bb06284b4c7eed7f296f92d63699
0xac70fb2afee9f5d87d1ba02dafad648eb084a7be,0x5248a1fb671b343fdcca21b05286e5599118d9e0,52306323,1791401993,0x5445a11399e19e7b353f6df202a747e1b682e0eb2e05e53717af44fce3c470e6
0x410fece767c20ab4d4a33969cedfad8f2b5ec6e8,0x0dca33ffd6e69b47280f50442b5ebc722215ad1c,52306345,1791402037,0x39560856f32f5acecc3f30f20638706501a0ea0ab2ec7db63508fac19e551e56
0xd80f16dc29afd41abc17771d2ad8aac183c0b5d1,0x0dca33ffd6e69b47280f50442b5ebc722215ad1c,52306353,1791402053,0x29c72175d557d5c13d719dcac7537cf39e869d69a914fb3f7a92aeb5a8d03e57
0x4ff735be2640fd04ba5c7343ae828cc1cbefd6cb,0x0dca33ffd6e69b47280f50442b5ebc722215ad1c,52306365,1791402077,0xeddd18cc26e68073d08d99cece4ecd3be3a22d61a4964920fa189eb8942ed016
0x5c422b59457832763457c45ce26f2b980594bac8,0x90df9aee5375e53884d490812814dcf17d7d7148,52306370,1791402087,0x3356ce6ebca862a24e12125ce2b0779bf67da694f106e23b92f075ec5d4a7d0e
0xff30f3ee537290b1a9566d8bb765d61c13bed3c9,0x90df9aee5375e53884d490812814dcf17d7d7148,52306371,1791402089,0x745a1ece1aac4a6961da09a6fc6952a2356db457f24753e77521c6bd061d3e62
0x7db778e0b3e26b0b7437135121f6b8ab38c7c625,0x45b433749b4a6f09772af8dfd412039216d3680a,52306375,1791402097,0x4c3570841b18c537a0405f27097c4139d8dbc0dacf2a2cfe05fc61bdd117c122
0x4053f889c4af1918757390bd6ca32b0b6913878b,0xaebfacf13367ad360d3e464ceb6f6eb31d8803ba,52306380,1791402107,0x47ea299e0ce8dce2eaef84c9f78ea4195731365092323db8cbcb128bc523343f
0xe08f93c3dad3b4a6f9e23f398fbd689597a67337,0x0dca33ffd6e69b47280f50442b5ebc722215ad1c,52306385,1791402117,0xff57226f54d1e95b83b6517f89491ccca666292eed5a51479614e8209177f963
0xb920157d77a9e53550de0f02b1294dee145fdbbe,0x0dca33ffd6e69b47280f50442b5ebc722215ad1c,52306394,1791402135,0x5469fbdec794ca77a962ec705ddd24ecb59ac260eeccf72d5d3adfa68eb9dc01
0x4068a183da51381ae7f5c346d6123f6711cb1d3e,0xa0383aeab8b830248b7bcc7959cacf45386f3ca9,52306410,1791402167,0xc2a09a59781b123a56552061c24abb5b06c35ec214dacdc8f83bc5c9748b587c
0x16ff220e6aae2f1fda7eac440e1ede7f6728e480,0x643b8c0a89fc8122f5b1782f6559841792042367,52306412,1791402171,0x06a1c8d4767dd7d1a8c69787e9fa72e91ab7e9908ea108a738002d21d2670c92
0x2d245cd5bbd910f24e21e7add4397c5364ca5de3,0x45b433749b4a6f09772af8dfd412039216d3680a,52306414,1791402175,0x0e9edade84a0186b419a46742b66ab61b65cca5a76206e1e986453ca81fc6735
0x0f520916accfbe3199ad03ec76eb6b570a828124,0x0dca33ffd6e69b47280f50442b5ebc722215ad1c,52306418,1791402183,0xf283831241698361b490e0484824daf699fb9eb7742d3c39354a49ecd8b22c24
0x2e480f38366535cd4b2eb6039c0073a74ac52186,0x0dca33ffd6e69b47280f50442b5ebc722215ad1c,52306419,1791402185,0xd55ccfbf54b6be9d4b6a6ac64071d4abc8b5b31894f661d0229a35e50553c826
0x8883f25be1df33c549d6fa649ace8af447c1e2ca,0x68257b5861ea50c6a82ce315d6e98951209b233e,52306420,1791402187,0x80846bae100193f6d58829fa36c37bfc8e1d9f0274af09dd978469f6c4618871
0x0643964718537f378dd47b4265d3235c54f74eca,0x68257b5861ea50c6a82ce315d6e98951209b233e,52306421,1791402189,0x4e6e27ec979eed042d18368302d437c26e92c45108f4783c5c317c43c1ebc654
0x18124f1ed87332b331481c9582772c7cc0ca9b91,0x0dca33ffd6e69b47280f50442b5ebc722215ad1c,52306423,1791402193,0x0102e40000b9fa3a890241c263b761b534a3dfe6d5de85bf2bf0d91c009dc112
0x358c0271878215cdf81c54d7a785964af6b5c831,0x0dca33ffd6e69b47280f50442b5ebc722215ad1c,52306427,1791402201,0x8e4782ecb643f7af1eb1010200aa73172411d1d7210d4eae88936651efb0759e
0x37089124a9a9b87b9a89061d9d591697b121203c,0x0dca33ffd6e69b47280f50442b5ebc722215ad1c,52306428,1791402203,0xab80478324a218d213b26f75d72a8c3fe22649f6ef6045358a7937de137f3e3c
0x1d26d39580a67ae02d696a6d7b8461e553c009be,0x0dca33ffd6e69b47280f50442b5ebc722215ad1c,52306429,1791402205,0xe5948eb5f7554959688aba51d69ecb61aa3f418fa0948cb409590193d4af1b3e
0xbbad3efb05863c397560ad40135d15c72175f4cf,0x0dca33ffd6e69b47280f50442b5ebc722215ad1c,52306430,1791402207,0xe80d369b7d5301d2a86d9b2bbe1b9f3465c9ccb5d3b06bb7ba470fbde88d55d6
0x1482d82179851f0cb2a05d0f9cdd7f8c503639f0,0x413163cb7e5c64f7f9f577e57ec671bcb996e4f6,52306434,1791402215,0x078c5310a071f400bb8a3d5d09bd1184c7fff6c2d813f198e3cd69fa1805ea79
0x4dfbe4795478aff14e7aa3b0a7e9f80ba87cd2b5,0x55290167899ec075f341e394d401f9c13092b726,52306435,1791402217,0xf938c5d5d1499a8593481e0f90ec98f324af6556d716a743b4f4b2ba11ca5219
0x03897ea9b0dd497be0f532b66f08ade372cbe6a3,0x5fce7bd59bee608d562d0c43663ebe5ac09e66af,52306439,1791402225,0xbe3615394526f01d6bc3c7d365fb0dd36e5e4f004615af505bb3b0d58c65d601
0x37176d7ce782ca84a5334bc0d2f0888721b9dcd0,0x5fce7bd59bee608d562d0c43663ebe5ac09e66af,52306440,1791402227,0x0978762a1d5d3cf890e1b1aea69fe82fcc5a2944fc463414f10c617d66bfc566
0xe351b9c60ce098f64a36b76b7a8674f4eb5e3a0c,0xdc83453edcd1d8928c5a288d13c55bee2409e425,52306457,1791402261,0xaf59c19e36fcf255a06478bbb16c6c7d22db96dfafb8ec1b02f6a05077f2796b
0xfa98e0d7302d45fe09c965c27b5d1ef02aa1bf8b,0x0dca33ffd6e69b47280f50442b5ebc722215ad1c,52306464,1791402275,0xcacb39dc3ae3468e989d8213c4eb28525c0114dbf7d416b5e0b52099fea07bd7
0xf39da6fd2250bfd22344ad30de63fbe60a6fe4ca,0x0dca33ffd6e69b47280f50442b5ebc722215ad1c,52306468,1791402283,0x693da2d0d64d2cc30ef52a0934332f6ff53231db021c4dd0fc775d1f8c16a6ba
0xa47809e6f836ca2f8e820a56fe55230f4996ef70,0x7e8be64d868b2399850ab4f539c5051d38e14432,52306469,1791402285,0xb4222a86aa9d168b9b96c0d2b46fd80dcf90d72bd1adf92f5f27100328c2bf6c
0xc27501923ea45350311388fe4fdd1d80bf1bb663,0x0dca33ffd6e69b47280f50442b5ebc722215ad1c,52306469,1791402285,0x8cf452e7a318683354cb2ef4354b2d8cade58f990fa7685797ee359115857190
0x10fd825eba10daf25f50d6da60f6e95799fa5beb,0x0df11f6eed8d2cb2fe42fc5e9754199fc93e06c2,52306484,1791402315,0xbac6f81019b57a087bb7c50b1de62a3efeabe5d6f823334e52c13095f6cca831
0xa98e139710390ae7672e0cde438ed48a4397a485,0x0dca33ffd6e69b47280f50442b5ebc722215ad1c,52306490,1791402327,0xde29fad997522844bbaab601de63598e99a6cebea5b2eda5bedd387b58178912
0x8a6f6700e1b6e805752298fc9cc88605bb7ee7ad,0x0dca33ffd6e69b47280f50442b5ebc722215ad1c,52306491,1791402329,0x7bd6d45a7fd8e8dd3dad460a302717ad76b7b189d1918f08ba820fafc718b553
0x923ed012af291b2000ec34177f8212436588bc75,0x1e4e42c19926a2682c2f77590d3da28d06337613,52306494,1791402335,0xe705fc77942690cda52e9fa6e1d8b1aeeb5b1ddebf7a7a21c6ec066d43be550d
0xed8c37764e29367c36a5a93c963877f271792260,0x0dca33ffd6e69b47280f50442b5ebc722215ad1c,52306496,1791402339,0x3ad81d453f2fcef5ced8979e3380a4fad2d411daf55bf55f57b3cde0e18ccd0f
0x9a0dfeeb48b4b84bf0e7994a4ba7e1e9da670c41,0xbf7f60a506ffc1f4b45be32ae5bdbd8d8fb4ea01,52306501,1791402349,0x8eeadcb7776f0e45e60a78c323cbefa37f8ea85f22d58be1a0ba7c113801428d
0x46ff4e3a11962ba28d67b16ff7a957422163e2e1,0x004bab5eb214b0583bc44e6fe35b4364fa882f0b,52306530,1791402407,0xcc823cbb9dff854f4a0cf2d8097d4b2684f806ae41fb27831d444e1ccc0aa137
0xb86b1e9f20ec6808da6774be0319b15763b9d7cc,0xab5a21df7dc96643a42d9b6a001c0e4021c10f79,52306530,1791402407,0xf902b7bccd86b8325847b733216bc9b221b78b3051deeb92cedd10d22267171e
0xedfca7ee6bc4a3d4bba6690bd78efeba27ad9ef6,0xab5a21df7dc96643a42d9b6a001c0e4021c10f79,52306531,1791402409,0xc84e13ddb7f9954a07b084f6d06479eef637392dbe1f8fd1624862074f5f35bf
0xfe3b1c87a609425622a94adeefd76abaf1f2904a,0xa4a4413675d5c03ae86171f8969baba33f3d0047,52306537,1791402421,0x1f993db0aadcec2ea4480aa90290ec37dcee74279faa0a18bc14d6f1eadca447
0xeac240bc769aedae76f3fea0cf2750adb4672f34,0x01c6297b2a915546f1b852aa0c99d409d734525a,52306541,1791402429,0x0c37e48bd4eb1707869550e51bef602ce0a4ba604989ae410342db0655c9fb2c
0xf8da57dde73f705acd5b945c3a32f49c3a475b03,0x01c6297b2a915546f1b852aa0c99d409d734525a,52306542,1791402431,0x7ce5510e1fe3fc8cea153394321c4ae06965fd74dbf729448cec255d4278ad4b
0xca15e40653c93411996c254e68888276581e8cc1,0x0dca33ffd6e69b47280f50442b5ebc722215ad1c,52306544,1791402435,0xd0809df1bf95e44268450f8ddcd5b8f5128e4efaad5bac52e8075118df2ac1c8
0x48c33497833e5a9117e66a207388d49e65fea412,0x97a2046c26f3b6aec3ec6dde8bcdc64c26f5a512,52306552,1791402451,0x87d7e555959523a670c85b13e910b1496543eecdebe5f586aa01084ce6634280
0x24c3b97808868d0362639a16fce2e26b107c48cb,0x9bcd8076840378a6edffc97ed824621c48d9104a,52306569,1791402485,0x140e8cfb57ec07b804b1d93a6861dd7b6fdb6f7b061047a1f76efa742ec9da89
0x8fd776c230ee05ac3cda75e0d49822e9fb5eacee,0xeab2161f541425c9888d94406e1253399000ca46,52306581,1791402509,0xd517e08d1deb43821a8ac2ac610db086a088141ce79dc8ca09c947614071b3fa
0x180304e5cd2794577c835357ee5306e3688ac47a,0x0dca33ffd6e69b47280f50442b5ebc722215ad1c,52306585,1791402517,0x63a113aae0bbb559bc1e9f9d937bdaf5259677166bed92d07bd5ef7e94156c59
0x73e13646dc6e6bff69c96e10bdde2d6c8d51688c,0x0dca33ffd6e69b47280f50442b5ebc722215ad1c,52306592,1791402531,0xe7c8c3ffd07114133175cb8f849c39320438477137c7df5b3a2e4e3d7e675e4b
0x9a60fecde68c20d750384c4e254f545e805688dc,0x0dca33ffd6e69b47280f50442b5ebc722215ad1c,52306596,1791402539,0x45067b00a0de61cd6f437782e1f0489a4db7346d94e21d67356dee01a6efe4c5
0x319a4479bbc301d2a067c255bde8ea643ce924ad,0x0dca33ffd6e69b47280f50442b5ebc722215ad1c,52306597,1791402541,0x1c069ed0d7a0cfd594e0d312029268dd417e5da9b439852fa94b26a35d0957f0
0x2a3bf401920bf5a9c3cce0a663eb6f20c9bbca29,0x0dca33ffd6e69b47280f50442b5ebc722215ad1c,52306598,1791402543,0x11dad4cc85da2099097affd6c3f987692b3216db5552835fb516976f29e078c9
0xa7392a30cee0da7fb560fa94fdce3982e5715705,0x0dca33ffd6e69b47280f50442b5ebc722215ad1c,52306599,1791402545,0x0ac37f369b9ffdb5c20c24d4647d6862036fe2b5e87abfe8091e472c2c6d52f9
0x9232637737821b9abd42af48a78d0eb9b755af08,0x0037451b72d0727d221f8a646583273dad01c0da,52306609,1791402565,0x2a2ad8abdd2c3174844fa06b400b845c5a9ab800671077831f9c187a4335470c
0xda4bac8f3dc2f4f51719ee88052113b84be86a0f,0x2bb8f5dacae02995cc14438c7a9d30cbf8e2533d,52306618,1791402583,0x879902c64ae11f6b5d6e7cc1edd040d040ca9fa99011b00d6ecd53c4f8aa600c
0xf9be1ab2137cd645e46e8768c02e3738bbc4d62c,0x0dca33ffd6e69b47280f50442b5ebc722215ad1c,52306623,1791402593,0x590fc006eda3c08203d8478f8f5701ae9577f961b7868ec4ce4d3289d6acef56
0x899611cc004e653b56093ebfa1130964ca225a72,0x0dca33ffd6e69b47280f50442b5ebc722215ad1c,52306625,1791402597,0x927e5e9f2c3fcf67ee8e72ea46df97d8e90d04aa930c97b08c8c0997f3710cdf
0xc51be3d19c894a5af9ccc204ff75bf7abf3dd71b,0x7b991abd780e81160e1e9bb52c187cedfc707b6f,52306659,1791402665,0x36b813e1c6f6fd8c9d2d3cad67c2881e15274535bf306149ad51ce7a304451f8
0x92f7aeacae8ed6ce5b1d33eed0d6b9965f4b7020,0x43b2f01186fda9814c5f40770554ac68fd8304bd,52306668,1791402683,0xaa0757cbdeb612f28242816c317bc93366ed2a3e597ae5ccfc12211f22160a06
0x81de9e3bc1edd716726503fa6d58faa66616e97e,0xe79ae58c0dac06c4c1a16863f4b022e318bf0e2e,52306670,1791402687,0xdf9f92f587616fd321b20aacd480bd7641eebbfeeb303c8173de399cae0693be
0x075ecc58c6f4b1d7a51c34f96a4541dafa198710,0x43b2f01186fda9814c5f40770554ac68fd8304bd,52306678,1791402703,0x6f56cd46bc8867b4a4119a57a8797d1768fee011fbbaf5779c2f8a2b3485ed90
0x41e4e867ebba880f5388f8b8fb7ca41374b1cbfe,0x0dca33ffd6e69b47280f50442b5ebc722215ad1c,52306681,1791402709,0x6670a0b34a729b4be3795c777d886b989686dd97fc7d6b476bbba96d0fc0a960
0xbc200b2f64178eba44cebf682e32dcd0d866e14f,0x43b2f01186fda9814c5f40770554ac68fd8304bd,52306687,1791402721,0x957611d79751b6ff5cd074bba70b7b112b8f0089faa9a4b2b7fbfefecf7691a4
0x49d4a11f12425fed38530033a0314656c9625b48,0x0dca33ffd6e69b47280f50442b5ebc722215ad1c,52306692,1791402731,0x8ca2dadcde7ff98983e766b73e9c05df63136d17fede39734fdf0396048d1c32
0xfe7dd6a78f2e9660b126146a4640aa3988302a1b,0x2abb3e159bfce7b46f2123cb3fcb3f96fcef3eb3,52306693,1791402733,0x41c5706c87580167d29a6ebadd38a0d3e65744d620dd1309a2ce2ced60fefad7
0xbc7dde9fbc25b25051582cd6f231d8ff9affa2e4,0x572750ff805e33be280b1046a2e5e9707b7d4518,52306696,1791402739,0x4aee293c155d7904ca9c18da8923e56651031a902d5209b4a4d64c2a95170c49
0x6c704b3494fef6732914d1df1794bf302da45c97,0xc9ff1e6f4d986e28041dfa7994392d413e8691c6,52306702,1791402751,0xbb1049be694a14565637b9af0a26b12f7f8740cfb1b0e4d74dbe803e33cb0f0c
0x1392dbbc67040726eade3c269b75c5430d85c7fb,0x0dca33ffd6e69b47280f50442b5ebc722215ad1c,52306708,1791402763,0x85eea0631083ce9bb3a3778a158d98afeb781519aecf543eaf251690ca090c6f
0xa4bd517c4dbcae4e5b2dd15c50531b146f11de7e,0x0dca33ffd6e69b47280f50442b5ebc722215ad1c,52306712,1791402771,0xe0aa53f210218edff22dd7116ebcbdc5d6bd5b02b000fd92eb28a7e92f21459b
0xc68f849194bb9c682d1edda40d317a1123dcc455,0x0dca33ffd6e69b47280f50442b5ebc722215ad1c,52306713,1791402773,0x0d065e9ca8cff99abe9b6592e8b0d2ad3699547533dea623815dd54db14eea02
0x40ccdf205093b47f6350808cdf207e1f71a9ef24,0x0dca33ffd6e69b47280f50442b5ebc722215ad1c,52306714,1791402775,0xd6f4ebb7ac44f4f74545f61f18d3dea6fff45d7efca9e8d936798fd29c5af228
0x6be8a6058abf160b4814feb4966c7cd24f5f604c,0x572750ff805e33be280b1046a2e5e9707b7d4518,52306714,1791402775,0x07609b2fb00a3577fd00fc6accf80966d4c109393cd078fef9a92755a248147b
0x792f6efa3250c4b2f8f131cc578724e67da0dd96,0x0dca33ffd6e69b47280f50442b5ebc722215ad1c,52306715,1791402777,0x573bab2c937f51d6bee60423172a319babbff4a862bf6885196d983df87398a5
0x539b99592817fd43ff4b28cdd7c9f97581d37bfb,0x0dca33ffd6e69b47280f50442b5ebc722215ad1c,52306716,1791402779,0x4faef3e3b0abc6b992489077cc906e63b624aee144a68ba37b29c081358555d5
0x06864d9734f26aff1c068e7ee94df4170ba9782a,0x080dafc7f1fb1d4029698d4ddf2a259879fa1a87,52306721,1791402789,0xdb6449250eb4b448842bddcb5ad5c20e512d6cb963b2e38469ad4b85158ea328
0x0212244f0667d89d989f7450f54996802d668750,0x0dca33ffd6e69b47280f50442b5ebc722215ad1c,52306722,1791402791,0x78fd0e18053f22460507b72874d6a8b00e4f7b004eec569185b37925644d35b9
0xcbbfd3b89a8bca9571619e946d5e2b50fb8506e6,0xb4656b8517c44f5a0d24c49771fa9346ea2f7bbd,52306723,1791402793,0x63ad2687d3c47b29ff9bdaebe679f77d3f33bf39ddafec61f9a7d3a35e9f271e
0x2c01de18f9f697ab059899b4a73d8ed12217cc14,0xdea7a10a1c3220d6c42734b453ee2c7409a70d9f,52306743,1791402833,0x7734ee331608d6ecd3070c99c9dfe78493afe816b0262f830affe1ad5727956f
0xaa1ad9aa0d4baafeecc42be730a6c9a5627cfdfc,0x83378eb64704e73a2e32152041c1b5717b1971bd,52306747,1791402841,0xc9160f9988882f266171b3069739448a841934ae826654963aa1dfa6cfb6e55b
0x1764192d320dddddc627295824e333f6405f18fd,0x83378eb64704e73a2e32152041c1b5717b1971bd,52306751,1791402849,0x169e7f864eadbf786049df7e579536ec5a508b7162b6cc2eed11f3e395be59ad
0xce5af1a05128d61d698b16c6dd5d1e7b04904381,0x88d84a3a6c5adf0b8624329cb06a7bb6597a2c83,52306764,1791402875,0xc0d2dcb6834c5fd96c7d59b17fbbea1bac755d054524c7d0dfc6f26b13aa2d75
0xe88ba102b47ba03b58efaf087074d309d8b65c2d,0x0c108bceb3452ab2619cf828faf848c77d3f74d6,52306789,1791402925,0x72b6389ebd36752f96856a6904dc8c324e865177cfd5907a52bb41cfe2f98dc6
0x9bea03c8da9e41c12a33eef7a12f0e83409a692d,0x0dca33ffd6e69b47280f50442b5ebc722215ad1c,52306796,1791402939,0x8a6a3fe28e09558f2d1e5715116fbcb0f1d46a8a0ec8b0ee02abe32dd0b772ec
0x5b6a5dfd556432ce9a761733345ca4aa12f7ee21,0xfa1da9894907291d491519fd94cf19c39da3d269,52306802,1791402951,0x15afdef6a3ee9889790f54a057738ad19fcd524c150b35770bbdbf2bda44d523
0x25a0b81fed255c06c66ae9c4af98cb3c86cebed2,0xfa1da9894907291d491519fd94cf19c39da3d269,52306803,1791402953,0x92057e3c0db6fbfde2a58bd0c31b37e0ad735d78ee822fbf7bde2e4630b0152f
0xa959454948bcfa1a049aff8205f100424c011e30,0x8686b739a488b03b4cd647ecba6f6445bb86f962,52306803,1791402953,0x96b0daf29aeea7d7059e40c4428f90019385ffc6967f7553c79f3b69f4f3212e
0x13990b4af1315360f6bcdf3f63a14034ccd82862,0x0dca33ffd6e69b47280f50442b5ebc722215ad1c,52306804,1791402955,0x8baeeb882601837f10299874615d3a998a76056ecd0618c58335ef74585c72ea
0x64d65444dfb3f4ac8cdea993e57ce24ae99c126f,0x8686b739a488b03b4cd647ecba6f6445bb86f962,52306804,1791402955,0x89f7ce75afde0db4a1a0da8de6724a476a12ec4028f7643b3b7b3d9e5e594e36
0x414957a9e444c4292a44e4515413d563611c5b20,0x0dca33ffd6e69b47280f50442b5ebc722215ad1c,52306816,1791402979,0x7aa8694c6de2e0c4a51ee7cc6b01e130984f28699cb4d903f26695e81f6ac0ad
0x0bc8ac3730ebacd33a139eed24d092779070a18b,0x578447105e58c54b9711dfe4ecde084443850010,52306827,1791403001,0xfe8d2d5e80de2c63e90366b31649376c7842e4f64194a3db3e54c8f40b3e4bae
0x4909680cd30d0bc456ea79f50515cdaaee1ca79b,0x0dca33ffd6e69b47280f50442b5ebc722215ad1c,52306827,1791403001,0x9573d8cce51dc686464314801630dfc11cc19794c25da189cd601f83e04deffa
0xc67e7718dbf21156435bfe13aecb7ad903047d27,0x532e06c3ff3b3d3f6afed654f8a184bba532a3d8,52306828,1791403003,0xa446dfdbc70fb174069deecf6a0558d167198f25d2dc644fad9300f0a2fb02f7
0x06e70e6cd8cf16dc2c206519a8b0562511c27ee5,0x0dca33ffd6e69b47280f50442b5ebc722215ad1c,52306833,1791403013,0xb3e2c592f3a13fd962a42c47095eedd901844313f0f8cd3929c88dc57d2eb29a
0xdb1d95ec70c6c5672992608cd9a327b0ebbbb0db,0x823c196914fbfd508d647c835560a169e1910b37,52306834,1791403015,0x058c5ab2cade6d9761ed791dfe752294ad2ca52cd55e80c6ef84b896782f11b7
0xdf7496c0879838e7f08068882d4a7c35a94f260b,0x0dca33ffd6e69b47280f50442b5ebc722215ad1c,52306837,1791403021,0xaa49d8f761c7a53c604fc98059704e4d55f37513e775b32598f0c960cb3d8234
0xeaadd7eb2d310b50b9047a94f2c90dee29429609,0x0dca33ffd6e69b47280f50442b5ebc722215ad1c,52306840,1791403027,0xb871c4448b792751842cce0c55632d993f6f339cf35d670ea76cc4b08e4ae9b8
0x543562c0074dd5c5230d2c511e8b8368d83dae60,0xace072adda928ff410c08f3f57dce71175ad770d,52306846,1791403039,0x67f78b35c07b0f08b11c1bd4b9ff5bab297761150538e4a7b5f6c30c645733e8
0xc288c90a76c47e72d58a09e314dd2b9d800e6169,0x0dca33ffd6e69b47280f50442b5ebc722215ad1c,52306846,1791403039,0xaacf26eabd8b9b09587f795df989a7c993dbcd6c3d5f0138c55e4cc61743816c
0x653616ecc8f00871df68f34e1f05c37a3ad558d0,0xace072adda928ff410c08f3f57dce71175ad770d,52306847,1791403041,0x0688211cf468522ed66ad15a2c4142223bfbbb1992f45ba64735451b90aff859
0x67cfb3edba4fc2d1c5961677035ae32d98fd676d,0x0dca33ffd6e69b47280f50442b5ebc722215ad1c,52306853,1791403053,0xef0eddec03a1024daae74c43fdbcebc8e5eeb788f534a9c9319ad8fb609a2f97
0x90592888150969af4b44ae62c55326ac62e4e8a5,0x0dca33ffd6e69b47280f50442b5ebc722215ad1c,52306854,1791403055,0xca179ff51ab60c2b7f9c1400290951ce5a7109a9f07be4d381a00cfc7e1c340b
0xa37c4ac4dc8e5a41a420d5bde5ff220d4f085040,0x0dca33ffd6e69b47280f50442b5ebc722215ad1c,52306861,1791403069,0x3f593e5759378115495496bd73dec87ff7032f68b55f3e637a77556a038616b7
0xbb0eb4d2d9adbc6f37dc68234268215e45217585,0x0dca33ffd6e69b47280f50442b5ebc722215ad1c,52306865,1791403077,0xaa8496bd2a60210b049057135b3aadae97d528c40dea7f93d613c022609c25ca
0x6af838da4c547585a7a4c4326de60e1be903013e,0x0dca33ffd6e69b47280f50442b5ebc722215ad1c,52306866,1791403079,0xab9b4fdc32fcb62874960ff27ffb27e681283e9ef9d4366b361be09d9443b6eb
0x970a3da366d1eae3399435a362ac8c92698b0c42,0x0dca33ffd6e69b47280f50442b5ebc722215ad1c,52306867,1791403081,0xf76a773f70b0e85a36cae69f13006baa08784ad91ef5267eae2567fc3eeba97c
0x225cf8fd5dce0779c9d31e4cd9aeda777829e0e6,0x0dca33ffd6e69b47280f50442b5ebc722215ad1c,52306868,1791403083,0x84fc6917f187f122da9c686487710088f74b12f9dabb68e0cfff82e430881ef7
0xaa8225738e2e2433a53b4bce7707bdcfd05d4fc8,0x0dca33ffd6e69b47280f50442b5ebc722215ad1c,52306869,1791403085,0xc3bf5d6255f9748ce8e98ee14292acba6a21cf54293b2f32482291eae2e50147
0x9c51281551352a9ffbf021fc1097e2a35fc3142c,0x0dca33ffd6e69b47280f50442b5ebc722215ad1c,52306872,1791403091,0x6894f10a883a7651121750dad41b2bcc1431839325c7d64cad0ac256412457a7
0x54b485754a32cc21546a2322fe81b3597fbfc07f,0x61c58daebc97a48ebfe96cb6dd73de467553ade8,52306873,1791403093,0xeab3946e85b51c3be5012170df2045505bf409a9f1e2f682cf0e1d8cd273af56
0x93ac026b610bdcf1006b516aabfc10deea4bf2e5,0x9ae41009ff09237162d206c764bf96f0845816cd,52306876,1791403099,0x236b5706fc9bff8f1560ec989681a27f99b42a5418b13856c0840c87efc7325d
0x760b64107300daff0a59333bd45a31603d33d7e3,0x6b74cabf8173ae08e92818a893a6218b9f19304f,52306894,1791403135,0xa882b3d66288199d86699bae83cfdefb01944caddf82c5336557a420f89870e7
0x41574c684caecd7747ce3afcdf22ed9755e75090,0x6b74cabf8173ae08e92818a893a6218b9f19304f,52306895,1791403137,0x84cdafa0620c909ae6881ceaba12d8557394613802ebb476347d69bb071076be
0x4b6a4dc67a9c07f4d70cb5a84a4e05fc49c29944,0x8a18c58f4610cc6195826e3ac401826d3008db46,52306905,1791403157,0x99e52adade4f7fc969603e4b7e488ee1b046b99bae4bed0e81bf525b642af041
0xc88859b56a41fe5b21ac30ad17e018737f4dd474,0x8a18c58f4610cc6195826e3ac401826d3008db46,52306906,1791403159,0x015804b6eda5b8ffb9740003cfb9ea2648eb3848beff4b1c92929f85514d2890
0x11aedc1c873613c3093fee6017919932203fd918,0x6b6eac02af79a6d7344b01739c6ebe47322ed219,52306907,1791403161,0x6732baf2638faab5be64233cd076481fe3288019562ec4e2473bbd3169d2a188
0x36d63fecc32b66d635d66dc1372959d476494e1f,0xdeaa2250a8bdfffc22790db11da3ffdd9f793d52,52306908,1791403163,0xe6a6f5ea84a6938fc75eb25bb4274a3ab8bc106f2a234b54faac04178e37d28c
0x19730420d7376a458521e20841eae4faca764203,0x8eae981ebd9e9238f22093cbf526878eb5a50cb0,52306911,1791403169,0x34f821a9e657c990894d6b381fc885d8936b6ae101e68858988aaf26bce6dbdf
0x533d3e317ce3d1bc2d80840509d949c3fe983d68,0x884f57e26c096b75a69f1f682cfcb28f70f589d7,52306928,1791403203,0x9347fd0e9029eff1dde3b5a1e1f2f2c211996909dab2029208d95bc21a5db123
0x139b9250676ab79fd6674b159fb17fc1f5a5c3de,0x0dca33ffd6e69b47280f50442b5ebc722215ad1c,52306932,1791403211,0xc054be85e0e40e9eee59e8cde8f3e582b801e3775e5375c8dca00ce3d39dde97
0x984dfa226ec04d493aa720a0bf648687c7256d9f,0x0dca33ffd6e69b47280f50442b5ebc722215ad1c,52306939,1791403225,0x09b5784c37ed3c1773f2243d81df7e498373d5d70c715fc623f7cc80dbaf5f06
0x80a0547aa93927d7cfe2f14823f2459298c2bfff,0xff6daf3a4654af968c1587f4be09e335d1dc7246,52306943,1791403233,0x5f086849444e6e49128f8f4aa367c4f639c9864a22e7de7b6d80e0445e550662
0xf4513734548980c7169935dbd8092b8b8e108440,0xc52b9f32f9db72cd01d8b2695bad2911bc4b314d,52306964,1791403275,0x5eb68a599203cd992185eb53a08aec3260f498baa2a73016c81f45053504be53
0x8f476160da8ea15fab750683367044a095918941,0x52591c1755adf9cb9bfbcd593faaae3c68751616,52306989,1791403325,0x39ed30b63de3ff6e58ccaf58287e3d9fe28c46bdbb305cf406252a8b1cbcb804
0x25cce42f96aef7450dced27ec9bf32df61f77ec4,0x51d847c51a7c1ad710762a073b8736be95d6261f,52306990,1791403327,0x0e03c72583f7d7e0f12d4b31def483af0e261919cfdc2cdbe4cb10d6d0240fbf
0xebe1964bc7a53911b109b71c1c9e6f81c1227eb1,0x0dca33ffd6e69b47280f50442b5ebc722215ad1c,52306995,1791403337,0xc8a0bb52775650ae26c3e084f6a8f1c702d2ceda5f4adee5ddb64b94c7adc7e5
0xf2bfe8ae1c042ee42985b434a9ba89f2cf9acf84,0xdead668fdc60b33fd2d10dd40070b75177beecd2,52307003,1791403353,0x5af427a5dd610b12715282cb16fccc85cc62ac046b42e6b70bfb875fad41c887
0xe2ff8b58ece76d7031513a58faa167efe5d356e2,0x756218536f9e45aa844924726b47faba7d6b5764,52307011,1791403369,0xa2834a5cd97669681669e989499ec3054bd59979b58ab79a7e8ae4b5adcd914a
0xc6446d39e965f08f062e8b5a217f432efb4d2911,0x102ab5614974699203af9389eef0c7fcd1ae17b9,52307013,1791403373,0xe9a4d05f34f92a04b826ac74df4f95a2ea3dc90874518b2e883c86fd27882400
0xdeba7670cc5d2b5745957c166cb86f3d2d5a773b,0x42beccd9498a98868530aaf199295a0e307510a1,52307024,1791403395,0x23520fc9cec398a5103d8686a317dfa2725cd02e98a54ceb0eb63a99aaff332e
0xee19357c714c973201345eb0e1e72477bca68410,0x102ab5614974699203af9389eef0c7fcd1ae17b9,52307031,1791403409,0x8dfea823de85873aa5968a1f3ca3ca6ed33211d5ed1938ff95e5ed7de39a021f
0x5fad0e2ee3490f7e7bd23625149f27ad613110a1,0xe60e0910ff5927257a13b9266bb154369c378466,52307034,1791403415,0xa7b79d925e5b6e249f00329570f8583bd7510960cf2cefa0a609e5084aca3eef
0xe1a31d7dd784b15cda9044fa120c848bcd7a111d,0x0dca33ffd6e69b47280f50442b5ebc722215ad1c,52307036,1791403419,0x8242cfe755571fa8fc912f7942ab2506c6843ebf435add32c0bcbbf29280d2d6
0x508cd8070e632a9b01e384846aa13178395cb166,0x8cf8581c56fb003294cf4aaf92d978b09ce34646,52307043,1791403433,0x86d362a19765cec8a3406e82dabfb2f70af5dc8159b89314434dbbf460259e40
0xc6f83d87dec669a8c20642f5ef167456e8f5607e,0x88d84a3a6c5adf0b8624329cb06a7bb6597a2c83,52307057,1791403461,0xb4b81ac767271327375a169c3bcd3ba6061a481e49dce72196ac6d6aadc91df9
0x0abae10909977b66e2223173f3fe03211e44934d,0x0dca33ffd6e69b47280f50442b5ebc722215ad1c,52307074,1791403495,0x7eb523b0e26798a6eee8c8aa3bf37f9a99423afcf72a1794d42310c228fe4add
0xf0389f5f75cc614b3a71afca3215db3fd06ab65a,0x0dca33ffd6e69b47280f50442b5ebc722215ad1c,52307076,1791403499,0xbce455bc954a907ced2af0845dddcdc9888e893faf4cce5d8675f6c7102a4e8b
0x38a6e593cbbbede775873876f9b6e3e5e601c4da,0x1567eef4f0b488245b2d75c6268857266cde3a7a,52307079,1791403505,0x787164ad683b5f5b6100fee279cdad6465dd42c8b43c01850db4dc42524cb935
0xc10ace7c6d2c5119167df2f0ac2e565f236fc07d,0x01eae868409bd6973808cb3a7ab3588eea7e85cd,52307092,1791403531,0xf41bbbb105666a7050552ba1cb7c1c0322e3443be4e2c48239707b4706c2ef39
0xe43b4f3ee51b119aa12b726acb0a8e5d3d1c5f07,0x9bcd8076840378a6edffc97ed824621c48d9104a,52307109,1791403565,0x807ce2d58fe9afa51b30e0ef1d1227324cff36061b52838aa01fa3f4ed31a30e
0xf8ad856e34f9d449373aae3067a8ac1a30514781,0x0dca33ffd6e69b47280f50442b5ebc722215ad1c,52307120,1791403587,0x47fa2e3b91d58af7d8e1123c8f2c493cecef2eaac5b007853f293f9b1994a512
0x687fe327fedc20fef5b54d5856db74a6ee989109,0x0dca33ffd6e69b47280f50442b5ebc722215ad1c,52307133,1791403613,0xb66867b9294a91d9dee86a2b8b1fb8089c812aaec69ecd464083dcdac3a1b2ef
0xbc30646ca49137e58b3a21a2f349a26197a16d37,0x0dca33ffd6e69b47280f50442b5ebc722215ad1c,52307137,1791403621,0x61f705f08cac06d7450a70c4c488e17cd4bcdfb4ad6c477a51c876a2d797c67d
0x0c52c8e647f544dbfcec911f00258a71cb68742f,0x87fd8aed9ca10949a8f3164d9e9253f14b5c1d31,52307143,1791403633,0xf4ac220073130e316fb6df82c5bf50f99024edd4e840d9ea191a03ed7a26e0e4
0x3de9ebb13fe59c487d58a6a1b09243c77215e069,0x0dca33ffd6e69b47280f50442b5ebc722215ad1c,52307143,1791403633,0xbca43936fae9eeff315cbb5565995281c38dbe7f23e8a2c1f98ea6c91e4c5b4b
0x5959c40139ed26cf3ee72c32946329ac42f729ca,0x0dca33ffd6e69b47280f50442b5ebc722215ad1c,52307148,1791403643,0xda496b9cedd684fa4a41c15cba71c37fdafe4d308f115c17aed3a34f6772ee63
0x169fe5e0bbc07d34a1683e0a567c223a2320d534,0x0dca33ffd6e69b47280f50442b5ebc722215ad1c,52307151,1791403649,0x1e2457ca80c09a65cb807d778a90abf4282f3c485508ba2c0c874c9bb8180b18
0x0e82be1d2b649b4962ec5c32476da7374ce96312,0x0dca33ffd6e69b47280f50442b5ebc722215ad1c,52307152,1791403651,0xe8cae1e16c695c0124f2283198028cf0e9c25d1bea9e743761b999b4cd2a862c
0x3e1d86315ecd27dde4fe26faea89dbd7829f0a2a,0x0dca33ffd6e69b47280f50442b5ebc722215ad1c,52307153,1791403653,0x1f0a9f9d9a7329edf263950ac5c3fc4e4920ad96433efca20d15687c2768d2fc
0x534681370f6737dcc363e16fc28b45bb40fd9b68,0x5807a77cf840e8cf451dee8f55af2d3e6f90d9ed,52307166,1791403679,0x577bcefa1bb34a41108a1b43459e87663db4b1ca18d50ef50d818fe3b8eb0dfe
0xe308197f22e2772c3d7f149519d0a3ac9805f9db,0xcba4b5b85f23300d284598078d15c302c8bda4ed,52307166,1791403679,0x8f2c87417f7a3e0d6d00f55cbc0284186d3cd02e90838f598339c8382dbf9998
0x5ce4f148e56a9204fd5b982c6c2795b5292b4f0d,0xcba4b5b85f23300d284598078d15c302c8bda4ed,52307167,1791403681,0x2c3ea1c1bd50e0347cb1f734e5b9f96e9e2dadd971b21fe10471a6ae88270a5f
0xc3f4a93589e0db3c53297338e0a0c27b8e8d4851,0x5807a77cf840e8cf451dee8f55af2d3e6f90d9ed,52307167,1791403681,0x508e23cb16dc119e6fc4bede683cb6186c7c15103466fd260e61d1f897ec1604
0xcf08b89a8522a14c9bfc154c0010df4eff0a8f18,0x0dca33ffd6e69b47280f50442b5ebc722215ad1c,52307167,1791403681,0xeb1daa91ff65038de94d9511970ced5417fa6a2e340420ebfc54b35786387652
0x1ca84b29a0d913d24a6acdad47da36356f73929d,0x0dca33ffd6e69b47280f50442b5ebc722215ad1c,52307171,1791403689,0x7860538560924c2afdcaada919301270a0947ff2e86a1935f6f9f64a7db6b0fd
0xa0a670a6ff695555f179e8b20f06343286bba754,0x0dca33ffd6e69b47280f50442b5ebc722215ad1c,52307172,1791403691,0x32d826c432f013915eb05a5b65428375059fabe73bf14676dadbdacdc9eb99c4
0x37e2a65976beaa9c8b84dd0f34d7bf45840bf294,0x0dca33ffd6e69b47280f50442b5ebc722215ad1c,52307174,1791403695,0xf31689d1176504a4628bb178699d16b1810f2289419406fb6cf5c88f71570592
0x67edea212b3a3f66c81ec7e1031362614c42f038,0x0dca33ffd6e69b47280f50442b5ebc722215ad1c,52307175,1791403697,0x476f8a4c778a2efdcb9f9cd0761d17b0a12dd7cbe4f45397cf5766ceffd4585d
0x2dae1d19a3e5b4912a36cd97f122c330ad2152e3,0x0dca33ffd6e69b47280f50442b5ebc722215ad1c,52307179,1791403705,0x65d55f2ef0aadd163d969ab9c278dbd04a0a9091b487caa9472c9843f1ac2351
0xa6546c93269c876dd07cd8a600936343aa4d1942,0x282fe1d05072bb4a954fd96919496f50fc07627f,52307200,1791403747,0x8189903644e180daa8d135a66b12c90b220867c066439dd640913d536254b30e
0x73ed0bef31a610e61748739a9e863cf67dacc54f,0xfc9a43bfc5ec6b3536d22a2fc9195532a60a262e,52307209,1791403765,0x78abe6facea4d729fccf32c023524f4f9b2d6bd15c73128cb81769438ad0b590
0xc70e5fdc120441947ad5bb28754c1d04cf0657cb,0x0dca33ffd6e69b47280f50442b5ebc722215ad1c,52307216,1791403779,0x61b2b3c85707f48680791735c745e2a69cac277b88127f946ee173ef72fb290c
0xf246744e63c3f34cd714bd7040f13fef1ff8c93e,0x0dca33ffd6e69b47280f50442b5ebc722215ad1c,52307217,1791403781,0x9bc519ab0a53af79a39c97c2d44cf5d07e0844760e35f2cb8e472c56fd8973c6
0x070f57edf6013a9edb547737cbeb6d8ddcaa300f,0x0dca33ffd6e69b47280f50442b5ebc722215ad1c,52307220,1791403787,0xaa8c1d3f49f61d17cfd86788dbe7c554fa0c14d9132bac49b2b2d02c86c6dceb
0xe362c897ab96f37720c87f1e5c58554e43739601,0x179634b8be3d980842bf10e5f29d34fac679d9a5,52307231,1791403809,0x1c9fbc891f5e691fd56ea71b48bf0721879beebe0d1dacf573524c1e67261ce6
0x5c720dd9c5213c929a6101e971cd8e940bb2a992,0x0574f40bd452db95b5b402b329687e60679042e0,52307237,1791403821,0x5568adc9bf0884071005598e97fd10ba8c5daa25b3362dad8c5c5ad50a9175f0
0x3d0ec0b68bdd2aab984f670dcbf5c2140689e240,0xb06d8f359d714e20f06fd83591933d6a2ab29d53,52307245,1791403837,0xdb84d20b76132a6d9f62b1168f20dd7b16cde674dcc3533b7fe01040a303aa23
0x8ea55030e70851ce13b60debcb56050861733991,0x0dca33ffd6e69b47280f50442b5ebc722215ad1c,52307248,1791403843,0x4864f7560655531cf40b80b541fa7783db438b0381290ed27227aef34e126762
0x23ca73d6279e4353fe7229c9f920127c80201859,0x0dca33ffd6e69b47280f50442b5ebc722215ad1c,52307256,1791403859,0xa8eb2a9b65cbdfee0ce7125bee71afd281a5810cea22acdba86b440f2d28f613
0xad6a2fc4bf95b8c7f88992fc82b3a5f08c61d29a,0x890063968e4ed335e5129253ad98608a7d001c9c,52307258,1791403863,0x68fa3e30452775b69c3127f79a7c0e2fc88c73796140287deb7808316c6446e2
0x3cfe6b0fc56138f21b04549a4504cf7f7cc3220e,0x890063968e4ed335e5129253ad98608a7d001c9c,52307259,1791403865,0x8240a3136ee61dadbe683501800696a750e5ac46b2e92c5847bd2f2c80c10027
0x116787752c8998dfa68bdb68a7cce7640adb6393,0x0dca33ffd6e69b47280f50442b5ebc722215ad1c,52307268,1791403883,0x95c549494d015e3c170b4c8dd3d4ee5b1c9ba6d042424b22888ed8aa92f8bbd5
0x2a827bb3049e0b75d92088ad4f1fd662c761aa23,0xb7e07553b783ef234b4390d5f3649b41c99e61cf,52307270,1791403887,0x7e4c99d6fdd332675755ab127152983f15fe9d676178dcf49d2e740b60e9965b
0x5f7dd55ac22fc0da86be5a5ea52f1dd381d998c1,0xb7e07553b783ef234b4390d5f3649b41c99e61cf,52307271,1791403889,0xefc5acef3d57b4a0d15a39a7315b184c0469265aef7e53082102a46a16c23284
0xfc59e07b5b414a20721d6d8284c5ce3f67051973,0x0dca33ffd6e69b47280f50442b5ebc722215ad1c,52307289,1791403925,0xb3d2220e45a34f83e16a12da8b2f12f75813aaee074474a55d93d77d2cf31f23
0x165c257d29a17d1d1bf4683100135c7001d33fff,0x0dca33ffd6e69b47280f50442b5ebc722215ad1c,52307293,1791403933,0x6b57f32ab2592cc5f7a144c4d421bd0e92bab76fd0445ec13004632b1e47123b
0x5e4d4d5186318946f08cb28e7c0b8c494aab076f,0x0dca33ffd6e69b47280f50442b5ebc722215ad1c,52307294,1791403935,0xd914d47e5f10e22eaec774f7ac960e14d6bf0aec09942bfd3af2223cf60f5ac1
0x14fa77d653fde3bc4df383a51cfe5a3a194fdae4,0x0dca33ffd6e69b47280f50442b5ebc722215ad1c,52307295,1791403937,0xa8b802a20f3e22727e3c276a6042a6d88a91f63c0610bb22ccd65edef5917da1
0xe044201e1be5057d22dade24ec2b3094f5ccd2d8,0xd57b8c06dd80015d1731f2b82bacc302be87f45c,52307295,1791403937,0xd02f8a82d38865c16abf2a9b53492c9c4539bb498c258dea0ec72ea11de4b579
0x75c658553b163051417f5919522c871ffdae024e,0x0dca33ffd6e69b47280f50442b5ebc722215ad1c,52307296,1791403939,0x31b77e061104897fefd85f2ba1561e6d71d9c9e35e15171d7ca79293b7df5960
0x53733dcbefa635bd04eca4f7ec68643332845295,0x0dca33ffd6e69b47280f50442b5ebc722215ad1c,52307297,1791403941,0x44154dc973dcd2d1070ec4e068a18ae674dbfcfee87eccef967584b188f7796d
0x15256a23c32c77b2587744c06f23d41fd39a15ce,0x0dca33ffd6e69b47280f50442b5ebc722215ad1c,52307306,1791403959,0x5bc19c218ab0979bf777ab587851d4ea99f2ff3ab0aaa761d8b02bead5cd366e
0x522a434404405d55b28f14d330273bc4fc404a1b,0x5519ed71e9ff8beb83de4ec0183007c3fa7f01df,52307307,1791403961,0x3bbe8c877f4cc369239ff0f88e04424accf56f65e2269a163914c2fe45b4453d
0x29a95bbb2ecbef30a4c6e57b2748846e37d4a3e2,0x0dca33ffd6e69b47280f50442b5ebc722215ad1c,52307321,1791403989,0x88ecba3ce7b8d1becb323057b46eddc33d948c55649cd8ec6994403855ef8192
0x13f33df10708f7f47b7e8269092ff95aafe7d4b1,0x0dca33ffd6e69b47280f50442b5ebc722215ad1c,52307324,1791403995,0x5a53972b474b99f973977d34a119f603ed955585d3f5602e332c7524d8170c29
0xc0432457f125908718b54bc8b1d9ecea0b870f2c,0x37cb9de6b494c28253139454ea80cde3941e46a4,52307324,1791403995,0xbcedcf40621c7751dc5265f9abe6949423eae6359c1e66d46410b3ef9af7036b
0x344bbed0b477a90a31f85d724facbd877458fcf4,0xa266a9d5c06137878e6fb3f8b8c3c499f7ffae54,52307331,1791404009,0xa32ae7786a0fd997eddf8dd2ca91b89c7b2ff50755666470fabeafa49b557586
0x197ccc465e4615117187290e20076375d7a158bd,0x55676e10e4dc5ee57a89f75114cb34c7152488a8,52307366,1791404079,0x93f4cd35791f03b3db2a4b4413eaefeae050ce08e66ac8c64ac83ecc98ff8cab
0x6e17a393e3b33210f4be8efd856916823ec9b25f,0x0dca33ffd6e69b47280f50442b5ebc722215ad1c,52307376,1791404099,0x5156abde6959a8d3e86274b739a72caeaf1aa0eec95bc13814e19be8c7514f65
0x748a988889ea2dd42b70e0e87059704be307e86a,0x0dca33ffd6e69b47280f50442b5ebc722215ad1c,52307380,1791404107,0xdf2aa6d5c70a422e4e2ce21b4807de340ad0ffcf1168a587dbbe60be580ed565
0xd27b1a8e32302fceab7aab517afbf5a8bdeb7874,0x0dca33ffd6e69b47280f50442b5ebc722215ad1c,52307381,1791404109,0x1f464d29b803532e82d415f7ddee5182a76985ef15484fef496efa4f9f34648f
0x3f9b1c75ed2394af13c969162fa5c6b18ac00533,0x0dca33ffd6e69b47280f50442b5ebc722215ad1c,52307385,1791404117,0x1f129b6dcf5032b68af3d0978e21680bb6651fd02d1883427beef55512cb7118
0x63ec154898ae17132da2320e6633f407c83006dd,0x0dca33ffd6e69b47280f50442b5ebc722215ad1c,52307389,1791404125,0x56256c7ba3e16d57858adb8b70367346e78639c4dbdbd8eaf4e10fa732e5226d
0x391b05bf8ef99792ce31686685e0a415034d73e8,0x0dca33ffd6e69b47280f50442b5ebc722215ad1c,52307391,1791404129,0xd57c0d39d04fe5b9639b63adedb3563352ea05ac7ee36f222f9c6ca0976f6901
0xca33ed530ffdfa8d948fb0a383d54eddb60247ab,0x0dca33ffd6e69b47280f50442b5ebc722215ad1c,52307392,1791404131,0x135458cc1fce21918958a4b30ddae7debaf8ba15ea13c6446aeb3a3812185bb2
0xf8b654a96478c6fc78f76113a2bc8343878ecf99,0x0dca33ffd6e69b47280f50442b5ebc722215ad1c,52307393,1791404133,0xb01a24039c97fccadaae04da9fbf32a0c837352e0a7bb1270bd4c928a9d6d329
0x63ce4366c62d83e603da03174999586b63a91fbf,0xad7769e10aff9fd8c5ac6758a88308f70e2982ad,52307395,1791404137,0x46dfa66d25dd4d2dbc1362e39df3755b8569e9c9abe56822746e9fba681a7e8a
0xfcbdf2b0082e271aefaa398eb66c9ffa084a09e0,0x0dca33ffd6e69b47280f50442b5ebc722215ad1c,52307408,1791404163,0xf6b5e1d51fa8c970bca0759a54f236ab01a11403939e9f02587623434c9b1331
0x18d86fd1e1b590b51d95dcad8103f3fb9e7bdf39,0x0dca33ffd6e69b47280f50442b5ebc722215ad1c,52307412,1791404171,0xe3d5efb560a87afde5a124a43b3a422cdb7f84560aa5effe16caa9eaa7a8fc74
0xf1814480e774578fe7073a04779983a479c0c36b,0x0dca33ffd6e69b47280f50442b5ebc722215ad1c,52307413,1791404173,0x7d859d7a54e478cad020e10ed26d17d736983b50794148fe0e133694a5fd1384
0x4f825bd4526b706762716c0bc1e4c8ce60ac6f33,0x32f3de00c8bb92bea7b4a03a6d78dc5446135c0e,52307421,1791404189,0xc24b3c83a97aa6110d3ea3ad3723eeb4dfdd0b618bb13c614b412395da3a9e75
0x31f9ce12290d586d4b058f5409a06ae036c10232,0xa266a9d5c06137878e6fb3f8b8c3c499f7ffae54,52307443,1791404233,0xbd9b82ebbde0548239f18c717ef4aec84aea524c0f0696a52e04b7280fb59e86
0x0f16260c4a381717735724a2027c7b0035c9115d,0x0dca33ffd6e69b47280f50442b5ebc722215ad1c,52307448,1791404243,0x4ffbe7949a2aa641334dffe1b185dab15177220430fd18c95e218e8c9d2668e1
0x0feb48f0c4590faa7edd255ce40c20907abc6a35,0x0dca33ffd6e69b47280f50442b5ebc722215ad1c,52307454,1791404255,0x15e9ca100ae8da9c7dc17a68b81b8b65fbbec9641e3c08b68cfbfba9ce8603d6
0x7e32edb8b89b4c1fe45c595b2966ab107ea2d560,0x0dca33ffd6e69b47280f50442b5ebc722215ad1c,52307455,1791404257,0x058f739e34ab09f142613b437a2ca220e355e8b4fbd1cf52d0dc77eaac33f583
0x0305368f13a02369d9d391b2efdc37721f8ea45f,0xb55beb4827c18d859aa377ae78591ee052b20919,52307466,1791404279,0x2518368e5bb2f139961cb090290b9c235c749dc5efe211bca33ee101c149bcdb
0xe0917d9eb0545505eb2870598f77bde5dc018b2a,0x7acbbdc491bfcda6f718527c643664e6eccfb6d4,52307477,1791404301,0x7db48aea0300137aecee4e5164215d8048aae0586e5c38dac1491cd169c79df0
0x884d18aaf8cc7a60f5262fb3670afd1e7d9167f1,0xe5fa9b4c3895b7417c68c7c0c54586988cb7259c,52307481,1791404309,0xffa41488beca836e6f99f2380f4a3582f614503ff074a4c112a1304ef91948d7
0x5681e94902ac305e0049caabb51ea39ad0be207d,0xc63a2ee616d7487843549acf72e60503119dfa7d,52307489,1791404325,0x9f9e88f216e1f31df494e40fdad96910a1955b4a5092edf9fe73a40fe112892c
0xa480de78d8a02d0ecc191be755bf6eaf12114d30,0xca8095e1e138215a31c67811aa6be0d73b5c157e,52307503,1791404353,0x94dec43eea49e4c89cce4baf72874ade382126adffc6cd2ea6073279f87a2cd4
0x220c102395f08fd0a8f0c8deb04c0af7870f1992,0x0dca33ffd6e69b47280f50442b5ebc722215ad1c,52307507,1791404361,0x5602ce1cf5352cd129183b37078e32acbcfb202ce2c254f6d640c571ad16c163
0x8acbc19b6ecb914c95f38a88bd8bb0e67b1568ad,0x0dca33ffd6e69b47280f50442b5ebc722215ad1c,52307508,1791404363,0xea710ec6c7cee1aedf1cff4e46545efdc0384f53213eccf66a216e667a3134aa
0xaa76dc1e853e0314fa7585019ced973e06374ae7,0x1329c198a1e8bae80dbe2707cceb016f53ad9707,52307520,1791404387,0xd023a022eb209b4344fd481cfd1af6be0b31d952e961ea9ff4959ddb3f39051e
0x56951e6f8bb89748576b382ddc8c2a5aeea1006a,0x1329c198a1e8bae80dbe2707cceb016f53ad9707,52307521,1791404389,0x7cbd8d56fe199d31e5a5b2481c610b157d49c4d418f96130bb76b2ad5be8cf3f
0xd1c0a6403f3f4b83522a915867b140dc45a8231f,0x1329c198a1e8bae80dbe2707cceb016f53ad9707,52307522,1791404391,0xe5d6fd0018c1dd3239af70deca70708e67268d972ea19e05ca720c86e6350ea0
0x9b9c6c7baf3b17eb13ef49ab961ec34cce8c025e,0x1329c198a1e8bae80dbe2707cceb016f53ad9707,52307524,1791404395,0x58c177a8cf0cdfdb181dcb1f072a1f32db1727460a356af198d4bdb5014c3cb9
0x7bb8eda478a4274e197b267ec7eae73acb1d08b4,0x1329c198a1e8bae80dbe2707cceb016f53ad9707,52307525,1791404397,0x186a8c4990972d8edc8b022dd78df257eb58c1a1accb58716aa10b3cd99443bc
0x7545457f66d942c5d27164cfdaae0130fdd56a2d,0x1329c198a1e8bae80dbe2707cceb016f53ad9707,52307526,1791404399,0xcea90017cc1b045c6000a56b40657b816082463bac072563eec9ed1a54a4c263
0x9b6114451f620157dcf4759737d7d4a1cb496edb,0x0dca33ffd6e69b47280f50442b5ebc722215ad1c,52307526,1791404399,0x32ff7f8f3eb2c104189041e81ea8cafdf7856e32cc4fbbf70ade77c4ec58d966
0x64704044ec507f78c682ae996ae467980dd187b0,0x0dca33ffd6e69b47280f50442b5ebc722215ad1c,52307528,1791404403,0xf6ce88027194b5dc5362fe1c3244fb23337e0d28f50348faaafe873cce8a665e
0xf7217acb5b31e1f153a6636434b7a36d9bff1390,0x65c05b079ec8b85220d00c4d592601daabf51c03,52307531,1791404409,0x566edb3f4436df070e51ff7a6d644ef26528622251efcc3fc824674fcb939c84
0x0bbdd9127349ee8611f15d4b99c6226abf753a50,0x65c05b079ec8b85220d00c4d592601daabf51c03,52307532,1791404411,0x8aeec2977add2f56725f027b39a05b2ca007219bff2d4eecb7c99ce86e782eb7
0x4102362bc5e4bb3773669e089dd11c674034f1ca,0x8ba104f7bde66ab0e0e7515589c299493fc0dec5,52307532,1791404411,0x21c078f7caf29fef780691f29bd8235a38e832902efded834cc7d3cb5e64d50a
0x42a36c8d6cedebe59797e7865e6c69dc4f00dae9,0x8ba104f7bde66ab0e0e7515589c299493fc0dec5,52307533,1791404413,0x8faef709b3d1bcacf32af32b052f713cfe6ebc45e436d42fe4f241190a198cb6
0xf07570adbe5db71649d36de15ff7e97a886a074f,0xdead668fdc60b33fd2d10dd40070b75177beecd2,52307533,1791404413,0xab7fc5769c3e616e4e1b473f6cfeafe768d0d186bc44f67eb158369be60a7412
0x95dd8903873277d4a8744d8ccab7d2d4115158ec,0x05045ddf5ee6490eb7c4cb4db8e98eba2ec40346,52307537,1791404421,0xe4bbd15d180aab581c6d9da67c751edabb5a701c7ac8d9b318d6367c15cdce8f
0x92b5a9f3c440b1fdcdae12e88134fb0cf97517bd,0x4c733ed09e327beec0b0cce2dc7c08f92757dd97,52307538,1791404423,0x5cb50dbda0ac83130ce0102f186b559c2885e005c1719d829503d9b3134c1deb
0x5b3b87ad042aaa84ed3b0dae94d68f40b9ef46c9,0x0dca33ffd6e69b47280f50442b5ebc722215ad1c,52307546,1791404439,0xf5408b6feb3684e75fc70783a35447925f4c784b2d6e4d32d50e0cc51dc8b47c
0x7befba43500b0a5988f0ed446e1515f5a03798da,0xca8095e1e138215a31c67811aa6be0d73b5c157e,52307554,1791404455,0x3e41df9cbf0e4c47384d5f5234fcf563fd92e967d94535954288ba98bf4e2543
0x095c06534978d23b435623c3e8597fc55b8d4791,0x55290167899ec075f341e394d401f9c13092b726,52307563,1791404473,0x00264849e5ee8b96b3629cb21c8fa97f4f13c7bc94558ce43bf9749fed2d80b9
0xc8c757d493fe5d45c3b5dd363bdde0735683f96c,0xa768d8b7932460d9abe7c168e3b4243252c6c260,52307569,1791404485,0x3e39f2b8287f929c299b368ecd0f1969d5a6010598d7565f36f6e09c606fb598
0x864b87171bbefd80d2645cd8d9648fc7822b0681,0x9bcd8076840378a6edffc97ed824621c48d9104a,52307585,1791404517,0xb42681de22c54afc6f67a3312b11d534cdbb5dc99728a5028b20bf583ec2c5a6
0x272f8d0a2d72ca0b1a7afa8ff3eed95bfcb203f5,0x0dca33ffd6e69b47280f50442b5ebc722215ad1c,52307595,1791404537,0x1821e3e201df3a026586367a7585888aba6063c879e24fb76ca555a487ff8141
0xf00a102f77b782439bbd9008a146e344fbb9dbba,0x1b77c506240c4ee687b95c3fca78006211f273e8,52307595,1791404537,0x0ab46e1fb1041d9a5899fda6c4369615d8e7a1eb40a8ed8208d53fe797ebf9de
0x4e1823abb27d6d81ba55845097a9ff3df9c226ff,0x8536d572f20ca2fd402cce5b90ae5509e97b2210,52307601,1791404549,0xd8eb35f1db2c5cefefa7e45274c82f5d362fb8c6c1132d7eca4a5fe94967a05d
0x56654a2260ed2209b6aa7c214aaa831dff87cf59,0x1b77c506240c4ee687b95c3fca78006211f273e8,52307613,1791404573,0x0dc65dc194c232e1e32da7eff987230df2cf2e61d6c07c77f48c1b72026a959c
0x53e873c6ad0d05da90b9265c816ee97fcead2103,0x19237e3278c2f2a8e066775177d2adef0d838521,52307615,1791404577,0x40030c144c949d68abba35a56559e15097387174e6276fba3ab0e441050263e5
0x2590f5805481b6d71aa1f5c1f91a1d0911451046,0xd9a64b48c0432f1bdb40bcda24b6876440e27be5,52307620,1791404587,0x35b49b70660ac3a9db0c5d3f4141782c9d9f775ecc316c9da05c31d504909040
0x3b338a44033e68c26a01f5b3d525ad06e3a7fcb8,0x679e76d710dd753b8a9ab225b6d6ed8b3f18fbf2,52307620,1791404587,0x0718ed22d2926160e3e399ab9523ab095099a93454179ecc5a21edd1521b881f
0xcd49a4a3ac566110065df5ec928d02645db5f651,0xd9a64b48c0432f1bdb40bcda24b6876440e27be5,52307621,1791404589,0x4ce445652d9a0835c4c989d3212da38d096f98e27f29914e39b486182371c287
0xbc57dfddcf6ab869beb7cb87313c42caf160d57d,0x0dca33ffd6e69b47280f50442b5ebc722215ad1c,52307625,1791404597,0x398278ebd35849b4fb4ff486f6770956d6b53eae21af116bf34a0c94c5e93145
0x1edfd5f286ed435bc29dfa8d17bcf153f9394e58,0x0dca33ffd6e69b47280f50442b5ebc722215ad1c,52307626,1791404599,0x49c6f0a9c0328ea776f82ecf9035843aab0262ec7bec47e87c15766459a1628b
0xa0895a7e17c82f142c26e8e9514d56f022bcde6a,0x1b77c506240c4ee687b95c3fca78006211f273e8,52307631,1791404609,0x853e4a4b0c1c0b5856a1fb566dc0c89752576f248c982492d710b74ed5a53ce0
0xb1f4a510feb0f9f6d3d132bee23429ae72a86a29,0x497798a3767c69c6a7bc1b3b91ceafd0fc8e294d,52307634,1791404615,0x7bcfe2ef02ca00317d33e564742d1eef74d2df639e4aeb604da20b05843faf0d
0xead1a68f1a9d9857fc5e4fadd22ceea1eead1a4c,0x497798a3767c69c6a7bc1b3b91ceafd0fc8e294d,52307635,1791404617,0x5c5222bf003775a3c5438b192292fb13d696e858b89fabc7804240c1dd69835d
0xc5b0ffc447796cb8f44e35fe844bc9ac81472f1e,0x9b2c414614aee294202c1219520955ef3b596031,52307637,1791404621,0x0e4f000496050c3b0d72c4767cbc1d1edac1e563845f3b5a00a35c552fac56ba
0x1432ba749361650195f3c7dba5e8055111c28ae6,0x5252e13bcd88ea0467e936ed5a2131a5bdc0a39f,52307653,1791404653,0xee263eb17bbe5d4cf9dcdfe8b13d7e179e702ccbb256ea246aca226ac800bd67
0x17f94738b056f363794c2344095e7bdf3f9b1661,0xec13d3d2a2d409458f152791b82f5c266ee75db1,52307666,1791404679,0x93df3fb0e0fe7154189455250b19519b1c6a129767b062d6484949ec379c5d37
0x2069603a01129a80ecca407dec3ffe2da4f868fd,0x58d9106acce31381393b741302a74300c7d7cd94,52307667,1791404681,0x5a815fba662ab1e8def4378dbf4d7f3e3ed45cc3a5e6fadd2be6c0b93e4ce586
0x51b689586cdb77700832847e90b6f19d4ee0e85c,0x0dca33ffd6e69b47280f50442b5ebc722215ad1c,52307671,1791404689,0xf4bce772978be888a65733686d0e508cdf06c7476adde005f79a0accc00ef131
0xf4b240bf095e045eea6009bd48524e6e787ff3b4,0xd36dcd4da1864fefb17317baf0876c10ffbfbfdd,52307688,1791404723,0xa5be62824c9c69b5723ca0e3a7b1a708078a958a961daf18d2e89b805579d460
0x8d0315ba284d86db9c273cb51fdccdd9729c56f4,0x0dca33ffd6e69b47280f50442b5ebc722215ad1c,52307699,1791404745,0xb3aea72e3789914e2e8d4309089a0ed09420d74b50c0e7261c1bac53f3775d8f
0x67b26460a74473f9fe35e5f0f1f355c4fecdc7e8,0x0dca33ffd6e69b47280f50442b5ebc722215ad1c,52307707,1791404761,0x7cf8aa2427a0ec2cc32f4a4bf324f6b4aebb0d4000fa3b1ca305ecf9476d54dd
0x37d077e29fcf9b729c6deff3883461ed4039ee8f,0x64dc1065f73f5d445ad23f4d1c2e713f1e56f4c6,52307718,1791404783,0x02757f1f98991ec9df350bf41e2d948c7a72466161f4d11d3bfbc90d1e6d1b5f
0x1c538de244d68b788e7b57f3ecd736f60c3e5261,0x64dc1065f73f5d445ad23f4d1c2e713f1e56f4c6,52307719,1791404785,0xa477bc9db42e74126441ff9739fa11eec2dfac9d66e219d604239c5b5ba91674
0xd8f10701b22cb6f449399b2f58f3c8de86d515df,0x0dca33ffd6e69b47280f50442b5ebc722215ad1c,52307719,1791404785,0xd8c5afeb11a034460dc56c7d2e3b61cc85048453b5ce17fc902035430402b6b3
0xcb8ba93ae61fc66fe349a8f12d1613c0c2f57697,0x0dca33ffd6e69b47280f50442b5ebc722215ad1c,52307727,1791404801,0xe2154818a893f355eeabe579497602da7db7adc5dc49f639e3ea681cebdc440c
0xfd20f08eaf4e6d5b27a1e41284fd0861d1006146,0x578447105e58c54b9711dfe4ecde084443850010,52307728,1791404803,0x480cabc1c90c7cc352a46fb2cb2c7ba2086b721bc4040d2f1297311179077a8e
0x83ba2b3bc5bd405b4f92cae62a7fe26f5aef1234,0x0dca33ffd6e69b47280f50442b5ebc722215ad1c,52307732,1791404811,0x7521705bcc5ac9097336c1cbf931be9e8bf2f8a48cb3af4152731feaf961b2df
0x371461347ea906e5ce258f719d23952b0904a9ca,0x62e2ff0c6ff3fcc49c109bb66a5e39bdd4b2d302,52307734,1791404815,0xcc50f4bedfaf770b2008889bcc3da4ab73f8581492d2455b6fd6af0bbbdb6b06
0x17bdcea41a52ee1bba60ec8020e11324f3214fb3,0xc06926d33318180e7ef4cfaec05fec539c07ebf3,52307735,1791404817,0x618ea92c0d73ae647836b5a6377d1505688da5dc3f0333642284aeadec392653
0x54ce49465826a21b833973497830fb8433415031,0x578447105e58c54b9711dfe4ecde084443850010,52307735,1791404817,0x961ff104ad5d5a2efa5b2b4e10a4e501fdca30d561cd6906808f267e6bfcac98
0x83d9fbdbaafba7390a5791427d21086f3e4e1b36,0x0dca33ffd6e69b47280f50442b5ebc722215ad1c,52307738,1791404823,0xcf0687b99d70e93e8dcb5d4f1cb44eab7c30911c068c90bdf71383d992bb65bf
0x01af6bf4735c2d7aadd7645cbf255130d41c0017,0x0dca33ffd6e69b47280f50442b5ebc722215ad1c,52307743,1791404833,0x33075c379545ceeaf60ea04999b5312b9d2834effe6db2019a995ed9658092bc
0x3baa2136c9840fbae5687061434297c51759c9b3,0x0dca33ffd6e69b47280f50442b5ebc722215ad1c,52307747,1791404841,0xa252bc656325581ecc79f514480469a670963468d1ec555459e70248680482e3
0x035ab02c7e79c6239227ad97305726b53add9429,0x0dca33ffd6e69b47280f50442b5ebc722215ad1c,52307752,1791404851,0x1f8b7d6f6739c90f15da305f938f7aec2298641e25ebbec5f4a1d36155bb0d5e
0x37e37476529b1681e5f954c8faf4a231d52b72b0,0x0dca33ffd6e69b47280f50442b5ebc722215ad1c,52307758,1791404863,0xd7aedb6f9f55298754bc231b2208c851a128f00bd07ef62804989b934bd31651
0x58278668355f6e26c4b7f8e2e96a3e690b249f3c,0x0dca33ffd6e69b47280f50442b5ebc722215ad1c,52307760,1791404867,0x55d151f4e4f3ac58758132cfb673a7cd82b77ae2f92fa3e318df66105149a87e
0x925dea4cc3937e106411ee66cdf252f9d0d5a11e,0xebacec80d419c9f6b61ce57771355f1bcdb391d0,52307770,1791404887,0x2779c55052ea70202828bfa44feb239393d97975fde703550ac10452173070c0
0x97e1f3b488bf7c46bafb95225c79f699335ceb1e,0x0dca33ffd6e69b47280f50442b5ebc722215ad1c,52307772,1791404891,0x568c6c7c9ef7eba5a6cc845aaadc769f150a29e1ff699ba1e54ada2c0ec13abf
0x8cb2d54808a516cead7852cd1092dd690c9d07e5,0xb9cbef341ac5088223473e03b4d668c6b4d1d6b8,52307774,1791404895,0x39e7aef608974549ac1461c9412a1eb0056be3284a91f5889caa7a62104f0839
0x8a33d927f782d1005b7fe86607e7356c804fc4eb,0x0dca33ffd6e69b47280f50442b5ebc722215ad1c,52307775,1791404897,0xf64170f40ee0ee35dfba56140c38d49f9a8f5a51cd1235d2c0fa175a7f1d9c9a
0x3abd8e8b11778a36dfc592b30b62a5359ed7e0df,0xc7b5cfe1e8dbdcf51ee0a2a78352175e46db2303,52307777,1791404901,0x316d52598387a71c5334418168913d0d49d19916cf77eb243aa4402c9609f985
0xb581fd1ebbbd13969b47421e46ad4f5944435048,0x50daef14ca90ed9aae8a26652b4729c408d8e186,52307779,1791404905,0xb43b29b2bff03f6b4ba66198d8eca810d0aec25c8365f253b519f6747a263f6e
0xcdd5e8ebeed8b897f681a3a9963ab0319b0aa638,0xc3987e8f87c50fa8ebdf3dccb535373f069c4b8e,52307785,1791404917,0xdb3d2641e87792440da69a151ca2be4bbd159cf979edbdc63e4c305913f1602b
0x022080263920322449e9886c248da6ba3813b723,0xcb4720da78df16c417628184eb803d64b2c93158,52307815,1791404977,0x2e6761396a8949e243f57ad1dd56b97326922900ebe11c20c5e16677063ec7ad
0x2e6ad74ce29c9f9185adf84a15057225a259426e,0x0ad20f73ca76e84be3aa30f335c6d0eb4afd123e,52307823,1791404993,0x661bfe2c6016feb135cbcbe4092180ee958b37b070bc1b06861ce7c309ae613e
0x58260d58f8cff5e3074429a457f94f47b6e3b20a,0xdead668fdc60b33fd2d10dd40070b75177beecd2,52307825,1791404997,0xc80aad9e69d35d172122aa1f71bb0feee407a737f2409fc4d11341c1d2c38a99
0x5c0f6edf5524b45cca1a91191555b0a900e05924,0x444a2a1e836eff1c33b93f00df0b71143f36014e,52307831,1791405009,0xb6be341f6c4d1b028734b0a205d609d7ae597c89a5ea6c6cb1af6aa455be373f
0x637ff4a249a3078f42b850dee2104b2b897a4684,0xb935cbc57dac8d135d0f5a935d8c5e18914e115a,52307851,1791405049,0x86caeb1673f3996b6606fe0af65fd7bf54e0b63be97b0dfb0b11e010325a36ce
0x73d90b4bce45355548157e722bcbbcda6fa13000,0xcf47b90a29b7c22361de59a12c74fef0958a3f65,52307857,1791405061,0xe69a89e90a3f8120cbdcdad733a4508724369365b20c2747441d6069f2cbac15
0xcb23c5716a04d6b8930790812274d248074ef770,0x534bbbdaebef304b6d358f1174732d0f7a391dea,52307884,1791405115,0x0265c1bbd9c3e075f184c975b84cf93ea47985c5e8e2ca5c1a340e24dce231e2
0xdc5a5f39723e025cb3b2f4116905db1d81ac1fda,0x0dca33ffd6e69b47280f50442b5ebc722215ad1c,52307888,1791405123,0xbe2c8cdb51d44c9173345f512cdc6315ebc6f3e7688b4d63f13c638760fc95f9
0x8b91bbee20946709304fc2e1a18119b994031566,0xa2c6d7caeb6df3b4eb39fc72d0d771bbe79b455d,52307896,1791405139,0xe7f982646fa3ecc7b33bad42c1d2494964b5aa3e3ac480ef151345cdcc2a65b8
0x131689ff612ce97c721eadf49aa33ea88ab98363,0x82f4e126421f958e2f5c920b72de0fcb20a5d148,52307897,1791405141,0x49d1c9afd54227cf7a2a3ac9f6fdd5e8f9381fff74f190a55d39ea885c59edc7
0x5a35a320eb6d0b83c1c3be881d82223dadf47489,0x82f4e126421f958e2f5c920b72de0fcb20a5d148,52307898,1791405143,0xa8eedd40bb44d2be651a9c3f1cfe21ea1da414e13f8c6f91b4efc5c8f0507dbf
0x401db4e7b8a97ad3308eaad3413e8c20b10c0639,0x0dca33ffd6e69b47280f50442b5ebc722215ad1c,52307899,1791405145,0x528001409c539dc2fcf8b0991cc850fa79331ab1ed7fc7a4e73ac2d8bad77539
0x49ccd594ce3486e07242aa0d4862ef68f9a58ec3,0x0dca33ffd6e69b47280f50442b5ebc722215ad1c,52307907,1791405161,0x66ca5b77204914fc9b97136d4c8266b3935afe0eb3dd66718306b0e70196456c
0x893599bc9168d9ea00dfad8fa487e475716d2dc7,0x73b8423fc67f60a2f8e62f17d652ddd40f2e7cf2,52307909,1791405165,0x7b34e3f1eec45960fc50e514c90e2b0924b723af9a6ffd4402b5c622b01c43d9
0xea26b3640cb28a7c2c8c605e25d392c66015e0c4,0x0dca33ffd6e69b47280f50442b5ebc722215ad1c,52307911,1791405169,0xd8efdb37818c5f03244d572fd415629fb9167bad24c85a108123fecedeecf98f
0x8279874ba429094647757ba76233f95e83c8736b,0x0dca33ffd6e69b47280f50442b5ebc722215ad1c,52307912,1791405171,0xcc0109a57051bfec41dbf9c3b102708e20077f3e7fda4494e8ec621799789827
0x22866342f0c50317c6e1b636e53739754bfeebf8,0x0dca33ffd6e69b47280f50442b5ebc722215ad1c,52307913,1791405173,0x56f9eed2d487dbc90a1b3c2c89e288e2df35083ccb2b792df321acde6821d65b
0x15a5f07a6bec49b7390c30d382131e16cc5e9390,0xa2c6d7caeb6df3b4eb39fc72d0d771bbe79b455d,52307914,1791405175,0x2e7e78f27364d9c57550553042dca58c1ef81a244d0666da513335391b941b22
0x277365dd0c5c36755d963daa9e15010b0fca8238,0x0dca33ffd6e69b47280f50442b5ebc722215ad1c,52307914,1791405175,0xc001dfd6407764df6afaa2a20904630b5216e9136ab896833632c690020b96e2
0x936cd5c95eb0aa91a5de72431add4a9429132c84,0xd03b5b3684e07167990e880c4cc6f8df4f423619,52307956,1791405259,0x7c5e8780985416b7b1231fa2da781901f719935b83f30c1c24566d9a7d91bde5
0x54e3b1c480d714f41fbf50e0971d6135239d34e3,0x86da73685b8eb6fda57c2b142fc3f24ed5845a00,52307965,1791405277,0xca2119dc8f0d3f97a32a5d99f37e748023e6d399b532bd8be030b3fa9caabd9a
0x46a271e4c199ac04fa5f7cb1f0c79c35efe17954,0x38bdc8218eeed0797c596534475ee5ed0545ad64,52307969,1791405285,0x3723c0e1d8616f8bc4e372f84fa2e0c732c666cdca56fdde84debc8dace3818e
0xb77e998178ea6821de54f49ff93c84d8b3a08d0e,0x0dca33ffd6e69b47280f50442b5ebc722215ad1c,52307977,1791405301,0x753c8873107552ae2947f5b8b499b50a6d0f152131507280c9c1fd78df3ddc03
0xc61f8046524f531d1ad39a4a1b38f85fd4399884,0x0dca33ffd6e69b47280f50442b5ebc722215ad1c,52307979,1791405305,0xdc94d94350209f0272370a60bf8818e8659edde83e625151ae2941fd66c1b6e5
0xaf43a4c1d5889f43b4c1dac9602092b48624ded8,0x0dca33ffd6e69b47280f50442b5ebc722215ad1c,52307980,1791405307,0x59ee9b097d608df51376f0f094736b7ca3695631ad2b3c6db9a679ccc2ebc33e
0x33f45569da819c181b1932dbc02b532f3a9695ae,0x0dca33ffd6e69b47280f50442b5ebc722215ad1c,52307982,1791405311,0x2e18c5095f65c8a2c6be769560a837f21adc7e785536f5a06add6da74c128f4a
0x135692f1a234274e90b493e4177bb2a7fa58e391,0x5085aa5bd18de1a140783d922b26f8407c8d5eec,52307983,1791405313,0x8c121c5f682a23a42079d7c4e005b38f386f441f994e148edf99859a72e9ad72
0x99b35ddbc3866ab5de8e484bfe7a0acc3af6393f,0x5085aa5bd18de1a140783d922b26f8407c8d5eec,52307984,1791405315,0xfeb0953598c433bb04b3c8c96c0a5bc75a8e16087de3dcbe3d20a990f58e7609
0x5d460e3157f19e6e6733d579befe84a0d1a478b7,0x0dca33ffd6e69b47280f50442b5ebc722215ad1c,52307997,1791405341,0x28dd13e4fb712fcc6db5a3242ac9ad1230cdba7145e399a9eab072ae7fb93a80
0x39fa8101827cddf6decb5d8ed0527168022d4a5b,0x10977c26353aa2d59c1c8686a061947617ddc4ca,52307999,1791405345,0xbcdbc361bce5dc05abb0bf873b963239d65c0f2e78bfa268dadb8cb14790bcae
0x85010b813a95b3c8af5cb44a354d256550000632,0x160f42b0dc0899e2b4634fdf949ba7fed9156b83,52307999,1791405345,0x5c53e4352183de706cde3b360a927a993b507a4e3259c6bf2fb128a01027cc4e
0x7d0ae8ae7a8c6b4753bbac154870684c17e1721d,0x160f42b0dc0899e2b4634fdf949ba7fed9156b83,52308000,1791405347,0x15ad9065a9d5ec1c263a5901042b200e2b932b8a6c9954ec4d1d5cd79eb8ba82
0x116fbc10882aabbfb849f67f0b73cae0122dc3bc,0xba74b2ac6935ca32622940d81342ba5f38253bbf,52308013,1791405373,0x1ae8550321062177a3eb78cd8d0c0aebdbf0cb9b73bf7bb4d09eff670f4f5bc9
0xbb435138069b7541153d1d22ce64298932b196ab,0xf6c8fb81db93ba6e359f8a4c367399385950ba0f,52308024,1791405395,0x98527db13184129309625ad72a8065e3e776aba2690f3edaf39b91403babf4bd
0xd8d468e2beb138a214747bff7aff8c4a2129763d,0xf6c8fb81db93ba6e359f8a4c367399385950ba0f,52308024,1791405395,0x3911febfeeea94432452d73e654a1a36cde63c0716c0394403d3ac20edd781c8
0x7776f44b24b02c997d43cce3747b9833ba300730,0xc91916f9a65fc69c52b26e3c9c3fbc0b3d9d0eb8,52308039,1791405425,0xe6d81de66f63f6a01e1abbd4c2be2d267dce6110818e8bebaf642681e6b7379c
0x52996eadb644f28732276826e21b35556dcf14a1,0x0dca33ffd6e69b47280f50442b5ebc722215ad1c,52308046,1791405439,0xdff1a14393d9a0e27927e9e3b5196ea3d96c3875dcf58b0f979b6087fbc19df8
0x35b3d42a1dcb9dc3c15f2a280ef44048c7267257,0x0dca33ffd6e69b47280f50442b5ebc722215ad1c,52308047,1791405441,0xd4b97062fe60336ddbb27e9dd3ff52059617aa2468746722fe822bfcdb0a1ad7
0x081a34f4523fa47f293df366ba985bef0ad922cf,0x47526590f1e5bba6441b0f4ea5cc9144f9d16fee,52308051,1791405449,0xdb73fbe678a642d9206527e236046124030237fce47eb7acb7e06a2860efaad7
0x7d7b5f1252be780cc74e8316a463ac46c01fa347,0x2656cf023a13442925334c05d053bc72f8c9d4bc,52308055,1791405457,0x3e626514fd97018a436c00ff3a2dead4f7a621e4cf4c3d4f2e0fb831cccc425e
0x7bca28e3e133b6bf4d024baa462602a7e544f967,0x12c5a8d08dfdd285b404d364c0825af7cfa35b63,52308061,1791405469,0x98942509ef7668871421ec35f70e0f9fad91ef35ea64b0c02659fbab464b1c79
0xe86e3cc23932c164a4bc0705417a90b8f55ad99b,0x0dca33ffd6e69b47280f50442b5ebc722215ad1c,52308078,1791405503,0x8a0543adec8af71cc7bc2439656851bb8af362a975084d1189b347140a461bcc
0xeca91f84b0cdb0062978f21c5354262a0ca1dcb3,0x12c5a8d08dfdd285b404d364c0825af7cfa35b63,52308078,1791405503,0x6d5e5a7c6ecd8b0812eadf86ebda175a04b15ac53ddf7da2d76ecbeeedc9b50f
0x2eb96763bc771ca1749ddb638554beb21418f686,0x0071467b7c934c6c8e3d7488adba8253b8d43292,52308081,1791405509,0x97a3f414febf9ce87dcedb5b5a51068b2493ab22f3f467bba5742b8cd302815b
0x883652835de5b116b6d3519137931bc510053aa1,0x0d647d55940d4b411510e3cd45d58bf7a23b4836,52308082,1791405511,0xb1703c4556fbbd73650ca0d68b266856ded6793f4a098404a39c5f838f5005f0
0xb454004cf710696b5d58695493a8983a088230df,0x0d647d55940d4b411510e3cd45d58bf7a23b4836,52308083,1791405513,0x21ad56dcda089efa99b9700ddb59535743eeddf6459a07957e328fc9c2ec10a3
0x9e3c3b18e3693e23d15107761a18c31e8b743cdd,0x0dca33ffd6e69b47280f50442b5ebc722215ad1c,52308088,1791405523,0x6c9c905a30f8e8640eaffd0c53348c211fd7ff2a5614d4517fbface3114cede0
0xf59e6f08c82d62434c61d47d12fab2451b952e13,0x99ac760ae5999ecd513aff923e3aa6c71ed87f68,52308089,1791405525,0xd56c7b63777d57aa10227dd69286c914d54f4b0d9355855bf0841b0a0aee8f10
0x8d0927a9cf1d57612dda300e86f6aff81cac2849,0x032de5c824f40c0145b96bfeedcdb0fb8da67eeb,52308096,1791405539,0x0364bc41f39216038f17905524f0e2ffe6f505c30a8459ec05d142c5277133da
0xab91d68f3ea6cace4302817e0ef421848da933e6,0xdd80bee0cae6da6b710ae30d1243fb2d0a886e05,52308097,1791405541,0xcdcbc71cf6242df9536c53356b18b7a844895d622333defaf53b9bebedab0c32
0xff8197806d04a2487a26a909181b7219e5125e52,0xdd80bee0cae6da6b710ae30d1243fb2d0a886e05,52308101,1791405549,0xc21a4860dfa18c74e163f4d01ff12c6f9fc74555eaa7a6abb88cf8216c93ee0d
0x9ab8fd154fe5972309e2f9bd3d8ffb3bc75bfbd0,0xdd80bee0cae6da6b710ae30d1243fb2d0a886e05,52308104,1791405555,0xddb691ddf66db94e924b712ebedf959a190917c4a9451ade366b4e03acc6e83c
0xc0358d04794edcadf826238e43ee3cb0a07fd372,0xdd80bee0cae6da6b710ae30d1243fb2d0a886e05,52308107,1791405561,0xc9a62eb6175852c447b3a2f2049575f8c23e59e4a9c5e817f0d102713e0afe1f
0xdfe846ab46694245d8b96fda98695d63c359bc22,0x0dca33ffd6e69b47280f50442b5ebc722215ad1c,52308111,1791405569,0xe67fbe26b58fadb20ef22779df6396c96d15931344b2bf6ad7cb5a6c9708c320
0x8c8ede210c979d40a57d2ea4e6e82b4f02d74ec2,0x0dca33ffd6e69b47280f50442b5ebc722215ad1c,52308115,1791405577,0x4cc2465a3f7667918a2dffd7f0a3560a18d62403f5946012f441f794ab91fb32
0x606b65919564d38cf6ca07216a4ee74184e9f9a0,0x0dca33ffd6e69b47280f50442b5ebc722215ad1c,52308116,1791405579,0xcf6a0d206196bedb4879aeabae6b8e18a4c1a3544f810299d86416a6d58c090e
0x0535580392467913996141ff695aadd761ce395e,0xeeed6b1a366988c14ad67ededc394eb3d5ce9571,52308117,1791405581,0x02f21f704bd8c762b82986e6ab5f091757f94f9e483bbd2870cc41e36174c8a3
0x08d2a4b883c864f6f54a1e017c319740512d231b,0x0dca33ffd6e69b47280f50442b5ebc722215ad1c,52308117,1791405581,0xd120a8795fb36a39a20c04bd9108be24cbdf172d07e9dba722a38357f911f4ef
0xf8ee5353238c7115dc1d3077e570459aa914fa4a,0x0dca33ffd6e69b47280f50442b5ebc722215ad1c,52308118,1791405583,0x30dba3806273dd31837aa6ae755f377aab6f5280374434263455fe27014b00f6
0x36715ed7389aeabef6b2dc9abe9054e06e10c548,0x0dca33ffd6e69b47280f50442b5ebc722215ad1c,52308123,1791405593,0x0ecf711dddb7e7bc36ff78e7aeb4f890e5059d01dadbbeb846e8847c2a18ad98
0x695a7ae522440e3d92d4f918c37053bd73d83e21,0x3e4cbf6341eb85af1f5eeb536257ee370cb4a76d,52308150,1791405647,0xe4bd6592c2502f02b46391d0f99f1f96b632e0e946bd5913eb20d5dcd98ba2f7
0x823ba2ca679e1b83985e52cd8e8246a364662df4,0x0dca33ffd6e69b47280f50442b5ebc722215ad1c,52308151,1791405649,0x516b5491093f74cc28c93d42a02a0f55433d07a4f3f69b54c180ac3b119765f0
0x9f6822c70687ed6e7fed89d7581ba20c90891b98,0x0dca33ffd6e69b47280f50442b5ebc722215ad1c,52308159,1791405665,0x46262918702b417e580bc0cee32124d6296b22c540fa8523ace1076ede6327bd
0x00283a3487351df823633ca98345ae52b8671fff,0x0dca33ffd6e69b47280f50442b5ebc722215ad1c,52308171,1791405689,0xc69bbfc8dd342b0b68777fc63ee43c3c87a5d67f0c3da5be000c7f4d18638abd
0x1303deaa787f8203f1f2f8bf4ae88d2c981b691d,0x0dca33ffd6e69b47280f50442b5ebc722215ad1c,52308189,1791405725,0xa00a3298694c7e961096d3bacef610760d512bb00b489e743ee389887969f07f
0x65efd95b511b887c99aa6e8d3b5f5243a95701e4,0x0dca33ffd6e69b47280f50442b5ebc722215ad1c,52308193,1791405733,0x217619f117bc9f10e259665bd3523e279d7a2496cb2ff0709c2dca32ef6601dc
0x58fe576ff1a7407be05da19d5e2317cdffd6d7d5,0x0dca33ffd6e69b47280f50442b5ebc722215ad1c,52308194,1791405735,0xb0faaa055e5caf73017ba2b4b6f7cdd188a4de45897a8e4e24d20285c9c7ae39
0x3edad64dba6333cff2d43a7569e7b46d06802927,0x0dca33ffd6e69b47280f50442b5ebc722215ad1c,52308195,1791405737,0xb95ec49c8dedd8b8dc99ffa67e2446efc720f912862b8c8d8616b8f603c7575a
0xb6922ac34e2699342bf7c2b17cacf65f5b17efcc,0x16385bc5160dc63ffd11e936470bb5f55231b7c4,52308195,1791405737,0x140d544babd4ba24e84f40f39a7d44733889b709186ac256c5d04972f61f721a
0x2f956ddc0a56cb3ca53933bbdea6670b714def73,0x0dca33ffd6e69b47280f50442b5ebc722215ad1c,52308196,1791405739,0x6c90684240fc7ad12d96a1995e010646461b39f07e8743fb20dc1eec5af641f1
0xdb1963fbe307da5992b34b0dc9006934fabfbd09,0x0dca33ffd6e69b47280f50442b5ebc722215ad1c,52308199,1791405745,0x2326ac9c234b9d5ddee974cea26a022201aa74d973200737ef1e0ffe731f6b47
0xb4784f500de84e263312101416255a2ef4375ab3,0x6c90fc9daf431ac2178e74d5c79c3ebc9d75f7d1,52308206,1791405759,0x7ad8ed0b763ec9cb5ca4df83591428bb0a101c53ea5e96f1b741cb41698f017c
0x39c512785a3048bd9e2fbf0fa2a53b8e92e53437,0xe8698231ed8695a3dde3a8b2625b4d994b2c9a1b,52308211,1791405769,0xd051c638b4ea9bd51c8778f19409905462b00b850db06ed50e292eef2e261482
0xf56431c8b3e050fdf2efda21f66a4456acebc891,0x0dca33ffd6e69b47280f50442b5ebc722215ad1c,52308224,1791405795,0xad8ce3b5a4c67bb1557eaf7571b976a1b1c9747d799266d89e399d748667b43d
0x8ae1fa86f92185c269c9858c414dd4720d708e39,0x0dca33ffd6e69b47280f50442b5ebc722215ad1c,52308227,1791405801,0x817aad1bc85945d74e85b3ca1ea9141ee705f2fa2b3a6edf652f74742b02148e
0xbb06612254b9a12a79e2d2da10d0ad1584098523,0x4152cad81608f70a6b513b272160fafea14744ab,52308232,1791405811,0x6c4046465d02cef27061b228b237edde767112234e19e7d635b08ca821ab0685
0xa84e831d911b6edecaa0d40fab7ef52285f664e9,0x2b6815bf5fb2a1bba20d3c75beb96220ce80c5a5,52308242,1791405831,0xc8fab2af9bb72c53ddf1cbbe024bf202c168830594115e8bac7cc947ebe29849
0x3f04f6d738bdc0ac2aace154cb8e3669df43e9d4,0x20dd66adfd467c48d3e3233eff810c2f5c827840,52308244,1791405835,0x0c14de59655a5af1d827e5a535ea2e2143138de7adb85dd45bc2b314683994a1
0xcfe4474bf3347b52dc1c114983e25f968e245167,0xc771dd336a37ed4202e4a0294671343e844b39c1,52308259,1791405865,0xa0b8950abbb15a9bfd43fb614e9ac60370f4223b68da1f1389633003c8a1fb92
0x21535046b6e3d62d053c77b7d3d4ad9522f2e6b7,0x5cbf22137559fda1028f57466d5fb8aedccaa5d7,52308261,1791405869,0xe3dbf08266aa8b0275dcdeeabed8c798a0f23962e77da57916b5c97910abba71
0x025f3ae4f0848dd217c71d76ca050ed5609e628b,0x5cbf22137559fda1028f57466d5fb8aedccaa5d7,52308262,1791405871,0xee085f736315166ddb96fce3552d7bb749aa5f6e147410e5219c3b43d3ab6fff
0x9d29b6f9aba150a83c03d1fee316b5289fe9d1e5,0x20dd66adfd467c48d3e3233eff810c2f5c827840,52308267,1791405881,0xb66d30731534f5e43c020f069228c345ee19da0d20c04f223c103e14bb57a1b5
0xae18c96db6ef5d4d20ff673572be7b1d4f8312cf,0xef46aab91ee107c1177bb711fa49dfebf737cef8,52308278,1791405903,0xee19d312e9cddaa77166fb6d2913de81ec7e8b3e0850236018366f1db37ae682
0x1b1ed738c9ce8714d07625395b2c617148c05a47,0x0dca33ffd6e69b47280f50442b5ebc722215ad1c,52308282,1791405911,0x85fbc6299e5b3f11c157d3bd7058004ddf1b74c366891705918b3609eca0a456
0x904b189ff53d3c36d410acf59c2397d54ada56e0,0x0dca33ffd6e69b47280f50442b5ebc722215ad1c,52308286,1791405919,0x1f175069db5bf7064d411903b770820cb9dffde37e13ba0023a615cf67ec273d
0x780a29eaa38c80536f4a214e9cbbd6eb9f6d68f4,0x0dca33ffd6e69b47280f50442b5ebc722215ad1c,52308287,1791405921,0x241beb2f292df1c09c5fb3524df462d19bc46d9f35b612f0bb9650f0528fb87c
0x1ab75bf59ca7803a8e3bc2ffc32cd261e1e0c5e0,0x0dca33ffd6e69b47280f50442b5ebc722215ad1c,52308288,1791405923,0x39cdfdeb15a2db973656481e385fb6449ff699c25955d7aa142e2d2baa575706
0xf8d18c57364f315697bab499c72cc985271f4d15,0x0dca33ffd6e69b47280f50442b5ebc722215ad1c,52308289,1791405925,0x6714c52e50923e0b12eb945cc392b66007236bbb0d9deb4e70ec5a046e412dac
0x16a825a4661ddd31cc24fbf3843342a2f5dadace,0x20dd66adfd467c48d3e3233eff810c2f5c827840,52308305,1791405957,0xe8f8cabb33b5edafb6c29f42686aa28b3b682dea35ab6caa67429eca5bdf5b35
0x9f6c42b67075aa644daa548d9306b51472cd6a60,0x58296760ef821356c20aead0ebbf8e3fca1016bb,52308324,1791405995,0xea594c0fd437d06e648d2dde84ca521f18e0eadb5d001f137ccae47175ae6fb8
0x935fa8c32d6f941d208152915fbc385b1acd5c56,0x4608ceec94ff3669d20d79497d587ff16a058c63,52308331,1791406009,0xa990efce491423d332bf8e315a33373cbcb84734e2bd015a887cd1bedab1d73e
0xf3e2426828afef00a97dabd7d37bd8c60bf669ad,0x884f57e26c096b75a69f1f682cfcb28f70f589d7,52308338,1791406023,0xbe562000e34e8dd6f78e07183f6f51aa056815963b78e388738c1b4b2834380d
0x84f617f9124978e03225d1c20e5c9dc5c5ebeaad,0xf4fc08931768b14b2aad64db261c780cd7dd80c3,52308342,1791406031,0xc037471310f6550e89b75ee4eebed37bbf20ccac0de5014d152f5596ba029706
0x675949c4e0e85f1c871491804a58f7868cb92287,0xa9946f51faec03748cd8c15f72c25ac2f1f4e02a,52329704,1791448755,0x14f654bef9455f55d8b8c250da9d63460c71fc3527166b5d8402f913d02ed317
0xb4cd88f87fa8e4641d806ca7d37c37f7b296b5ea,0x8a968446d770f776ebc30f4488f9c032c88a0c46,52329713,1791448773,0xd0e20b4553d2fa38ce8e65d1fdacd69f8e58fd585222c773c26a9802412a044f
0xaffaf01b76bc1a1cd5ed3eef4f2e827ace5801c6,0x6a2c15a4ec355e1b08cdafb3f7e92f5dad7de1a9,52329715,1791448777,0x3e018c6a221ab2ec7c1953f10168e03cb53464a8a78a6e9a2d911cf8b0f93b17
0x2389178105d96fa567e1f7a9092ebfa4dcd3c093,0x0dca33ffd6e69b47280f50442b5ebc722215ad1c,52329717,1791448781,0x2bb451d8cc191a5347115cb685a07835bf50211250374f5a42566dc33164029a
0x90e77a1dc4529cf94fb61f72f9280e3cb32687b5,0x0dca33ffd6e69b47280f50442b5ebc722215ad1c,52329721,1791448789,0xe843633f7e33c22b0eb2de29f5aa3a8242ee826fddfdc24b96c9d397e6262f2b
0x420e092fd20fb5a9d097102f3c5869a7c9f55d41,0x0dca33ffd6e69b47280f50442b5ebc722215ad1c,52329722,1791448791,0xdae838ad4b480b1d37c2b480d21c1d5373b39251416d751177b10f81b1333a3d
0x33fa3122c1690a4dcbebf1cb0c66fb729ebc8847,0x0dca33ffd6e69b47280f50442b5ebc722215ad1c,52329723,1791448793,0x24a17c50e087715e54a504cf09497d23c7d5596cb74d9c8726bd7923ac46dbfa
0x63b043635bb88d8a962cb585eebdc4aafe1f152e,0x0dca33ffd6e69b47280f50442b5ebc722215ad1c,52329724,1791448795,0xb0a831b4a6eb5a322777e75a30f8e1551161ae0a6c4614b20fefd50ae7b929ed
0x2333ac80c833a780a48eb8f1c1a9f6cf5fca63bb,0xbedc9ab3f134dc7a3a3a3ed4688a67fd04683950,52329725,1791448797,0x63b645948aab12647dafc25957e34cea637915de6136799fe680cb72080cfceb
0x0186276defb3a2afe69e23e83e45f4b9978e271b,0xf54ca7726ca1298a349ffce34bf204e9952b8cd0,52329733,1791448813,0x0dfd4e6f06f88c17b6e1466a53bef7c61fe4d916a89d156f8b82b56695bc022e
0xb79c00d833c5d3d987d8fb64bbdc3bbb4d9accee,0x0dca33ffd6e69b47280f50442b5ebc722215ad1c,52329735,1791448817,0x15c6d634a9e906cd6b8ffe14158c975c789530462e43209f9b901f255b14c671
0xe8ed8c32163d3fce358a205b7f33114857e9f2ea,0xd665ae11e2db406260dd2f61d5f4ed559b1717d4,52329735,1791448817,0x016d4dd21eff71afb99385ab0ad353db7a29ef9a419ecf597819b2417d5faa26
0x67a6b51d36fb4f9a192bdbb52de6d1c132fef05b,0x6a87fe71fb6d4b335ecb276d1d45d3cf90f2bfbb,52329740,1791448827,0x4a156bb3ded2639a5cd816e746a5fa609556d669d0c18b0bf6fdd1b078c2b667
0x25e44780b266aad8fee7d58f9a6d7d0922d2121d,0x1ea164173060932e9b2e918aa20c1b3b2a9e4c28,52329746,1791448839,0x3c4bb41bb8bea91e0a76f658ce23b2af96c719595a64f91111fa60acb5bac2e0
0x3d9aae625c095dcb94d3a65a81a889f43ab673f5,0x1ea164173060932e9b2e918aa20c1b3b2a9e4c28,52329747,1791448841,0xd52801d6cdf163d84a5f9eab7f5ddb47b3ea51ec9c7c81c964761b11f604f8e5
0x59572414b9844fa45a8bb7e5be2502c8e3a7a36c,0x3e4cbf6341eb85af1f5eeb536257ee370cb4a76d,52329749,1791448845,0x588b97fb26b39efa76013e1970646f53eacdc20e64780ffd6ccce5c56eab9872
0x9edc94a57df684dad7f3b754665906a855128d0d,0xf54ca7726ca1298a349ffce34bf204e9952b8cd0,52329763,1791448873,0x17b04ed283cd170483fd86d1f046951f7e2675718e90b480e8a1b3636c19ed11
0xbe0cc3c945160ae7c14abaf1a64a91ba8c7c29b1,0x0dca33ffd6e69b47280f50442b5ebc722215ad1c,52329767,1791448881,0x10d2ac240ad2e3b75ed73e3d3cea98055999b262d32c9b0f7e1410304a5cbf0b
0x4e7585e1075f8bf7df17aa4b751c073cde31078a,0xd3ccf3ff8e04e05c4c8404cabf164daa8c0a789c,52329776,1791448899,0x514e9b610528bdc3d2e508addabd07a21259613b0f1dee833e5ffd221f0628f5
0x4bd9e194354c35a511113aed76019f3d3aaf52ef,0xd3ccf3ff8e04e05c4c8404cabf164daa8c0a789c,52329779,1791448905,0xb9e2397e28fe916054d33c9f2a01fc251bbe88d4fe3fa7fede41d7f523bc715c
0x10b5cf0027f64b0502c745e1dc6dd785937d7a08,0xd3ccf3ff8e04e05c4c8404cabf164daa8c0a789c,52329783,1791448913,0x609c33151a122758e2e82c3bfb433848b3965908495b682904ecf56814a6a2f3
0xd3ec025630406d18f2fb3b11587862556d2878d7,0x36b05f26732e54e6ff21dae2de7d7acd3bc38b50,52329791,1791448929,0x9edbca6506977660ec69caa74753ad3dd61b224611e79435965ddfebcb2ace9c
0xd8b46f766a32fba38f8db6fd6a664f69fe2784f6,0x0d295eac486fe1037bee44f0d45bc7a35bedaa72,52329795,1791448937,0xcc0a553432f8eafbcdffe80fab308f86c7cf745f0e9383aa1c93149633f10e4e
0x26c46c0e663ba9642b163e7f82031cb012b395fd,0x10b490cf79f478ff90a994c7a4105af8d73cbc56,52329801,1791448949,0x022599e0be98a4f88ed77e79035fc87c9f726a99ba4ab02d696c11ea8d01cd2d
0x282d7c82c696c3dac6d823b4c3753898b79d4d37,0x0dca33ffd6e69b47280f50442b5ebc722215ad1c,52329801,1791448949,0x3c926b0b60bcf7e339329ba4a8168b8b9f90c86582a1d309646e14152e417713
0x9b3061f5f9577bf6d6bf8a3a5d2b7c643267446e,0xf54ca7726ca1298a349ffce34bf204e9952b8cd0,52329808,1791448963,0xcf2c18c16da599b68a8be473b4cd877eefe9537e505343a496a7b67f930e305f
0xb3855f55fa8fe4d52580f5fc96fb46456fe871f3,0x3a15cf422307e922645d671cb247e76e8b1ec50d,52329814,1791448975,0xcf9c3304783f67c1c6182f755958bf45e2664cb7d311ed358da4de6e3ea8ebc6
0x94ba7d96cf1119debafc736588b5e7518ffa6a52,0x02c25d7535d4e629334f61fea6f36878a435d07c,52329819,1791448985,0x419ac66a07c8fba45d8522841d068983885ca20fa44be0aa948ba4e5a538500f
0x9530c652e31bb5915d1f1f58632ffeb164832f2c,0x02c25d7535d4e629334f61fea6f36878a435d07c,52329820,1791448987,0x7640e42928a5e5a43e1c3a01a523adf62ee5ba0368cf21e3b466cdcee9422e84
0x190e71dd031891c0f580fe79a6db926ec6097550,0x8269c641b6e37c20f1fb5c7483615c68673a4a3a,52329831,1791449009,0x28bcddb8e20366e4c292a8b0ae4c3ea0bf7b3fde6d072c5b6694c79127bf64b2
0x153e536e96c6120903fd9a7aeb850826c7bf1f1e,0x0dca33ffd6e69b47280f50442b5ebc722215ad1c,52329843,1791449033,0xcd44134fe0a7944f7260db74d3671337d60a33c333baee543613ab5ab222c61a
0xf4c379013c994b59fd1e839a2f70d1995510da6c,0x0dca33ffd6e69b47280f50442b5ebc722215ad1c,52329849,1791449045,0xacaaefa2c7549e2c8631307dba1c51f9df68863d6702b3acb688c2fcbb098273
0x678b78133f8022ea54c3799d3e0f709c4204f6b1,0x8269c641b6e37c20f1fb5c7483615c68673a4a3a,52329855,1791449057,0x55225865d4429fa44adf0b1a5839686998910bd39bf41f518057f8bc35ef1f95
0xc5537738b9d411511e2dd09f4d966ee6cd312cd9,0x0dca33ffd6e69b47280f50442b5ebc722215ad1c,52329867,1791449081,0x3c73f029c484a26a63d5d33d03670fd45a1fc37c112cbf85f544e336aed33d61
0x075b313df1abbd2dca49ac74fdaa03c8a58780c8,0xf54ca7726ca1298a349ffce34bf204e9952b8cd0,52329869,1791449085,0x5ba981fbcb37c4fdee9f9d3a535bb384ae3a5449f392455dff72f8032802a703
0x58f691a6816be557763ab3803b3420a18cb2f1cf,0x0dca33ffd6e69b47280f50442b5ebc722215ad1c,52329878,1791449103,0x908792f467199b723b7eed337d74ba8724c0dbd930dbff9ed2f21fc2d954e2e8
0x02622dead3ca8f1fab0d013d17fbe4e17efbefe6,0xf54ca7726ca1298a349ffce34bf204e9952b8cd0,52329890,1791449127,0x7059d147771d9c01d1e5bcafb8b999ea1429848f1771a6d86a534dd8ebd25dd6
0x4d151d6efc2d7c515da4d0850b3b1ba39fbe894b,0x0dca33ffd6e69b47280f50442b5ebc722215ad1c,52329906,1791449159,0xc93bd2f5d1b1bdb04742e2d9d37d4c60a5ed26cba2ad2f28ac824fda70f02025
0xb228a86de6c52ba77541f646439c0b0c7fd60ea2,0x0dca33ffd6e69b47280f50442b5ebc722215ad1c,52329909,1791449165,0x86d38a9224a7e632e8126317d05a872fda3c5385a76050249a1f16818bd17960
0x023e614115ce895b3cbc8e1a828c9ff13e337b69,0x8269c641b6e37c20f1fb5c7483615c68673a4a3a,52329914,1791449175,0x9d942c92f97ba2574ff08523f8b0f50b7612d28c80ad419b01517a610aed4473
0xd9d4402ccb3d6471ec1b8d0372098935b0827df3,0xf54ca7726ca1298a349ffce34bf204e9952b8cd0,52329926,1791449199,0x1f3f9643b2c3b0a2f397515c5865597f6200cf51ef70d60f5cd529f877a7b361
0x1fe74583ce90c0f24b3ea23c0020d71d7741e49d,0x0dca33ffd6e69b47280f50442b5ebc722215ad1c,52329927,1791449201,0x7f0179c734920ebaa14fab0bd0b491f7ed72812c62babeac2344d63f18b41059
0x205a206111775f3c7d5e320596a11ce0ca03ace1,0x0dca33ffd6e69b47280f50442b5ebc722215ad1c,52329929,1791449205,0x04e8a7ad86d4316f920d740b6ec8bffcef03842184e3d08b5f71a245419563f3
0x51a48059fe0b08928b4dcb2edcee81f2fc1a7ab8,0x0dca33ffd6e69b47280f50442b5ebc722215ad1c,52329939,1791449225,0x073b1a4b1a2a9b549419be664e34c3fa275a3da29d92a6484a017cbe6e555d0f
0x838bca97012b0a256fe01cc5034ca035f684b4be,0x1f43edfd32f57e96948589473a0c28169367bc37,52329944,1791449235,0x8049b8959d0e810cfd986d9ed84e4db20ccf7bfef74fc257c710dd5dd98da5bc
0x5be784fb0b5b91ce3044f476bab068a06a4b82eb,0x0dca33ffd6e69b47280f50442b5ebc722215ad1c,52329945,1791449237,0xd0727693e93c844095217e4dc2d3cb569fc46294e7ce244919382a91cc09118d
0xfd245024f0a1afd8e266a76bdcc78b10992ced43,0xbfdfee4693092d63abf7fa0ce3fd6f006a072c82,52329971,1791449289,0x0ff2f6c5fb6fb2a1043198224b1f1b87f1108a3f07da451b250238079558f53d
0x8cb608b87aaf9e8d2fde476afe394793c06aaf38,0xc208c3b100bfc1abffcd03850c1481675393a7e7,52329974,1791449295,0x21eb758e6ea56c89b0ca59f08fd8e909d0a96cec58418f97ab112dc9e3141f13
0x024ec3e8df299428aa1452d27f51deb257c39af1,0xf68ae02eca1737558f386fcafb508e8f1c5fea1f,52329992,1791449331,0x347c25f31b9c7ab5f9b633a1e4d76c57a8bd22eb6fbd1dd89f4bf7489b882043
0xd37b293a5ab14a3a304f096500536054f1d2a548,0x0dca33ffd6e69b47280f50442b5ebc722215ad1c,52330004,1791449355,0xf5d932afa052249f5da929a693c9e3f53daca136dd2501a30272579a69aa8e10
0x317de0cda4ae35731043fd8d1f576dd3ad3b8f74,0x9d4d5fef675b0942454cdb7f33c21afb656a8b92,52330009,1791449365,0xd84b711573aaaaf40251d62adf40087e30118f3cc09522b0ef674f796d79dc16
0xf70dd25bafa04515af4b1ddaa498a25c5fa5f053,0x0dca33ffd6e69b47280f50442b5ebc722215ad1c,52330009,1791449365,0xd7c844a1fe2da3585aea8e55fe4938e6c2aa307d611574159d830727473b7fd6
0x1bd5d57cb3babb9fbcb3f24bbf7a31b1481fbafd,0x0dca33ffd6e69b47280f50442b5ebc722215ad1c,52330019,1791449385,0x199bf225428d5ceb6c0a3fe7e677a190dec7679a649659528d836b88716d1a23
0x528c59d9dc5c70e0167cfd716383f0ed843f5913,0x8269c641b6e37c20f1fb5c7483615c68673a4a3a,52330021,1791449389,0x7743e1ba07a485822583152cf8a65ebca3fa3f5ec1948858a61d33913955ce4e
0xc9d72bb39220b57c40dc71add195739b77932c38,0xeab09e192f4c104c03679da0bae449efee4e1a21,52330023,1791449393,0x94412b69f07ba43756098d498b6d4b35c9f83ef06e55f181c56e91de4b8fafbb
0x21359046cbb0e4fff4355eab55138206efc0c6e2,0xe245995a765c2ee86495330c2c8459f675c77872,52330024,1791449395,0x231120f9b18cd2b205d1ec999a1517eb2a5e2c3324b1bff1a92960902c2b41be
0x37a86b2b0c693bba6df651b7188e0d10bc4d2bff,0x0dca33ffd6e69b47280f50442b5ebc722215ad1c,52330065,1791449477,0xd844fd39e097ec3b49477887f0d2b7fca5d4936b2d129c242aefb82ae6e927cb
0x2f9211276a703fe90133070fab3b660b9c825884,0xebe281b4361c4417cb7324fda4c21ffc8d1f821f,52330069,1791449485,0xa63538d1044dfe47a0dd9a6551cf9428884e20f6545f02662dbac6a4aaa4d298
0x390945677c7cb9a86f936f1d9859b0accea11c8b,0x23e424ad6a84c2b74989721a886df692ef6b682d,52330073,1791449493,0x112660d09df0fa434315a27a50a718a530d3ca642517a9eb0604eead0b3d140a
0x59bbced0b5b467ba302210e493da458cf18e7e21,0x0dca33ffd6e69b47280f50442b5ebc722215ad1c,52330079,1791449505,0x67d8abae12a57b8c04c88d7e2206ef8ddcb78ec42fb5ea71a429d9655a6fc610
0x8f7651ec496c8e093f4ac1e598c9247f4a9e0344,0xc5b1bb30ed5853069bedbb005ace777cd4fe3c67,52330094,1791449535,0xb6e91389bae9bf9b2e53d1f1662aeae517a04316754f6217d11a48cfe972693b
0x6a06c572ac84a23f13954b46730cf47b30afd09c,0x0dca33ffd6e69b47280f50442b5ebc722215ad1c,52330107,1791449561,0x43a7134222ca549590ea3599e12f0a07f43578ac7b37af5ce471e05b3461f381
0x99718860064c65b8b76b7467622b96630201352c,0xe371e6671be5615bfc486405d10c8dbb824d3def,52330112,1791449571,0x9b23b441ce89dfb3e8a970389eb806e44a1f46f37f83a4e48aee3f8087f4b6fd
0x16f1143d1c1659a708d6d278cc1552b6ccae21ee,0xe371e6671be5615bfc486405d10c8dbb824d3def,52330113,1791449573,0x2f8bf30343f8f06ef0b2f9f414953cc6dcbdd8bdd9425d6b8808229af8b73747
0xd0a6aae45927cfd89537d20586a31dbaaa27fec5,0x8788afbeb328363216e6ee122def577d8d78c60b,52330114,1791449575,0x6dfcbd2009d851701957b908afa7b639c251fe687b27d7dfbf1f9414e53d1af6
0x7959183a8af74841a91e3a12c2da11b83fbb76d2,0xf956aa7c233d1ee1a8c6f91014587e7f68223c6e,52330115,1791449577,0x29dca29e5ab7664381996172e1cef358d6125fedd500b2c3d049ea6c70a63526
0x02c723b34905f355ae92b7288af5e29d34347b9c,0x8269c641b6e37c20f1fb5c7483615c68673a4a3a,52330154,1791449655,0x8d53478fac12a161669597e91bad3631d5fe4f428e85a1d72e0b99e4006a52d6
0xf5f95a37589858481eade9de94296a03e7021005,0x45ec2e620dc2414342afe2af952190eb467343b1,52330162,1791449671,0x81c1996a03b5466f3ddc20d92b77e09e5772fbbfdeb0f1f9ad3461082daeab68
0xfab94fe01c7e66d275d87fecf810a0988fd6f82a,0xeb50d38701eddd75396851bf107387118b5e9abc,52330164,1791449675,0xead2964409f403b04696f6e6cf574634d0eba80e5114f4c9044e11b8eafb9975
0x97ac8ceca9ce3849d867738333828a4be425336f,0xf958be6e0e81111bba5326a445e67e81fe847a3b,52330184,1791449715,0xd2d0cebf06b73551bce7de5fc222b3759b6bd9d95c282bca7b30b2bc0629cfb1
0xc12230f9bec17d31c6257f8326dad443950d2ba0,0xf958be6e0e81111bba5326a445e67e81fe847a3b,52330184,1791449715,0x5123d26dc0d2331fe75d0fb4033beaba8f22d61c47ae360689f3e898f2c83bcf
0x810a443561471da2f357eae6688c1ab203f748b4,0x0dca33ffd6e69b47280f50442b5ebc722215ad1c,52330186,1791449719,0x6e28801f8e2b777f9c01e5b08eb7a98ff4f31421d66c4101e09f8a2bb7aac1dc
0x5c160c18b968d169670201f501c9945420302f83,0x149a584b590bfddf498a226b0936b71f3f346383,52330199,1791449745,0x5f6987035a407247bda8571050eab576bff34374b27c8719a5b6e2d39b5f5cf2
0x82df2429d51ff89d3f411105cb784f91fb189d95,0x0dca33ffd6e69b47280f50442b5ebc722215ad1c,52330218,1791449783,0x70e483f156fa3ff46aac7772f3bdad220fd0714daee17f6aaf4237c7b1e18c53
0xdf8c8fc4027f67409ded8c422d3dcd8786f68446,0x0dca33ffd6e69b47280f50442b5ebc722215ad1c,52330227,1791449801,0x703260a302a8839857baaf864dd34531d550cefe1697bdb5ba95ff0e073cfddb
0x277666e8f803677c9c1e3088757dd811a0467251,0xab67565ee9a0c50588c7bf47fdf74e8fe3eba7f8,52330240,1791449827,0xddea342f79e23301515b36143fa9b95c6c489afca971df6e11fa6db69cc13029
0xc13b3164c39b41cb7a3dd926f78f9c0462db6ad6,0x0dca33ffd6e69b47280f50442b5ebc722215ad1c,52330251,1791449849,0x9484ba5680e87587e0782b55ca058e777f17ca13d244e81e3b18b54c5e5364c9
0xc09167098eb15dd107e5f1911807481e5f12047c,0x0dca33ffd6e69b47280f50442b5ebc722215ad1c,52330252,1791449851,0x7f1134b02932c9ddeacc1557cbef67654ef8bbf56b6c2ea0fa0e48402ec1a1db
0x0fcdca011878e51238da4f221bf025c0dcbad74a,0x1a0f8cdcf7be50e04cf4a7df90f417450c070579,52330255,1791449857,0x7345a51dbb047a76a480fa92035fb0d0ddc7ad7347655748dd75eb674a38b8ff
0x777d27aae2da95191cc2cfc235914dc6cfe83763,0x1f43edfd32f57e96948589473a0c28169367bc37,52330270,1791449887,0x32017d686bc1062606c590e68ab4d472c190331d7d340f1463b19d1eb0ea69b4
0x94385475df9f597df4f11656a6ebc6abf016f526,0xac222503b3177f39fd0fdd8aca2ad801e1739ef0,52330280,1791449907,0x9aa726a2293d4af64b78f8a70a0853283a5702b3ffd7eaad358936acf1f7787b
0x14c7b6d5b695067b19bde03d1b6fd61c2a60fa20,0x8d1c359c7db8fb76e786d532f20c1db6e4751634,52330285,1791449917,0xd6598aa4f039e9577a2559d9e81f208a41dd4e748d4760c321dd751525c1a0cf
0xa2fa5503c1e33ee309567fe80aca277cfb16da3b,0x8d1c359c7db8fb76e786d532f20c1db6e4751634,52330287,1791449921,0xb03a57511e19d7ef08c0f8438fbcd345ec5583fc00dd886fc6a7ff6635d627a1
0xf1cd0006dc9404567af3c362595d912fd7baa561,0xdf701bf17bb51718fb0a353be0168d80feb99deb,52330290,1791449927,0x1d0ddafd03074a2f1a1bf59faccc2658334d56adb96a5bbe803af40adbbfd4c3
0x3eb9212272f8f5ec78b4e36a496eeab8d4797d39,0x8d1c359c7db8fb76e786d532f20c1db6e4751634,52330293,1791449933,0x4cf2f2f801679828ae4de4ded672bb6eb13f42744255c9a4dee7753b9acc994b
0xd7cc3afa5e598aea95e536672fd3941c58f3c22c,0x0dca33ffd6e69b47280f50442b5ebc722215ad1c,52330295,1791449937,0x4b37f61cda686d97407d63f3da90494dad70bab290aa4f38e323df62967f2344
0xa5bca356c8473b15c58782498486f28b2290f434,0xd9c4e10aafe51f4d355becc592982ca4bc0ddd09,52330297,1791449941,0x01fc19ddadf63820b5c2bd62084db6dba100c3e7d1a10b4f4af89e994305fdcf
0x770771d107ff2dba0fb50d5410cd4bfadb0cf9ee,0x0dca33ffd6e69b47280f50442b5ebc722215ad1c,52330301,1791449949,0xaecebe54b6dde05a5c6d484212b408eeae4583aec07a2bf69489a7a0f6c992f0
0x3a0eec6d237fb573d6c6a1ca7e567ced8863149d,0x6b379b6a676b9cc97c38d982bc55a8939b6568be,52330317,1791449981,0xb66883fb5e19f7e32b08b418dbb1bb61b8ceb4776274b43beb741a49bc218902
0xb249ddaaa579c129e4f3f9e17024929e34086ddd,0x0dca33ffd6e69b47280f50442b5ebc722215ad1c,52330319,1791449985,0xa9147b2b6899822dfa65663e8ae6f4ca879700ecb4b24833f289defac543aaf9
0x6f3f2c8f4b97e37d8edd346b2a3809df3f0f80b3,0x5695998081df75b90d6dec7b6ac7326f9a6852cc,52330320,1791449987,0x0482eb023d3e2e4343be8021d813877fc8c7b72186742244a611133ff22ff9d7
0xbe9276bd414aee92b83cf5c3155c99146401aaf3,0x0dca33ffd6e69b47280f50442b5ebc722215ad1c,52330329,1791450005,0xeba7cbf5f64f8442884fb413379f2da2aef64706fa605aa95910d5d67a849821
0xc4d6615eee506fc1416123c2818232bb8aa6d49c,0x8269c641b6e37c20f1fb5c7483615c68673a4a3a,52330331,1791450009,0x57cf8b2167e422f15c4a7973bbe9475f962e20b7cb418237d76fd50b8ef4946d
0x8b1815a311b580add95d00b23b6a90bd7ee777ad,0x032d16ec1f4382287cbbfbb87dd8163934a01803,52330336,1791450019,0xedb04cb5168b3c552158efe56255c6909cca15593e854adc1835996bb98af86d
0xca196fc733fbdd98216f87b179de90300a72c412,0x01c6e4dfc8161efe1062b8a12bf31351f37d80f3,52330341,1791450029,0xd8042735df8e87721361dafd6dfbbf859f0a98759cec8b6deb57c87e0d237c6f
0xcf9330b9a1264b49220705bbfee2a9cb9fd70a6d,0x6f2a7928d1f306c3a8bd115aeaf61f5e4bf7f4ff,52330357,1791450061,0x0c26879c0d7d60dc4784d64a5633fbb6e827ef8a4a316ddd219aaa60a818c677
0x4998536bf03136ed5aff02f89efb31bf930778c2,0x0dca33ffd6e69b47280f50442b5ebc722215ad1c,52330358,1791450063,0x10c27e1b4b52c96a86ea12364cacd234c59238e7a26a62820ac4ee6c85b754a8
0x8b1e107186fae6e0fbf4dd2ef6da913bba7ca50d,0x0dca33ffd6e69b47280f50442b5ebc722215ad1c,52330361,1791450069,0x9b73cfb8bb433076f0e5a89b4d626accb6e56507340796d45693cba1567eaead
0x731153f58aa66b02f148a06acd86be13c8ceaa6d,0x88b3e7499f76ee2752a1b8eac74b03b9d9b46d4c,52330362,1791450071,0x9031247741bac97264669b594369e47d63d73b5f4bd868988f8e1fb9c8a2a166
0x6127dae5dd48ffe97171ee6bba74baeb86e91cba,0x72e7675807c7698960c064952e03eca6f9276abf,52330364,1791450075,0x363b2af2ac3e5f45641c28ba56ad1f677f8d2907bc3fb826ae45b6ebb3603261
0x2be3ea94e08bc2862fd4039cc626cf996a6a659f,0x5695998081df75b90d6dec7b6ac7326f9a6852cc,52330366,1791450079,0x538190cc7c344b8c9ac13cf3bb268c066e3a0b40bea085c0b777a50b7a11a2a4
0x9d337be89ebf060745360caf0d08c82c4b872ce4,0x0dca33ffd6e69b47280f50442b5ebc722215ad1c,52330379,1791450105,0xd08a33d2457751c963a45d7328bf832754bf57522260a6394f8a1353a9850ca4
0x38422a371fb5ac37727cc7637441e802ddef5433,0x0dca33ffd6e69b47280f50442b5ebc722215ad1c,52330381,1791450109,0x0ef77856e7ca19d9d6f32e770cc49202f10ae1515d1ce4e88c41221cba31bcfc
0xc1081762be8646213ae31b9c3a331e26e60d9ced,0x0dca33ffd6e69b47280f50442b5ebc722215ad1c,52330391,1791450129,0x8e1a03a8f61d55f20e25e3f38071405c92261155dabfe3057a2e0b8168634718
0x8506cb470838b9481e66340bf014ea106899cd3d,0x0dca33ffd6e69b47280f50442b5ebc722215ad1c,52330397,1791450141,0x0e0a56a3f08b1d3bc0cddd4047f302a60ad987138665dc89b152ec7ee28a7956
0xa6defe64c8f4b3861e0f77c332078a3e6b652f9a,0xadbbf37fd55e40b05086b88de209b3881634345b,52330397,1791450141,0x5b47b721f9a73a1b484bb5878241c49699f3195a8d501a3fd69d7d7739d4fa91
0x20591e4aae8488f6ac7f044b4da53d2825e7a366,0x36948fba1fd52383d62aadf504dbf38f585097f5,52330399,1791450145,0xc0d8a4798f1e3436365c987ebbaaa274aafe677b9cc86d7da5ef3f72f94bb871
0x2f0e28db66cad0f79e2bf43d522d50b2b78489bf,0x5695998081df75b90d6dec7b6ac7326f9a6852cc,52330400,1791450147,0x69664b38073f22ead06ab356609ac8aebf7d0f383cbdb240ec9e253a9fae85ad
0x4fe4d2c021cdc2dd636b2c48026429c923a92527,0x2ef45ba6af3f7a89753286bfb929ad3d6a1862ab,52330403,1791450153,0x6ed5b0663bbd6772f16d9d44252ac3de20a768087ba120288615f7500c74aea9
0x373d0e0fc68d6eef3a140186e8f91b32c3a7286b,0x56d5c372b899c62c9427cf78a9ae1117c7e829f9,52330428,1791450203,0x411d36eaa3947d59d7db6a8c5ef1d21504b1d32be2bc5237cfd10eb3ea0ca7ae
0x899b0050d5953e8c912163d8f3d5a7b67f6a8860,0x5695998081df75b90d6dec7b6ac7326f9a6852cc,52330429,1791450205,0x5451e3e6bd9540b78b4582f0b00c070fef6b61e0ea93335239e292d5c1a6d5ba
0xf5c2f0ea9db3c328e603ba5de3fd8edb594d889c,0x900845cd8ec860a374f247af851243425802da7d,52330451,1791450249,0xfe351f8494aa546f615ef60b8adb9dafc5774fe384b49c9ebac26364829dd7ca
0xae4eaab0eaefb4368a864580da8ee52ff04f4793,0x0dca33ffd6e69b47280f50442b5ebc722215ad1c,52330456,1791450259,0xb6dc07c947dcf1544be320de3b620201005371659bb6324c576abe05847388f4
0xb520e0a068639e262c8a828bb634d86068548724,0x5695998081df75b90d6dec7b6ac7326f9a6852cc,52330461,1791450269,0xb4a036a7bcd8513d831c9a059ab56f6833fb2f9eb7a309f5a8711b8d66f44a7c
0x823e56ea8fb3211c7bf10ac07fd49c27083387c4,0x0dca33ffd6e69b47280f50442b5ebc722215ad1c,52330462,1791450271,0xcddd3e212467a15be5de406f982e44a02b89edc1a31551c7815bd002badc971f
0x77ee9038774e21206661b4cab62b1be7632ccd7c,0xeab09e192f4c104c03679da0bae449efee4e1a21,52330465,1791450277,0xf51ecb882d3cc8fc91315f14110da98d4cfa379d555cc1c10de6ffd3d04bc28c
0xc4717fda092284b3785b9d7e62a9f157b232a33d,0x0dca33ffd6e69b47280f50442b5ebc722215ad1c,52330471,1791450289,0xa1f20da5b16fa87b4cef3b1554a04a6828ee9a9b4a1fab1b79aec1d25e3a9abc
0xe79dc915239192cab2531c31b8415ace71ca5dd1,0x40148740ed507027ee42b5c8f8e4afa894fa2d64,52330475,1791450297,0xc4663858ff3a3795cb2d393f73758e0c702384acc5172694e46155c33414ac25
0x8d4b617b8cf39212c96a1507f67c41a75698c776,0x40148740ed507027ee42b5c8f8e4afa894fa2d64,52330476,1791450299,0x5d2737af26cf27451081b4858d88a7df8faf2dcda1b52e31763d012151c04b7d
0xa5e206058e80d1eaed4b83477a0908f9f0e8cd2e,0xeab09e192f4c104c03679da0bae449efee4e1a21,52330478,1791450303,0xa1949848285e480b3673bf0eb837d8d26a3ba319265b7f7f6234ab079e78e5a4
0x450e6bce4e491aa62b52f30c12d198a4d31896c6,0xf54ca7726ca1298a349ffce34bf204e9952b8cd0,52330480,1791450307,0x34675867624ba9351e6b280565b74f7de3b09c546e30b2d1f8f02ccd8b72b6de
0xce02b5772755012c16d1f060126cfd00c431f54a,0x0a14f362843ad7a6f7f819ebd226933a46390417,52330480,1791450307,0x1babeb3b703361d7822226a53b22faf3a657a929aa37a70b8dda9371a60729a0
0xc894a0611743a60e7c848c1b107abc8349669008,0x3fd1347154f00dcdbc078488686b78c2caa2c4a6,52330483,1791450313,0x47d0aadd9982192fc1b89e86647445fef95dee6d240223eca8330c6cbb3c8e3a
0xbdae3f6f2a1297be4e77dc9f6e3a1863dde1c5e6,0x5695998081df75b90d6dec7b6ac7326f9a6852cc,52330486,1791450319,0xa4303332e30f6adc3706e193f15ce81d642cc095b0cd7139f33ba41719314f7d
0xf90eec480d42422dff18544cccd0ca3a59d38cca,0xbb151da331d123a23ff87641204be7b5ec0ebcd9,52330488,1791450323,0x472e5a90f93021a30ed12061bfe24496460c8d98437469c0af22f325304974b4
0xc20d7761029979c46d3ce0213452ec3d50dda7a1,0xeab09e192f4c104c03679da0bae449efee4e1a21,52330493,1791450333,0x3b818d74a8c281b6045d4014c5e03c902f416b36311a1e1d69847832ed0547e2
0x4cab4f28d8f56c01c423809382c5f8e73fd6ed25,0xbb151da331d123a23ff87641204be7b5ec0ebcd9,52330497,1791450341,0xabbb52967cfd7c65f761c2c6459fbaea8a493bf1d5f5493df0949d47c8b99c7a
0x75bee107b081e66eb5042d29283501e6099f289e,0xf54ca7726ca1298a349ffce34bf204e9952b8cd0,52330502,1791450351,0xc15a671bf722e9e3b2b4867224ca061132905a3d84c2797e08010f83ecdc4237
0xd41859405d43cd57d97dc5dde0d016ee58771e18,0xeab09e192f4c104c03679da0bae449efee4e1a21,52330514,1791450375,0x194510b91b50578228f292989a9184a67832ae791c361f6d75c5f689ee0c3e13
0xee7aaeeab24cd96388d1ef05b330f0e9f8702d79,0x5695998081df75b90d6dec7b6ac7326f9a6852cc,52330515,1791450377,0xef65956e5f58e735af635a7506e9d111656059b7e272af470caa0a3a8849ba72
0x63c7b45b17ef77655f410ff0809fdc6f4fc21591,0x0dca33ffd6e69b47280f50442b5ebc722215ad1c,52330517,1791450381,0xc2cfdb8abb157e8fa5ccab077e88e4b829c7212fb3fced1e1b72ac4b2f7a5bd7
0x6352be65e0609d9e7a5f9b1061735ecd8a15df87,0xcef29262b7593ba817c9c2e813126fdcd8d43ed8,52330521,1791450389,0xbcfd4312cf7363241483cd29debc141c3af0d84d124879c808f55103ef61a5c2
0xddc3aade313ff12f171125c4c0ce258d1349382a,0x855e6c6026a4d08055daed9e5005e9a11de1f3b6,52330523,1791450393,0x5ac03a5492a06ef774a0cd76bcf4c71fbe8d1d729cbd1df912509f9331ee1011
0x6b62eb202b79f4701cf6e832d363fba4e22b63ed,0xeab09e192f4c104c03679da0bae449efee4e1a21,52330531,1791450409,0xbd9774a07c8a12d984f997a24946371c5bb58232fbd1e2f7e06d2444cff65915
0xc14a04fbab9f28d81fb1a0277382cc9910482616,0x0dca33ffd6e69b47280f50442b5ebc722215ad1c,52330531,1791450409,0xe2834102f045f7cf564dab629665ce95b4eca8596ab79dfc5ddaad52565c1950
0x8ff594bdfd7add893e2af59108409c913290ca35,0xf54ca7726ca1298a349ffce34bf204e9952b8cd0,52330537,1791450421,0x3455385ba996973068b695c0a6e25330700cef271c340e682285b11d124c5d24
0x66e0a1fc8801fbb415f22194bff4c9801f19129d,0x3d37da298e3a19e6b3d50802bff5057d364cd4ef,52330545,1791450437,0x470c3b1ce66e021169cafe8c6218de0782cfe5e3d18043317262a39fe564683c
0x724d7fed839d0ef4d777be727d8cec4ad96a8dc8,0x5695998081df75b90d6dec7b6ac7326f9a6852cc,52330545,1791450437,0xa50e6a8759f4194511aefac4b63ad68750c8ebd77ae9f360c2ea5113abd1fc3f
0xa4d8a51ed8ae4d5b708583b5b5d4f2cdb95d8971,0x62c9127406cabbd681026d1cd649cb4eaf799f96,52330545,1791450437,0xc18ed1d9e9c011143558e5ec192bf4d402ccc7d3ab9c36605765a38ae8b9ff44
0x752a7665fe51e96e1f0afa16bcec8bd6cbaf381e,0xd4543e08e46a7260f2234e8f58c8c6676a2367a7,52330546,1791450439,0x62aab92b66932b661a58190fba817abb9edb24ecef108d477ef2d85cc8917ac2
0xf7ad0ca774720bee09e0755bdb9466b1c46f6ffd,0xd4543e08e46a7260f2234e8f58c8c6676a2367a7,52330547,1791450441,0x93aa7e556807fd0d4c2f6616d80103accc8b1f28fef3b3cfbcd5092358a21e47
0x59b07fac9c9beeef1062a5459039105c73a1d016,0xeab09e192f4c104c03679da0bae449efee4e1a21,52330554,1791450455,0x44f5842f5007fcc37b576fb6df33a089775acd2407a0f286c932e03e5d208ad5
0x19cad60ebde51ca5ae54b9cea2c3e6fdbe25d835,0x0dca33ffd6e69b47280f50442b5ebc722215ad1c,52330559,1791450465,0xb72958d103d36f6868b3883d9fc5408c60627dc0b7831c00347f1fe468fa10c9
0x9be09612d8fdc0ef71332aaa17e1b326dd95af8e,0x9bcd8076840378a6edffc97ed824621c48d9104a,52330567,1791450481,0x66ffb715375a580a0347ffac7e2b865bdd410769fb009f47117c841ed1ec67b8
0xd16eb183621b215a6c9c4f458486f102753a945f,0xeab09e192f4c104c03679da0bae449efee4e1a21,52330579,1791450505,0x121e13d21a8ad33260f0e715a881b4c9a29688f9bcbf200f41f6c78607346e58
0xee509e387c3fe1a42b44e02f738c03224126318a,0xbb151da331d123a23ff87641204be7b5ec0ebcd9,52330579,1791450505,0x88fdf28de3c9f776cd8ebb74a68ad4acf1f68002ab0038da6136a44e4c4f8a1b
0x9bad3ea860e5eb0e65ceb6c0ec7058fedec8dc57,0xf54ca7726ca1298a349ffce34bf204e9952b8cd0,52330595,1791450537,0x808461f31bb84a750a410cb760e5ccae46daabda577fd5c95bcd19d0182b87cd
0xc9daa1d137c43137346eeb8db64adda2ee81c812,0xf28c355af50c7600a7412f09914d01de80a9dacb,52330608,1791450563,0x237519df306ce067bb7bb7fd6df0db134581328e007ea2b470aa2e2ad73e5ca7
0x52e3648f2ac417bd1df7f40e7bb3c248cb2539cd,0xeab09e192f4c104c03679da0bae449efee4e1a21,52330609,1791450565,0x6708789b5f426fdfe3732d1fc18bfdac733ac024461d020b222a03df14a801fb
0x70bcb8da6d80734c206aeba2ae9a20940090dbb7,0xf54ca7726ca1298a349ffce34bf204e9952b8cd0,52330616,1791450579,0x61bba418f7e01c4723942708621d3c4f2d9d4804df3d5a34a7b9d6f741dd2e1f
0xf336fc476eeb8f2da0d3ace71b6446fbc7a8a9d2,0x5695998081df75b90d6dec7b6ac7326f9a6852cc,52330617,1791450581,0xaec176f6967ea01ad35595df12a5379b01d428107fc76599447c51465e3f8080
0x3187aeb1188b23b7063410e622c76469ec153f79,0x4909a0175e769cf1f6ebb15788e8da9e2e363f48,52330621,1791450589,0x1768edf3aa5413d7c818d0e5c301d1aa4d7d56cdbae9181f2f1951eaba83a672
0x3d312f4c0ddcf5f807f1e1eacc35e24b277133d3,0xbb151da331d123a23ff87641204be7b5ec0ebcd9,52330632,1791450611,0xa7321fbe7371c71df0c5df24c30393e558683e925ac2df612b57ecb490db03b4
0x3c0fe2c21df31369b2cd9ba0faf9a71881e670c8,0xf3ecc28a06b22dcfdf433926eee991baf377732a,52330635,1791450617,0xda255e735b89a49a5acbfd318f30dffac2aefb608a8449aa7687b8139f2258b9
0x2b102bad9e801581c7be4a2e2fc9928fe23ba989,0x0dca33ffd6e69b47280f50442b5ebc722215ad1c,52330638,1791450623,0xa2f8d8e8ce8c4825e165891bc943c0d1923639291af9eb0efc7cf4847eafc342
0xdcbdb2e505b5d46d406af83f9509176b82266a7e,0x5695998081df75b90d6dec7b6ac7326f9a6852cc,52330643,1791450633,0x6a64e65295c1178fc55296e7bbf9c54a85d1863e78d44086248a355d28bcfd51
0x979681ab10daddff4705cfa6e0b66c0ea4c7fa88,0xf54ca7726ca1298a349ffce34bf204e9952b8cd0,52330651,1791450649,0xe4d37911c3bc9eface9e29e851e848290cafbfe3069443713543f174a6f65e39
0xc55a2216b3c6503d89fe0da2e0b01e28855d2725,0x263f85bbe4f42393ae13047f526ab0fbd3b3b179,52330657,1791450661,0x77df4997a285b0a2e456e692d857878d00b306db89cf412c78048a170a1529c4
0x6817e30fa57646785ed1e138dd69fac55d8d0830,0xf69d751b2510550baddabcbc085070ac8fdf49ce,52330660,1791450667,0xc518297df5349256b2b5c9d99a4da25708e3940212050bdb043bea0cfcbec8a7
0x99daaad10d0f2bdde9f85258dd59a23a3ac85420,0x0dca33ffd6e69b47280f50442b5ebc722215ad1c,52330670,1791450687,0x62d6648190002a47ef2817cb3c77cb4fce85c9f2c752ac23979320cb69c8cf8a
0xaec8fab3290ffe6ba34f74d15117bac6c24307a5,0xbb151da331d123a23ff87641204be7b5ec0ebcd9,52330676,1791450699,0xa84d6ee9b07fbbbdfdcc1d10f70625c9d409314dd2bf60b13b1d94cd2410ac3e
0x0ee4df67a2114003e1e66b734433e13dd9b0f647,0x3afa8bf0fe33f2ad6882156012f4c86af8481d9f,52330680,1791450707,0x8acd8ae1eabbed2a189523acbfb1b551c676c21049b98440d68aa264752ee72b
0x4261054e6f4b28eecb8cef1918c7586664daef5a,0xeeed6f0e05fea8b05750c2428595de486264d46a,52330685,1791450717,0xb10db6e08eb7f938f37c19b1e28bafdfac7b38f19f9aeb755c7f5ccbcb2222ef
0x45ea5d178fc426ad79066f7d10f3125380479157,0x5695998081df75b90d6dec7b6ac7326f9a6852cc,52330686,1791450719,0x140cf37b7fd0f3a0ae075ffe3122c7dce39f2f28d82dd7c68c0a6693bb3ae82c
0x60d74533fcefed2d09dae1bebbced7a91ff53f26,0x192c2aa49a89a1c75cc6b2967f8a2397af601102,52330689,1791450725,0xa9318f88b3ac33420e0d8689606754920eda1bf582d09f2de0b0b38b2e5a23b2
0xfc54d42465e6625780daedfc9c345763fc23ecfd,0xbb151da331d123a23ff87641204be7b5ec0ebcd9,52330693,1791450733,0xf0be37419c773b609c9b0131a1697048008bb83648011d28e3716a2ec35a3711
0x34025870d341eff9117267dee4b4b6216ba0fb10,0xa9abc3af3e4a2c47b0734877aab5a2844ce8ab4f,52330698,1791450743,0x606be618283309738feef34095d234ef80bb7f5db183e28ac652bcf576ec1062
0xd74a52f3c47f2552798c73cc690f789e0611e972,0x0dca33ffd6e69b47280f50442b5ebc722215ad1c,52330703,1791450753,0xe9e691ba376531b282239de8544a8374eb448b8b7f829131d80ea93a908906a2
0xdbd32127b4179fa7d54e18a6b0917c895260a34b,0x0dca33ffd6e69b47280f50442b5ebc722215ad1c,52330704,1791450755,0x442122b895c21a48849fe5d54239b35dc8903733c7e0b30c9e26ba7a96834817
0x6ada520bb0562b6d8f38dec0bc34a232f2af2565,0x4f4bb2ca77ae1d14a381c54f16c6e72cc791c1f6,52330706,1791450759,0x7b86a4ff2907c6cc1a928fda872ae3a786e72a9e692ed09d37b6c1e4883eb457
0xaa58d314398005c8ede49e7cbd23aeedd8cfc86f,0xbb151da331d123a23ff87641204be7b5ec0ebcd9,52330711,1791450769,0xc1fa1486c7dd1b6b7fd0484cf9364068164249b80313b0b1a6e61c77c29555ea
0xfe76d04e87fa96e6a26ee2268073b4eb531238a9,0x5695998081df75b90d6dec7b6ac7326f9a6852cc,52330711,1791450769,0x10c7878b65adaa688eca304e3c0b5c95e5dc303e5a549b88f0cd6d0ca54cbc50
0xd4ee01ebeb5314fc5d8499aa0f50dd426a0143cd,0x5695998081df75b90d6dec7b6ac7326f9a6852cc,52330717,1791450781,0x44ab7ea50dafac4ca4a07a16eb8206774d495aa7e861f070ee5f3d1f663582ad
0x8031f5bca5f7d53a01f168da1931629df751c497,0xbb151da331d123a23ff87641204be7b5ec0ebcd9,52330720,1791450787,0xf1bee92e0affdc88ae07129584156c12179fc6ae86965abd9688421dda904a2b
0x773165e1a2a73ee4fc47c5411505b6a8eab84433,0x0ad4aaaa425320c60944777751df822cbd57e5ee,52330721,1791450789,0xab07f027ba0429176dbb594f8f453e05f230b2a37aba3b95ecd16e2ed497de2c
0x9535c25ff1bacb5dae126b95dbba947dd3aeb730,0xbb151da331d123a23ff87641204be7b5ec0ebcd9,52330728,1791450803,0xdef61f315aca6b578b155c00696a93d6504ebc16faff67dbee7293c7d18cc133
0xfebf4b2e1cc2dea5727f4b2079b50e1e23a9e82f,0x7390c7402415b02511b179eaffedfbe82cee490f,52330732,1791450811,0x07abea6b17cf2454d722701f1696147aa298bc1a689ff1d301e8fa1ee282ca7b
0x5142775b3be03c2fcfae022c4f0ec60e943370c6,0x7390c7402415b02511b179eaffedfbe82cee490f,52330733,1791450813,0xc91372c535784205b0a09ece0c7ec35a26683f0df589bcd7c2e2f34443c2ec4d
0xa08f1caf3bf4e5077a928d5882588ed492aa1ec0,0x3d37da298e3a19e6b3d50802bff5057d364cd4ef,52330736,1791450819,0x13293d2dfe514daee624ab40cd8ef28af77001d7687f74e6d56f131e09bc367d
0x5aa8e392b9756d3c116f6407afa1122e99c37dce,0xbb151da331d123a23ff87641204be7b5ec0ebcd9,52330744,1791450835,0x64dfe4f715c07ac34c95109d15df3fc42f351acddc89b22b48c4f4e47e6bcc90
0xb62f9549d686fdf67484f32e23bf21ec71b56025,0x0dca33ffd6e69b47280f50442b5ebc722215ad1c,52330747,1791450841,0x1fd8718a03eacef18b877e863a83985c0b3a688345adce0d0fa047aa20e0ecb7
0xc7023f5072e1bf9c89d5f251724955934f69c7f1,0x5695998081df75b90d6dec7b6ac7326f9a6852cc,52330751,1791450849,0x4499b264feac833a0150d6bf83935a3d7af7e748b9e78fffeef586ee484d62b4
0xfa36161d29bfda07c0e074e5a717ee2468831ba1,0x0dca33ffd6e69b47280f50442b5ebc722215ad1c,52330753,1791450853,0x256095472544c1f045193204bc0d1f97d306281a8aa7bee784e26dfafe6f003d
0x7d8896f7e747d1f3e632ad02cd20b29db0b9d66a,0x4a6c92cfe5b2a7837cd072c67c888dc79ec78ac4,52330769,1791450885,0xbe8d33d2bc1af5aba3ca9e32943eb8b6465566be57309b581d74e53aee851c1b
0x04eaa9d0d9eb98d1e26a3621395623ffc5880e82,0x0dca33ffd6e69b47280f50442b5ebc722215ad1c,52330770,1791450887,0xdf4b35175518b50089c5f6d8f40dde00de3ad2d84980faff0b07a72c03b38f0c
0x6376214c8a180a08a2b9587e982911c992470393,0x1f7628008183134da49a4cf8e31befdd9b1bfc5f,52330771,1791450889,0xcb1396fb1d20a9fd6c847adc27482cc038e7ce0dc8f4e5820350f224ba0ff770
0x05ac84af30c892ece36ad22529a0850327b999aa,0x5695998081df75b90d6dec7b6ac7326f9a6852cc,52330780,1791450907,0x83b9ecc5e6831ce1ccca0556dc8f5b8c19b13333491307c3bd1e2a0c2ed81ea7
0x7a9b153bc5950ca89703feeb65da5f43b2ccbc8c,0x0dca33ffd6e69b47280f50442b5ebc722215ad1c,52330781,1791450909,0xf04a2033c0f56c7333027b2eb8b8b31019068e4dfde5f3a91968aa0f6b3537ad
0xa0f27a2104fb1af70bb7447db01d3a57105a1285,0xca41e7bf579ec44cabc0da5cc2ecb11aba6ecc0b,52330789,1791450925,0x6c4bc2c4feaaa3d3548883331e2a9048a398307fdea77f8a8c917d4385cda719
0xf04dc04eef29f2cf9a4cda0a25eb5676645f3024,0xca41e7bf579ec44cabc0da5cc2ecb11aba6ecc0b,52330791,1791450929,0x0fa96d995da99309fd350dcc3dc70a2f827ff4344a53d90a45264e24ef45610e
0xc4e27ee741bda66e83ca13d746ebb3f4bcb236c7,0xca41e7bf579ec44cabc0da5cc2ecb11aba6ecc0b,52330793,1791450933,0xe666a4aab9edb8f8d66c45a6ab9696bb3faddd9e9831d1f550ae686b6767af95
0xcb0a88fa980a0460c5df7c452cef54cd049acf61,0xca41e7bf579ec44cabc0da5cc2ecb11aba6ecc0b,52330795,1791450937,0x46368add904986f1c7559ae1cb6dcd11f35b3581e7c2874f9584ef7e669119b9
0x26a77fbec0df2954991704bb19152b03f8ea729f,0xca41e7bf579ec44cabc0da5cc2ecb11aba6ecc0b,52330797,1791450941,0xebe91968d368f04f1b93ba56a66cd07052d3d47a74e5f340b9c13a0ea218c069
0xfdec6b674c5a5067feaf02dbcfb5a68322af95b2,0xca41e7bf579ec44cabc0da5cc2ecb11aba6ecc0b,52330799,1791450945,0x8b916c4c7431e537b8e99d5c9fae8f313421970fa9715134d59a3dae3571835b
0x00805269cbb83c80c9e57e5f3cadf6cf2c98e106,0xca41e7bf579ec44cabc0da5cc2ecb11aba6ecc0b,52330801,1791450949,0xf74eb26d3c51856f02f3f84cb38be45363a962531a14fb5ca5745500c61ec1cd
0xcda59a4971bad480d08feefd2af1a7a19881089d,0xca41e7bf579ec44cabc0da5cc2ecb11aba6ecc0b,52330804,1791450955,0xca05746270645684a1af93e2b4a7431c8cbfd1bd5be71308f7d457babe4aa7ee
0x9287dcd44bf88f3e9b18e76eef02f57a707f2266,0xca41e7bf579ec44cabc0da5cc2ecb11aba6ecc0b,52330806,1791450959,0xbd125eae3b633b312e231559a38bccb9b5eb5da434c7bfb35d07d0ac213965b5
0x96f3224f250ac15c8d56ef96a2e210176956b4ee,0xca41e7bf579ec44cabc0da5cc2ecb11aba6ecc0b,52330808,1791450963,0xf93db5bfc1cb29bc00d31cb9256dd9e4ef5dfad8f64948c934fc5b9fa828ce38
0x6a2cc40e853c25e9c23bd5acbe22cbcc69e5b024,0x0dca33ffd6e69b47280f50442b5ebc722215ad1c,52330810,1791450967,0x3ac62f2ed6bdd1d70541153ec36b9500fa9b9e983f82a7a631f557aca6d46e9e
0x0fd8a44966ac6def684900a6e85edea328fe4e85,0x0dca33ffd6e69b47280f50442b5ebc722215ad1c,52330812,1791450971,0xbc3f310aa7e3974567a987010c39a5c20033e974bcdf6962e88730bb4a38609f
0xcf1ce2efd72efcbf07fff1a346fadea7fe0e9dfc,0x0dca33ffd6e69b47280f50442b5ebc722215ad1c,52330816,1791450979,0x624f294beb97e05f2a838f769d04b0f9bec31bb1923507df591ebd1a317dbe62
0x8a20ada181da94882284a4ee17058142671a98a5,0x0dca33ffd6e69b47280f50442b5ebc722215ad1c,52330820,1791450987,0x5583ba6a3dbfc833d59d701ed57f58118a4a790cb2ac6ffe70af9a66a8dca347
0x5212e3dfc5a23ec0c69555f9135b5f52aec4b08c,0x0dca33ffd6e69b47280f50442b5ebc722215ad1c,52330821,1791450989,0xdb248fe01e173de6564c8c7bbbbf3f170881900fd87dacbfbc57851a99eb5c9b
0x34536e3a469302787b03f7d443d49d8d6d66e4a6,0x0dca33ffd6e69b47280f50442b5ebc722215ad1c,52330822,1791450991,0x18fd6e1f65c8568eab70646d8f6215711a0a053f11b01fdb3db45c8b297e3cb6
0x38c72f49f92478e3cae109332fba1f28fc5d2f7b,0x0dca33ffd6e69b47280f50442b5ebc722215ad1c,52330823,1791450993,0xe53142e731f0d3dbc82606d6347d94ad7994ba30c3c709865265417867adbec3
0x3b823811790bbfa27d1ff91b53c88c30f606d8e8,0x0dca33ffd6e69b47280f50442b5ebc722215ad1c,52330832,1791451011,0x50e48a8166f6f0f62b86f37aa56f920e5e1992020892c055acfa541ea8703162
0xd2232cd539c40fdd236608b189696ddc0092cda2,0x0dca33ffd6e69b47280f50442b5ebc722215ad1c,52330834,1791451015,0x8ee8683475070b872472495ae69eff08eb1eb708bd66701bd63b4906a2310e0f
0x1c3188be71cfceba2a55bddf6bd971fc33cd59e5,0xd423860a89b84a7ce07b6e911483977d3c05aa61,52330839,1791451025,0xfc2bc004e8ea3f5968a4aa813d1a81500dd66779167ce2be033ca2670bd07697
0x674123ee1c7f70f0de5947b5139d59ccd339dc6b,0xd423860a89b84a7ce07b6e911483977d3c05aa61,52330840,1791451027,0xc179d6fde7abb93ceedc13126ca6805eee0c2eae4d90ede9bef66b7a02100547
0xfd833b17210ce3525dd5774fee4e3a73652ca1b9,0x0dca33ffd6e69b47280f50442b5ebc722215ad1c,52330843,1791451033,0x65a54c285552a18eeafeee1e007997f3e171d732c1530c28993b1341b9f66ee3
0x3b131f0bcf3fffad20ce67040db923539b5488ec,0x0dca33ffd6e69b47280f50442b5ebc722215ad1c,52330849,1791451045,0x34056b4c9757e736d92a3fc3eb01ddb44ce2e85d949188d54f31162ee10ae619
0xa1d9626865b359924834dea72e548a3688e1fef0,0x1fdb1763cf4843e2c5ee437a537f29c59d8357ec,52330855,1791451057,0x12cbe7e34a2ae06e5c4866eb0f822b12e5219201007b2aa83c9b7d2aa8a6ffae
0xe658eb3903748053255bdc327708cf208aa96247,0xca41e7bf579ec44cabc0da5cc2ecb11aba6ecc0b,52330897,1791451141,0x07e59cc9004c1f2ef685c05cc425e67fa0ef7ce5ea7c5d27daa18187649a506c
0x7c633997ac5831f41e64bb42784bcd7fe2db66fe,0xca41e7bf579ec44cabc0da5cc2ecb11aba6ecc0b,52330899,1791451145,0x911dcb2169577111108800275c71d9a27a0f86ed581faa7c3e571f2f2d4861cf
0x8da1d8c7bdab3feaeaf69abbf1b85a05c8fc7a77,0xca41e7bf579ec44cabc0da5cc2ecb11aba6ecc0b,52330901,1791451149,0x18953e4dc3f862bc48f2a581ff04dec7695a8855e2b20e48be3a7b0a9aa7d030
0x56324b6274c12b209e09a8a71a9fecba738b13d8,0xca41e7bf579ec44cabc0da5cc2ecb11aba6ecc0b,52330903,1791451153,0x4aee676e895d8c3b503a5b05a94dc289a403fe86a64b2e4266543f0656d8b316
0xcdd6c3ff8d9502c2d16478b4a48e8baf2991a07c,0xca41e7bf579ec44cabc0da5cc2ecb11aba6ecc0b,52330905,1791451157,0x9854a953c53c76408804812be9e963d327e3598c19b0659d29d8aa7a25afa4f9
0xbf5750083ea7948da830cfbc46e3a8503759e6f2,0x0dca33ffd6e69b47280f50442b5ebc722215ad1c,52330907,1791451161,0x68bb62a0380e282491a9379b091cc8f1b3e18ccc996df4eaaa95305a59115d6e
0x66d860eab5603ae6fe3b7925a14c7d8802e7dbca,0xca41e7bf579ec44cabc0da5cc2ecb11aba6ecc0b,52330908,1791451163,0xa4b9498e75287af2dd3322b65ac148b2a5f970a0d809f65303d40d83d0d1e1fa
0xf2d914703b37b4d0bcfa6244f076107c766b99f4,0xca41e7bf579ec44cabc0da5cc2ecb11aba6ecc0b,52330910,1791451167,0x05b8cfb37d5452207674aceeabee03b00ae0973539303406e282a7f6a43b2424
0x5acd7958aaf43b8778350dbfd8bc391fea2cd9af,0xca41e7bf579ec44cabc0da5cc2ecb11aba6ecc0b,52330912,1791451171,0xd2505f641d9d12b51c78320830f337baaa78b68e6a5e08dcdbadb80b9fff0a53
0x4343e343209eff393bb8a56bf0d31321a6a56650,0x0dca33ffd6e69b47280f50442b5ebc722215ad1c,52330913,1791451173,0x5dbc3f0c91536173f0bd0f27406a29659d03379ac650b503d4f49e4faba0de81
0x6698ec6146ea1f012336d699aea01a8a11ca4a87,0xca41e7bf579ec44cabc0da5cc2ecb11aba6ecc0b,52330914,1791451175,0xd8bb3d3e78ff116a8ba1ad366dd8287c2c6ebf1fa0cc62af1722156900219647
0xa57d193d80d833c4b56cf55a60bcba735b702322,0xca41e7bf579ec44cabc0da5cc2ecb11aba6ecc0b,52330916,1791451179,0x6921e4d43572c2959992ac44c69a67728fdc37069622da6f32b4175cbb3ca9e0
0x69753654b34fbe0f997d2eeaf774be0eb0808235,0x0dca33ffd6e69b47280f50442b5ebc722215ad1c,52330922,1791451191,0x3d38955ed06ec523997c672b3ccee72e6338df9c403964b0d7943627a8c84bd4
0xae482b1559f0f1ab1087bf10a1e3e5839185d2bd,0xca41e7bf579ec44cabc0da5cc2ecb11aba6ecc0b,52330947,1791451241,0x451d2794eb516aec680d1bfd898e0e6f521d8210299e4b0f1314286fe4e11b4c
0x642ed5eaf1bc334aaa41d31fc95d61ddc536286b,0xca41e7bf579ec44cabc0da5cc2ecb11aba6ecc0b,52330950,1791451247,0x24c594e011906be9c858f9138c98dd695c422883adcb2924399e7f93fe54f1e1
0x951505bcdc9c00581ba92848c39844fdbe1d2979,0xe29290e3895486e2a0da71920ab7d8506078efeb,52330956,1791451259,0x5714c3317835d9b1768769d976d76205c2ded1ad77625995acc697392b5d428a
0x704c91d2c72adf89fbc6e1316f65685f07bba81e,0xbda747383efb01e125c641969446b93f8074e088,52330960,1791451267,0x3da0a398ed625eb191444d64550d9200256db9747ae39320298dc9ee3f109732
0x4d8c4474c689076e22729efeaf0afa41d856689d,0x0dca33ffd6e69b47280f50442b5ebc722215ad1c,52330968,1791451283,0xc4ee8474cc1c2713d84c96e15d0cafeaa7a38c33c4d9c921df6ea64d17fb3f00
0xb5cb20d64292a49bb7035b3448b80eaa4fbd4e5b,0x82b588e919f9808197d6171c5acc29e4bd75464c,52330969,1791451285,0x73db0c8d8cbc7e36be25f6c4e679973c76069eaf496a5055e885f1b88bfe6ff9
0x8bfb052c9b74d33b955507010a2ea6d039ea5083,0x0dca33ffd6e69b47280f50442b5ebc722215ad1c,52330972,1791451291,0xff4e792723bb5695d116cd7c7aa6f2f3d4fc5b035c7de4c029c26528679553b4
0x47c7e85edda899dcd5669d1885b78ef3fa38c541,0xe29290e3895486e2a0da71920ab7d8506078efeb,52330974,1791451295,0x9279abc2d71d39514b6372c6f0a2a02bb6e1b76b2605d2d9fcbcd4b8b9b1113d
0xda6ad640f76f562f09d3845edd1282b9c3405804,0xeafa14394924e8b7bbff29f369e36037a18af66a,52330975,1791451297,0xc1b1c6365441431552440a044730ecabe5b08cd16413f66c10fe071db71b9135
0x47e30faab2df3bf4402aa7f384a2f7299d138ef1,0xe29290e3895486e2a0da71920ab7d8506078efeb,52330976,1791451299,0x18af13db675bc6f542485f2b0682855124094be7df8494b6deb91375199309c6
0xcf8b1ee773cfc140c8643fd64d8d360d8a15b4c5,0x0dca33ffd6e69b47280f50442b5ebc722215ad1c,52330976,1791451299,0xcc4f33be82cdf0e017035337fc0d5a51098bbc9d9644a40a3ee53b2c8a9dd2c9
0x21274b297a12257e6b98ee974d9adb9b2ed24b87,0x0dca33ffd6e69b47280f50442b5ebc722215ad1c,52330977,1791451301,0xb89cdcac2e3c453925abb51b25f1d74639d837378bd9311721a61c4563e961cc
0x5bbc6178228973be28b9557776030d44c52661ad,0x0dca33ffd6e69b47280f50442b5ebc722215ad1c,52330978,1791451303,0xb637e650e1cc011df277935f666b65f2607ca35b66c0e3c72b6400f9fcb8c43e
0xc38eaa8cd66a8771b1cfbcff2d091097da726410,0x0dca33ffd6e69b47280f50442b5ebc722215ad1c,52330979,1791451305,0xbd3e11cb03d00c2178f2b572df07fa8e42c6761609202076b10021df5a37aa4a
0x0fb8327311fc2a7526ac8ceb7c80cdeee63f7adb,0x9edf079420f52b85b49682bb7611991a96f37447,52330982,1791451311,0xedd72f8e1ae351c377758963936cdf61180006cc7f97e0ddca32745a5ccc6a3f
0xcf10735eaedda7db985b462fa1d5bdc4f8e96a01,0x0dca33ffd6e69b47280f50442b5ebc722215ad1c,52330983,1791451313,0x9c31a48669bea5e93dc119e6d0b60b79bc667d852a735ac2611bcfd1aaab238a
0xf9c277f41f7f59c189d46f2dbaf06902e95f219a,0x686580e07f87543fe0a71c3e6bc1aab5cc13bd81,52330985,1791451317,0x7c128cd935d9e0df6416e2c7697358327d13529347923aab56b5d1f9330b0faf
0xb5a100f04c7788bba8905b9c564e90c5e74d93d4,0x7704beab39a3f837577e8a9fa585fa865c4a5382,52330998,1791451343,0xfc4bca389be7f2c3876fd7154aa132fb628d1b96f7b27cd1170aab7b8bf2091d
0x09d3a0a049dcba395973b6055b22bfff6e5beb44,0x0dca33ffd6e69b47280f50442b5ebc722215ad1c,52331011,1791451369,0xe9b5496cf93fabba884abbacb49ff3c241c7910683c64cbebe214698beee788c
0x14cf81af95a1ed359eede0e5a1a4c516a9841f77,0xe52539bd09a986195338f390e1cc07dd1e13f202,52331015,1791451377,0xf8fe79495d22908ee7e9b635dbdb3cca10abeb7671640ed92bc9ce5030dd6997
0x1ef057f542241e141ea6031161a9bd2720b3891f,0xf819d25c80a90babd2f7e5e26f5adc8561f2fe81,52331027,1791451401,0x23bc4ca07bf969e082ae0b25ec28a06b86f614f30c3e5e176e46850f3b53c3fb
0xd1f924da123d288c94121ea1ea99e9ade518043a,0x024bb6f3d91d08bedc10e6f0fc77aee878081386,52331041,1791451429,0x6f9065b7d2a660f1c07790435158e9041228a1e266c07d44654e16f2cd1462f6
0xcf3018640266f63fe5e848d0ffd5f11189e4626c,0x024bb6f3d91d08bedc10e6f0fc77aee878081386,52331042,1791451431,0x9f0c8a636b49d0070b783c58fc2519742167c8ad69edeea46c4ae6c2c60270d2
0x7edfe33383c780253deb46f8bc289afe298b666a,0x024bb6f3d91d08bedc10e6f0fc77aee878081386,52331043,1791451433,0x59324290b62988129154ba2064d0f6c88603d37e71c6aebc2de516d509a825b1
0x84f1cbf5135eeee58f4a614cfb1ea05d63948f1a,0x024bb6f3d91d08bedc10e6f0fc77aee878081386,52331044,1791451435,0x743bc2a04e1c895597888d15acf5e4aea0982e12d0cea4d22f251213cd0498d8
0x20da8e3696d994b0fc75a4c5345a1ad32ef9883f,0xe23f8f4cad4d371639f88634d63cd230b5456827,52331045,1791451437,0x59fb75c5285eb320c2bf1cf58d9fcacf117b9d374821d24ab17cb47e85e5c4f7
0x3d94f579e1df019ac0199a32553fbbfdcedd7b79,0x024bb6f3d91d08bedc10e6f0fc77aee878081386,52331045,1791451437,0xf87263fc5f0344d54947ee925cce5eda1a0199309f9acbafba993d9c44bc87bf
0xa85440fb089443e61e0d4ba3d0e33be9d3f1efed,0x9bcd8076840378a6edffc97ed824621c48d9104a,52331045,1791451437,0x501941988389fde58dc7ce4cb91bf66673d573dbc116bad18b7ff2ebad8a490e
0xfdd3a46f62cf6849cc6a8fbb680d5338726ab8a0,0x024bb6f3d91d08bedc10e6f0fc77aee878081386,52331046,1791451439,0x3f631065aebfcbc6ffdf8ad7abbd088c5166ad449f04a24b5230e5fa01d7bd42
0xcf70604c83b4a03ddca2eee4839dea34839a145e,0x024bb6f3d91d08bedc10e6f0fc77aee878081386,52331047,1791451441,0x6ad97e9db0c11716581a065455a0c83035fae0da21c082e270b68d79872aff2d
0x7c719a8281b7e22e336e5b49db42d21e7a169a5b,0x299a6d7e23149e004746902b1a24425612e225da,52331051,1791451449,0x6ede6569480d79decf6f726cd457b9f46f371dd4fed4db7d69c0852cfc156277
0xe37f11e625e5d57e77fd1d1c79ffa1b1217ef713,0x299a6d7e23149e004746902b1a24425612e225da,52331053,1791451453,0xc861c8669d92d4f7eea4c278dd70fc329d88641e11385a350c4e1fc76768af1a
0x336d7efcbd50450ad7ca8411b01553f1771bf115,0x299a6d7e23149e004746902b1a24425612e225da,52331055,1791451457,0x839f362d03c70676d28f4a5eefe06a7fe0aa34edbac58302acb6725f46e02ed9
0xbb0b50a204101861c9791189597099d5e35044ae,0x3d5fb22855b57ee30d9c99aa25d279c9e1235d8b,52331074,1791451495,0x74167f3d5cb5fe76d2fc917ed4e9eb01564d892f0cef3c75de26dfbb8111f9c6
0x26f32cab763e45f3109c347be6bee4fa15e8b836,0x3d5fb22855b57ee30d9c99aa25d279c9e1235d8b,52331078,1791451503,0xb70ab06d2d0f4d139620e599b4c0da9d57d46c18d401d8827c718cfff541ed1c
0xde5f471b3916562499efaea2c32d268f07c7539d,0x0dca33ffd6e69b47280f50442b5ebc722215ad1c,52331089,1791451525,0x3c2f37c2d19482c24fdeb111a887f142f3a191a27c8093ee81a8dc0b804f56e4
0x20ab6c3b163372e89f750b3b00ed6cd9c391c1c6,0x9c66fae426a8a3596c0949b636ed418c7f7acb7d,52331094,1791451535,0x76c86bca7a776ad09c104cd55b1a0c9d5b0f7259225b9db62d879a97b52ceec9
0x56b82782edf5951841d87306ea88815d4e7997cc,0x9c66fae426a8a3596c0949b636ed418c7f7acb7d,52331095,1791451537,0x5726248fab9eba6707f02fd5fcaa0027fc47798174cb580a345a967c7cdf3611
0x27580bfc40db094dc5fbbfa1e8d327eaf5fbae48,0xae32d691206ec37241097973bcc4fc089dd61ef9,52331117,1791451581,0xa3351ee2346bfffc945f2704f2fef82cc142fe7df576cbffc7cb2b8c62a94a3a
0x36bc519bd8f2c6713f496ef443fe1bb4d302383d,0x194c8c20f2d64a0ad5b0c024157b6c0b1ffbf102,52331145,1791451637,0x9fbc09d221f0d6b32cf00f70c16d7a3961e858672282770d1d8247003d5649c6
0x4c97839bd65029359bf4fd23027053dc385bb2ac,0x2a0af489987b1852bc81183084276ab31a8b0e23,52331148,1791451643,0xbb8abcccf670e33101295df5b9ea90b1405c16b9c3ad502e5368e6f2ae2053ec
0x2f7ff689464f27d3dc7e1ed452c00af030f5e0fe,0x0dca33ffd6e69b47280f50442b5ebc722215ad1c,52331154,1791451655,0xefe25f25688bd6f4c743bea7b28dd9d1bc1dc611814792fb3196b16012f969eb
0xe5d3c010b5ec2f81be1aa972052702da55e48e26,0x0dca33ffd6e69b47280f50442b5ebc722215ad1c,52331155,1791451657,0xec739bf006ff89170eb9da3e5911d620da1a33584b9ede3b0ad68c6ae6f4d716
0xefc94affd815cfc40af4e194d19a1bd67f302dda,0x5f0f2ccef01154a438493267cbb06df596fdf4e8,52331191,1791451729,0x92dae473b275ef2a20f6f9ddf4f1160106de31b32a2dbe5a3e5c6a33f4e1cce4
0x4b097ffafbb2b3dbe983fddda34d67fcf5cee646,0x9744b54e72521781b2f827f053a2b749adb2d61d,52331198,1791451743,0xb66608fe0dd3444855b553c58d722ee1c0a49ee4ab2fdabac9284d9a923afacb
0x60de18d8340e0b27cb1087e65bc67821e8582e74,0x0dca33ffd6e69b47280f50442b5ebc722215ad1c,52331198,1791451743,0x015d06a0e185a27808f41545be252d228087ef278f0f5ece54857d6d95ace8c0
0xf1fc6a24ffc76fbbb2f172034c7d68e7e9b5ec61,0x5b2d2b2ad97665c3f4e2666d20fe854608f90f4f,52331202,1791451751,0x9ae683a90a4c1170b9577febdd88e3072b145773f8e6ab73cd20c30ead9c29c6
0xfff87eb809f6bd6a66cca00cc44acc06016e8d75,0x5b2d2b2ad97665c3f4e2666d20fe854608f90f4f,52331203,1791451753,0x09b4f54e5b101b90b9ae52c9b6636edb72691f17b6493d31693c1398962b66bb
0xf1b955926ab8613e4a27f0647d4597fe513f3506,0x0dca33ffd6e69b47280f50442b5ebc722215ad1c,52331204,1791451755,0xf8fb6f137e7774b8eb4b5b90a4f00aa11079ab244c336c5d48e9b8c733cf9a25
0x65238ddbc64f6e8f754bbeeefd2a0b1cf84b6560,0x0dca33ffd6e69b47280f50442b5ebc722215ad1c,52331222,1791451791,0xa0a5be9a432a4c0c23e83c2b2e68153ab8c408207a23becc9f7346c5344a002f
0x26425c17b91d967401238eb520ed4b13dce225cb,0x444a2a1e836eff1c33b93f00df0b71143f36014e,52331231,1791451809,0x4ddfb7d2031550b9711ade0577f79504cd6cb018f60dab4ae3e63c3ac97c35ce
0x76b1bb872938c4453ac62061800e022c7ee97c5e,0x0dca33ffd6e69b47280f50442b5ebc722215ad1c,52331232,1791451811,0x613cc6039337f191c0e50b704109af62cad52145b8c0852a52998308d61f9e03
0xc18e2535bd714601819548f97673c35e6a021f2b,0x731aa7bb52f0631f5e89a6987d9b3fa6b1924a0d,52331241,1791451829,0xd450c89337d6b170f89a44203acc67852778ab55c8cdb6352a2a94afb5525b5b
0xcde651b4866800fe0c14b4f063767b771cc996f2,0x731aa7bb52f0631f5e89a6987d9b3fa6b1924a0d,52331241,1791451829,0xe3f4cda229eac04fda03f7f77781ca92ca2a921233eabd452e80aa53de634234
0xcd3242afc4df3460fe03e0170ad94c08a1fcedda,0x0dca33ffd6e69b47280f50442b5ebc722215ad1c,52331261,1791451869,0x402f01c3461ba764ca9f44d91cbbdc83a28a2a46f57421838844059905f9e804
0x546a155757d360bf2c18cdd12caf855b3b7b7524,0x0dca33ffd6e69b47280f50442b5ebc722215ad1c,52331264,1791451875,0x6745c9db8be596825cceb98d364dd402e10c3aee3b49f167d8ae824ac895260c
0xd9226cfa6d61597fa23cb098d46941c723e754fb,0xeeed6f0e05fea8b05750c2428595de486264d46a,52331277,1791451901,0xa76fe4bbdc2f4c9a6aad63410af4212d4abed32c69ca15572bb9df29cb7f3273
0x906cd6de1c83a08234c73e9f905c75b29a27e775,0x0dca33ffd6e69b47280f50442b5ebc722215ad1c,52331283,1791451913,0x16e50662795e932183e271203e35c9f26f97f2c5490d1e2652a3302cb9839ce1
0x74c6e77b791fc194dbc9407a42a5a4b63b43b68a,0xff67d1cbd9ecd024a3f85c78430938d955d72390,52331286,1791451919,0x5b19ba41d738db96d194330557df20319110092b16958b8889ddd4588d77032a
0x1391bb64f924d8727cabd82bf148712475fa96ed,0x0dca33ffd6e69b47280f50442b5ebc722215ad1c,52331294,1791451935,0xe18eb0ecd0d0736bdf26b9c7d3c7c283072daf43cdc373d0adc3347d157b3f92
0xef58bde7ac2221881a2bd9f8452d904231e29d3f,0xc50eaaaa614bcbcf0f323f9820b9f5a08ba5a8b7,52331298,1791451943,0x59f123a3f7ec54cec367cad7e4ffa51c53068dcf327ef97d25f2372efc55b2e0
0x5e555493f15fa9b584a0bdc530b31c2e4c9fe157,0x0dca33ffd6e69b47280f50442b5ebc722215ad1c,52331300,1791451947,0x4aa8c89b51b68103341c782fcb63432e7351a6c2f437535bb1ba5b0a31818fa1
0x0ab38d2ab3ff868cbb8e24dcbe6c3d7069cfbc74,0xc50eaaaa614bcbcf0f323f9820b9f5a08ba5a8b7,52331316,1791451979,0xc61d5a8a9e8e48987d2f8f071a2e526e1d1eebd25f1eaa431a2661dec5e689e9
0x27729137686aa0e2b988184c30088dcf27d3b110,0x9bcd8076840378a6edffc97ed824621c48d9104a,52331332,1791452011,0x6e5c06c68d430baa1be8e3d41571e40fb5d40b76fc361d906bf7dbdb8e3a0956
0xa6effb3d68bdf1c44ea1f692b7a24f6640aa9b86,0x3fea9641dbe7691e99bbbeebb1f656b861164117,52331335,1791452017,0xe2aded378cd8d4159cfdae96342beaf1d9d9cd6299a78d82476dc266002c9bb8
0xff3317241475440eb83ce5a0e7eee341cf22c125,0xf54ca7726ca1298a349ffce34bf204e9952b8cd0,52331336,1791452019,0xaeb37f634b7040208bd509bac2faaaa89796710f26d3a927dd12cdac06ea1012
0xe5cf0fb3c902015fdc9f95baa8aa288f60991504,0x81e7cd482256f0da9f32d55329a4a7d34e84695a,52331352,1791452051,0x11499ec9365663acb489d801aa91aa06a05a379d92e028b29004443980ef1b23
0x4b5c0f50697c4e0cb9184084fde3edd89730b0ea,0x81e7cd482256f0da9f32d55329a4a7d34e84695a,52331353,1791452053,0xcc0f6796a5b264d04019fea0620a5f4d842ab1474336160ec75a2cf28231ae54
0x3994f2281e41c936f9ed37896543e84f9454c233,0x37d4328ab673f834e5ba59efe3d6c6b39d6157b5,52331354,1791452055,0xb47aaa60efb0cbeec8fd4f6d6004d50ff61e67f60c52db48e2df1974fee746e2
0x315c582f821ac00ec51177578c0ae574251bd5f0,0xf54ca7726ca1298a349ffce34bf204e9952b8cd0,52331355,1791452057,0xb4a410a2d57669fb55aff01ea7060dcc9302c0ce91b8718d2a127086a83678c1
0xe95dd729ed76441ccb1fe8d895258632dbec6fd5,0x37d4328ab673f834e5ba59efe3d6c6b39d6157b5,52331355,1791452057,0x08c939ddcae67a196d7342111c5ed1a281f8642eb0c3cd23929c9b30f7a2f798
0xcfb07d02d4027ed98a260a19065287525541e768,0x0dca33ffd6e69b47280f50442b5ebc722215ad1c,52331359,1791452065,0x641d85874fc59d4e809dea4b29a479c0ab8592874d267bb177fa7ba72a7d54e4
0x9065dd4594c572f041b5a5342ed2369203405401,0x9a8b07a43fa4b5402048bdde52d4e47e63b564c8,52331363,1791452073,0x01d99e6f8602baa77dd85a23f2289aefac65f99b295dc17185cc87550dd35260
0xd2a4c49f43bee1d59ae08a3c4fc3a0db6be27db2,0x0dca33ffd6e69b47280f50442b5ebc722215ad1c,52331364,1791452075,0xb664a435c074e11eb6e09c74350472c50ad18ac577419433a52340efc977aa98
0x6eaedd105c33b4ccb675bd5cd84fd32be12e5ca9,0xf11cb72c46f88ac7c1b56629d1f96b78d2c30da1,52331373,1791452093,0x3d22435431612813e91bccd179fb558be5560b1da70298a547450786161ebc3e
0x44a8f6864157fabdb4b5e9138f94ce815bec1660,0x0dca33ffd6e69b47280f50442b5ebc722215ad1c,52331374,1791452095,0x636f66bba09f9ad65b39d5f4874823eb95feb775275ad18007e329c4a182ba91
0x9be487a9db5662d5575d06ec8312a4bfb9e909b2,0xf11cb72c46f88ac7c1b56629d1f96b78d2c30da1,52331374,1791452095,0x083eba831554db5fc1b7f04f8aed4d9c1336430d4ee3b11a6d726facba81e07b
0x9c44c8cc1b03d82eff7d19008ced8eae1f45b3f0,0xfd89a11bfd4dd7bfc341d79110d421e695ca6275,52331374,1791452095,0x0548a7d2028b53f06b080b6d41fa783a81bd103856f23ef3a9c13807e37b475b
0x4d1cf6b061f07f473cec75bfb3fa3fe4f463ba63,0xf11cb72c46f88ac7c1b56629d1f96b78d2c30da1,52331375,1791452097,0x0a6249b854b653f8b32388261a761bb83c5e8890a1632008ec018e33b990ea10
0x90c4928b58ff735946df1d6dbf3aab3e031f19de,0x18c4ec54cd446e18b02cb9d4ac3a5515c49d757c,52331385,1791452117,0xb247ee4be9cfed0aadde97ff5993e5453ed4583e63f1ce5d2a1a640e6eae35ee
0xed7da62d912c785bb4da09af7f1007b3e1c609ce,0xf54ca7726ca1298a349ffce34bf204e9952b8cd0,52331390,1791452127,0x7cc94fec34b08e7655f0a6c67f707db7e453ba58a24d3d52ed749dc756867a5d
0xaf5186c1b621dfdbcd80d55bb0a83862fdf9c24a,0xaa0ad32adba2e99586763b114efe63cc3815fe88,52331417,1791452181,0xdefd5cb2f0600795e4755b959c1398c35e11d74f04f1e08e456be11584f7082e
0x1505a30c7bb7a14dd8c9f4043dd98e0f47362f5c,0x0dca33ffd6e69b47280f50442b5ebc722215ad1c,52331420,1791452187,0x00c6a82c1d1f01b5c966000858cbbe739046120ed5872ad9c92c8816973cdc6d
0x8dc7b08722d7c087c379465366cadf37320afac5,0x0dca33ffd6e69b47280f50442b5ebc722215ad1c,52331434,1791452215,0x51907e01dc0372595c2ce012319062b074bff3ea4cc30c97f67b6a76298e89c5
0x15416c292b8b4154a15594cc03a8232e9900997d,0xf54ca7726ca1298a349ffce34bf204e9952b8cd0,52331447,1791452241,0x4322bdc39ae75f44c20a4b395a45ebd417d9352d64c3d115c7a7c289bbf3cd97
0xc00300b4577a2faf9bdec8c864f6f3463d2a972e,0xf38b2019c94e45fde74f5e64867a9dba5231a887,52331457,1791452261,0x6d97cd1f1baf3388410d6ecee23e3c1c02aee71b6ed0c671c7ad0ead10206ca4
0x53fcfbb5aa3eaceef325b8e6dd2b66d72c1a2ebd,0xf38b2019c94e45fde74f5e64867a9dba5231a887,52331458,1791452263,0x848d1a747cb3880ee8e94c36c1a5075b48a66222d373d4d2954445aeb4594033
0xd82397a54e2d4183b02db9237324fa0d942ca8ea,0x237788e438dcc7265bd1d8bc0d849610b02f5044,52331460,1791452267,0xc118779d55d5f3f96d52b08b2f4b844670985c6d1f9a4e3f0630895cdb13d48b
0x9418c58bd3ccab9842e283885a06e72322a9e125,0x237788e438dcc7265bd1d8bc0d849610b02f5044,52331461,1791452269,0x64a64ebaf179b9f4ec1ff61e11126e5092dc6958e9168b1cdd79282ddababaea
0x3d90f79b3ab419b91a392e71be837728def28618,0x0dca33ffd6e69b47280f50442b5ebc722215ad1c,52331462,1791452271,0x234b03125a3ef1e3ebd802beb50dc919218294e3fb57235da22d5bdde205e2c9
0x8d80ac1235284b74a359b7db4ab42f7ecf29a02a,0xf38b2019c94e45fde74f5e64867a9dba5231a887,52331466,1791452279,0x9edbea6016daa3b92e690b00ef17ba611b3dedd0c85e779b55a1ca7d63bee80c
0x4c36a34b8d813fa97d4f7c4085f9e2c8dbc0b40d,0xb8f2578a6b7fec04a65de034a7d9ebc25ea63462,52331467,1791452281,0x87f10885de4c9cd0e3fc36a8a98322772abe31e7bb7c782c65e1438d2302ffaf
0x869103eb5498af7c0b2a73ff2656d566d5cc85e7,0xf54ca7726ca1298a349ffce34bf204e9952b8cd0,52331467,1791452281,0x6e4430736091954fe61b62472a91521242ddf01e8a1f06e84e1c8dbcc75a3a4a
0x7e55e5898e64c4edc90c794dc42289278191d220,0x3fcce2e2792282b9136d3f1a960211c282b8849b,52331469,1791452285,0xba877733f04e7c26b867ea0c22e8a1a34a1df78c1b53e3ad4a3095499f47c39e
0xa900e4f8f1f18516410b48d6695052b58b6fc1d8,0x54206fd776420ea89f42e65c9c6d84e6d17e49d6,52331478,1791452303,0xd9ae450597a59c529833ee93b455b01fe18d3e81153dffcaca02caf9ac6466cf
0x34961e60a1ab05ee8293a3aff916a69319976de7,0x4b1260901bcda67753623ca045031c452df72c59,52331483,1791452313,0x32b8d576e3acfc27297f4c5d989a5d7baee3a9195e225c6ffce37303b6580913
0x93be5fc0af7f3156caa280f955849304d8bbf23d,0x4b1260901bcda67753623ca045031c452df72c59,52331483,1791452313,0xdc5a1a1d05bafff21856e5f3815fa872780f28e1a3c4aa4445fd83453c63e176
0xe9e23003d98332a0e9e8bd25d51ce196fcf85a03,0x4b1260901bcda67753623ca045031c452df72c59,52331483,1791452313,0xeaab783be79a31a48f7ee12b365ba9a5a251796e7fbc480b61e1027ac3997d4e
0xc8eeb3b11cc22742db05ff012f40d68e647d5bf5,0x0dca33ffd6e69b47280f50442b5ebc722215ad1c,52331489,1791452325,0x9ae8cf58a1c4a1e18d00dcbd83063588e34334afa0087909ac3f4ebdf1c82301
0x414e548d8d981c6c90d18f76b210dcb5898ad60d,0x0dca33ffd6e69b47280f50442b5ebc722215ad1c,52331493,1791452333,0xc6236b4e6aa6edb640b24910c1fd99793d2ccec6324a1e5b218a88b940bed018
0x122db94f7ca4c4d20a45043d9c4254a8e1feb77c,0x0dca33ffd6e69b47280f50442b5ebc722215ad1c,52331494,1791452335,0x5a2fd6c696101a702ba2fc04dd8b7c7efad8ae22458856c2e0f792f1a749cdb9
0x7c19b5c232897e1fe86b96ee105d90c596480423,0x0dca33ffd6e69b47280f50442b5ebc722215ad1c,52331495,1791452337,0xca4f9e430fe812388d11d1a06b643a712fdbf009c796c473f26f30ea7f9bd1a6
0x99a2c41416fc1e1f254dec05c40ba8cf50052536,0x0dca33ffd6e69b47280f50442b5ebc722215ad1c,52331496,1791452339,0xc331352b4ef37f6ea6f8492e0a2a19d7f0ef64569c3b054c86796121bfde3f3d
0xfc34c2a2ab778720b52e84774c22ddbc96f45f3b,0x0dca33ffd6e69b47280f50442b5ebc722215ad1c,52331497,1791452341,0xe4d9931763b13f04b3a08df36bdd0d4fded8abf2dbe79cdd3a0caaa5dd30439b
0x54c7791bc6db02e29f730e5dd8bc9e3f4293176f,0xeeed6f0e05fea8b05750c2428595de486264d46a,52331499,1791452345,0x564f961bfc54a462b3a67fa23c87555066bbc75bdf5abd8ba687b843af2d5375
0x9d0231306f4675830a107291747de266dc114bcf,0xf54ca7726ca1298a349ffce34bf204e9952b8cd0,52331503,1791452353,0x2e0d0e382edafd4697c96a630ce7f63c706994db8cbfe3b354f40ea3b03b0c0c
0xbfd5d70a33065554b56eb4e97eb6a33b477f3d6e,0x470a2ff464fa2b6f816406de303ad8f76b2aaad6,52331513,1791452373,0x558d746ae5baf75a3d918ea0ba501591c1523913ba1204834ef99c6c5a2409bb
0x5a52862c2389b5d8fdf61a273232e13a39ae1478,0x4f2c49c54cf28549a222188fc9c5456092035fd7,52331531,1791452409,0x3b4abeb385e2adb7e2bb5e446f7361851c4c1c53c9af5235b3db694935364909
0x1539f6f3696a51c98689377a6a206f4a89a2597b,0x0dca33ffd6e69b47280f50442b5ebc722215ad1c,52331541,1791452429,0x62e57a77a99101148238940ac8bce97cc8777c44b719a6299ef005a255a4bc20
0x75af02397ac393c461fd81903d3ba7b7629e69e8,0x88a44e9c837b1e488769934e7e5699509d2edfab,52331578,1791452503,0x601d5978e04a0f8d5a29b216b19595653eff43bb607f19e6556d305bd0a05c45
0xeddfd28057eed36da10d1a923ceeeef293b0747c,0x18d3b2018580bcb7dcbeade5cf24bfe55b6f8f85,52331605,1791452557,0x00437457dff1a3fb91d678bb9ea80bf2c942843f985e50abc5380e8c24e56be6
0x0606903e201641cc0ca90f4e74c645f4b3c245b1,0x18d3b2018580bcb7dcbeade5cf24bfe55b6f8f85,52331606,1791452559,0x74695635416e8100d0da417a80099b656a5fc4aab74737203dedad788dba5c05
0x3b1dbc5203e72f544ab517d13b11f4a0b00b2fdd,0x0dca33ffd6e69b47280f50442b5ebc722215ad1c,52331606,1791452559,0xb9b6cb149ec5f4c2d9aa0b286ef7223a525113e4779af1d63dc22e5307ca3bc4
0x813a31532c338886ba867da73d401d4bd45c746e,0x0dca33ffd6e69b47280f50442b5ebc722215ad1c,52331607,1791452561,0x65bb61b3fd9ee441e1144bdd68a769c15414a4d5619987cef4776ddf50ace6b0
0xaf7c50838c235ed3d37d09de3fc6360e53c194a2,0x80e932d964e80c027e4292eb6932bb68a4f54510,52331617,1791452581,0x9eed59118ea5c5801bf0a65938b4be17ed3710dcba1590beab7d05868f869c54
0x3f57d003d43800d258ac02c6987bc74dfb24a2f4,0xe390d855da749d799fd5641559a41df87936b100,52331645,1791452637,0x940da39651a3aa6c9290adb75d3bd9272c4754ef4fcc3439d40bff33f357d6ed
0x91882ff9db4596d9ff00de1dcbc638fec85cdfd6,0x0dca33ffd6e69b47280f50442b5ebc722215ad1c,52331650,1791452647,0xe460d80b964174e0c856efffe4895773de4859ba7f189118ecddf7dd8c2fc9cc
0x31db77d8a728f200750f00443304dd263e2312ca,0x0dca33ffd6e69b47280f50442b5ebc722215ad1c,52331656,1791452659,0x5ba23ac6051d7ddff1f4ced9bc69c5d83979fda3d76de9298a449da7e28e1141
0x64b04402acee3273f58cb60f7f8d873c373f9d3c,0x0dca33ffd6e69b47280f50442b5ebc722215ad1c,52331657,1791452661,0x6311c63f4687fa1104e3f3150c413fec201337e53419c53bafd00f4d7b5a4bbd
0x039aa58a8394b0ea7c53f0f4283e241d2608e2d6,0x42af7b2453cdbfdf51a1ce4238b514f5128cfbfe,52331659,1791452665,0xa375cda44cc4185f11011732db85bb036630c72139bff3a3587adcc656e6da17
0xce6d7645a629462cb96336ebe6b963230c2e8c76,0x0dca33ffd6e69b47280f50442b5ebc722215ad1c,52331674,1791452695,0x40d3f3d9d94d8fca934eabfba494208531551bdf68bd146ae11dd01eb0153334
0xe2798f78d7bfc663c564e7003c60a0e4f13ca8e4,0x0dca33ffd6e69b47280f50442b5ebc722215ad1c,52331684,1791452715,0x7b572b47841c1fa6508df0f65b4dda241228550ed098c92e5606d98f34e30b65
0x4928c64900635f50b535174cec20494416410ddb,0x9bcd8076840378a6edffc97ed824621c48d9104a,52331709,1791452765,0x6a4c577e7fc44417c7c2296388e31d73c4d250f574cd4aa0c8ddabdd1f433e8b
0x73e0516869db14a34aa7d731f046bba571d647e5,0x0dca33ffd6e69b47280f50442b5ebc722215ad1c,52331713,1791452773,0x5b33b852a2211a5fb6de468ae0730f42e42376975587333881e317b37b2479d6
0x5a24b24db54543752832d9beebc1ccec04291228,0xbbba2b33f7d7b49ce5263e549955641fc2969b90,52331715,1791452777,0x22da384b9ce052d2069b150d15043c9c97a6d8c715d192296469f6f9990c8819
0x6df497496b08d4a7ad4339a3726d358d8c19a974,0x0dca33ffd6e69b47280f50442b5ebc722215ad1c,52331715,1791452777,0x879c51eb622ac81c193417143352801266cc92342224e70665a8cf40046d2ed2
0x0e3ab298de44336c824d459bec5f2ea4d3a732aa,0xbbba2b33f7d7b49ce5263e549955641fc2969b90,52331716,1791452779,0xbbb14d4ed85c114a87ed95e96c2d03aefca09620ee80defb9038c1cab31014be
0xd31e0b57586389998491eeb62402b14b8d691659,0xdbcd56ccc7b4bbd7d14dc9c7fb5171fdf06dea91,52331718,1791452783,0x63a7a4c634530826020e9afdec0b39bdb0f3825b29eb9fb70bce1fb8641d5915
0x64ec3ef5603b60b43b2de5051613901cdef6ef74,0xdbcd56ccc7b4bbd7d14dc9c7fb5171fdf06dea91,52331719,1791452785,0xa0e7c3b923e4b39702cf1ba43334d100f8f8a5009c6ae1b3dc37c73553ac81b6
0xf009eb67799191f49cfb4f33e79df7579412317c,0x0dca33ffd6e69b47280f50442b5ebc722215ad1c,52331746,1791452839,0xb89c3dbcdcb735d37b4c31b9e423297da175838cfc80aa38715b71b4fa8e47d3
0x7327b54aa86e478d1028a656bc37e5ac85dd28a7,0x0dca33ffd6e69b47280f50442b5ebc722215ad1c,52331751,1791452849,0x7e1f191e445327f1cf7877621a3e2177aa2a370c509402240275bad56d5189d2
0xe5f4f3dcc1a0196bbda945a76cfac9d43241130a,0x30e73fc908cf656eb50f053f60230658ab2f87d7,52331764,1791452875,0x1fd120015a767fe25df274daef899237ddf3062348a13875fb66395ab14b2a95
0x2f490583c0c3abd4e85f75b10b4a796e1918b651,0x80e932d964e80c027e4292eb6932bb68a4f54510,52331766,1791452879,0xed8a8a4e9578710386976c791b1d4d700c71579a0167003ac964bd4c2a2986f2
0x8b972a31ba840e203c4f0c22a2c6280c17846d2c,0x0dca33ffd6e69b47280f50442b5ebc722215ad1c,52331811,1791452969,0x42b77726b873500b86ca71833b9654be4bcb21dd995cd8fa72729d638ff4a432
0xfaab8e934011e063f377f670ebdf0e37f5417941,0x0dca33ffd6e69b47280f50442b5ebc722215ad1c,52331816,1791452979,0x0d14f9e0a8d95f58852a4f6610af784419e13027f722326a7e4a6971f2d988b7
0x254e3fc881ade2a01475599b2d5eb769948c0907,0x5d089d0b494ff60f33eb445a9604ab07d0d7b3c6,52331823,1791452993,0x5a7c1514dbfe25962a9532786f1e58388bf4eaf6cdd8231335d38ef349857b50
0xb7326afad63a3af35ed6676d1d29d81464e4aeba,0xd85123cdd3cf18cc6958ed71cc52ddde06b64f5d,52331823,1791452993,0x11c4d69bda49780666579b91ff9d48809c9ae6500664e6d73c22688746c39f5b
0x50f65895b6f3d50c8d9a5d95d7a1b294c6137d92,0xd85123cdd3cf18cc6958ed71cc52ddde06b64f5d,52331824,1791452995,0x967e4a742ca8eb8bf2028e017f07e76a1f03d4978acbd7d257b7d2f273b813dc
0x575814afeaea29c1f2a65efac905fb64c8981192,0x0dca33ffd6e69b47280f50442b5ebc722215ad1c,52331826,1791452999,0x87882efeba76c5920f319796e58e723bda574de1cbfe36947f92e89d3a4d1090
0xd54c3bc4232d7f80df9f4430fb5735ebb111379d,0x088c778331c7f3be825bbe73ab019e95585d5ddc,52331837,1791453021,0x343bb2a8827f0834aadd6336819b4c79c4046f12d89cf7ea68ade6f5b63e65b4
0xa76b9bfc77dc3acbd3cf12a7e9b30d34850fec2b,0x088c778331c7f3be825bbe73ab019e95585d5ddc,52331838,1791453023,0x5287ac1143aa3fd6fd3a1c461e5f3bfd562b624fef93774e583b847dc1de6c51
0xcac387ae85c12424daa1f64722fb57ebc8ec55d2,0x0dca33ffd6e69b47280f50442b5ebc722215ad1c,52331871,1791453089,0x53dee81aae29e9c4218deb1078d9eea98e92a5cb2b112dae47f7e791f1b5d9c7
0x312610f79459aca7f26bb8222318be5f08910f7c,0x4b1260901bcda67753623ca045031c452df72c59,52331878,1791453103,0x2dd9ae9d958d6495257413764ea326a5d3b15a09db4b3c2fdcbfc7d607061664
0x612e6e6fa026a4567f2f81f84973c3b699567c37,0x4b1260901bcda67753623ca045031c452df72c59,52331878,1791453103,0xd0ecb56d0a3da8bbe2c9106186147c83ccd58b297250292245c6232b53bb5484
0x9d755563f06e754522b671d7e9dccf2b03cbe291,0x4b1260901bcda67753623ca045031c452df72c59,52331878,1791453103,0x78357bbd650c195fa1fc0fcecb1a7b4d04fc85b6ce653a1e25ac4d1241024990
0xc868effd00683b3bf37b69e4b96af79c0ea22009,0x0dca33ffd6e69b47280f50442b5ebc722215ad1c,52331886,1791453119,0x518f45acaf2e0c60f763179b0e4d2347060dbb16a553e6e5ea6abac755cfd675
0x3642796468fa6a718ef271fc6ca67a85f06428e9,0x4e17c2cfb8d85fb0a578e5d4c84b406ac4e39dae,52331895,1791453137,0xbdff8e59190fd93231ae8fee5f2aa2cb600456bc873b13df9ec7432fe5ade35d
0x648dac8fe3e8cdea1a69f4bdb62a3ba16c2e2cfc,0xdd0098f1d9e74dabc8d18937b4dd31365a2a873d,52331898,1791453143,0xc3a8eada991072145ff0d80c93b2847076b12ef678f7019c5a9542cde9549958
0x153332a0b0852a0d5691b4a0a9f25d55daf2e759,0x409538216575caefe49af5af9b12ef4b4496041b,52331899,1791453145,0xe3bf17c19df6991d06a2f7cfbc35177f5a1d03f44960f4843fa2e2261ac1e518
0xfe20e85e22a1070f73fbc9820caa81cda7862ddf,0x0dca33ffd6e69b47280f50442b5ebc722215ad1c,52331913,1791453173,0xb1610c0c018e8b686bac2eb314f29a78ba043cdbaeb1328a3d18224682af75b8
0xf3407735e60955dd7957ae2f489524c647ea46de,0x17371b1cffed75344437a985459c9bbb96636727,52331938,1791453223,0x905c75271448596efd40777064774bea08a4bdc970b7325cc62870fa8a0de3aa
0x03dd8bc944b3e32342233e3ea22bbea5a799b529,0x17371b1cffed75344437a985459c9bbb96636727,52331944,1791453235,0x0ad1796f0549b7e2b8f660f8a3299259381c28f7006f5ab58cfc69b1fec849e2
0xc0d61844c48aaff440fabb4e0cd9390428d75b8f,0x0dca33ffd6e69b47280f50442b5ebc722215ad1c,52331947,1791453241,0xcdad3adb887463c8b6a9a93774fd68f6236e250fe6ed6cefc1525ba606a14ef7
0x091d8c64711274f7cb82ce86135da3ec7394f82d,0x17371b1cffed75344437a985459c9bbb96636727,52331948,1791453243,0xcae02d53891bec4915a7a5f1e63eb51c7bf5c68e9bf508df2ee2ac2338a9c2eb
0xbbb38d50ae32cae484f6c3139a2f55106fe76c8b,0x17371b1cffed75344437a985459c9bbb96636727,52331953,1791453253,0x7ee9fae5836c318c815fa6a8b0320e0902229dfe4a7c20c98ee7dfd1914e7930
0x27e36955057bb36f4c1641369884681644f958fd,0x17371b1cffed75344437a985459c9bbb96636727,52331958,1791453263,0xbc232e5a5885a1fe8aed584f06acd33fa209558a4d32ffd19a624df424d601e6
0x2ce6f3428da14b9f55e42d95c312ed79f1f6c761,0x42aad86a05b022618ea9f669f759d431d7acc4d7,52331962,1791453271,0xc60cb0c89ad1e2f988d19e0edc52aa7749c000ade1a63382dda58936f623ec24
0x3d59055bf426eca001c5acd1db6e987b6885104d,0x17371b1cffed75344437a985459c9bbb96636727,52331963,1791453273,0x1e650c93974614820c3c771fa111857fa63fad33b4cffad91e842ff1d7a94651
0xc05270aaf54a8bc813cda12fcc2ca3cc7d57b077,0x9c9158ab089a12d1ff1f970c0e2bfd59a4175616,52331968,1791453283,0xb806ee78a0535a73d9dca2e9c6d27bfa3350e3c5ecdafa2a3616e5e73f662093
0x4a77ddb973ae8592a1079b85a070b6cdd0bc90cb,0x9c9158ab089a12d1ff1f970c0e2bfd59a4175616,52331969,1791453285,0x2ccb84a83e5a4852676610790c623b377cdb8bf521fddca04620125a0cefb8c7
0x1d7752c7dda91c6ea832b3306c60c538417ea98d,0x0dca33ffd6e69b47280f50442b5ebc722215ad1c,52331992,1791453331,0x32482c7a1c1df0c0789b8a5f78c488abb3ed5a54505f345d01fd7e24368f1c10
0x27ef89be7c32d38d029402ed548876d4e110315a,0x423429453df78b5ed36ce1d6c1edcba41c3a358a,52332020,1791453387,0x68bc39c442322d8cc11b2aef0052afdc6915b62d6114c40174351c945531732e
0xd406d5cdacdf7418ddcc8e07013b8393d196fbbb,0x0dca33ffd6e69b47280f50442b5ebc722215ad1c,52332026,1791453399,0x2f334ffb594abb1cca1a2eb20762f91ecd91a6f58888aef1462cf70b63949961
0x11da615e5a7662202abad7b62a50ce1e2fb99157,0x0dca33ffd6e69b47280f50442b5ebc722215ad1c,52332032,1791453411,0xd66f17c890fabfce1970d668376aae428204464d55e8a0dfe99568cb70310f7a
0x2037057274f67b410a20fab6b65a620c3c228dc5,0x6dfc9799d4c61a0998875f3658504294c6cc004e,52332046,1791453439,0x2306d59bcd658fe2d3f3b87d1f21c20511ad39e07c4366de7ad81edcd4136d5d
0xffaa7e42e2453362e5f9e9a7b94bc4af0e676012,0x0dca33ffd6e69b47280f50442b5ebc722215ad1c,52332057,1791453461,0x9fc1a67638b764de9b8e184b257ba0f139263a33252a03e76f5dae337382ceb9
0x6996a080d0a354d2fac2af8175fba4bb1c4fb5fb,0x0fe6961de28f3127721f80e2b23c8d5c97ece68b,52332058,1791453463,0x52dd61407aa5754ab4198aa4fbbd5db2625dd7bbc4dfd03b96b0ee9575f36504
0xb0bdfd976ff3f2b77317c7c9ca311e24d175e296,0x0dca33ffd6e69b47280f50442b5ebc722215ad1c,52332058,1791453463,0x1f968fcdb68c17b6a26cf4af8235205f5924ddfc3d2fd0e3e3a9423ab7aea79d
0xa7013b2ae108bc0039bcd634370ca3f4afcb091d,0x2f0f35765563ba038ba80ffb80d76eb6106b946a,52332066,1791453479,0x38bfa3130d9713a5503c3220f71bae37368435e328e151bf86b18364f40654ba
0x15887f6c5835544773c814e724ae5fdc1a867809,0x8dfb39058d57311eb6bef795ac1c8dcd22742f70,52332080,1791453507,0xa4a7b730f4f86e7e2585c82cc54ccb4ddd43f88fd3651fcd01612154484a316b
0xade11db02d48704a7d739cb735a059927f169cc2,0x8dfb39058d57311eb6bef795ac1c8dcd22742f70,52332081,1791453509,0x8fbef6eafd21581186f282cde7bdfdd60a2ddaf857398db0148e1703e31493a5
0xc5e2b23f0d886edd3853022d39a5480c4a05c3e0,0x2600ade1942dbf9ade5c751106bc1cb10bf09751,52332082,1791453511,0xab3e0234e4d728c4ecb31c66f1ca651c42ce89f3a3f58a528af1b8f9df7c3ddf
0x5b358730b6b94653b57f305fd5e6ea6dd6088464,0x2600ade1942dbf9ade5c751106bc1cb10bf09751,52332083,1791453513,0xe04e4d0339c99d1d9268f00bdb93c7ad292c831a1648ffe73e723668d5e0c141
0xeac83df8585fb6d42ff5696cbe2f5bd2e69d59f8,0x19d50766c78a75f80bf2bd33b51e9baa26882a6f,52332083,1791453513,0x03f3da71626b7fe5d363cd76e3ff0a9334815806000bc7730454fa3a186e863c
0xf6c832ae227eb95ac305c5b203ccc3871f3d15de,0x0dca33ffd6e69b47280f50442b5ebc722215ad1c,52332101,1791453549,0x5116d17a5572d633894af90cc38b2a5f242f49d6a04bb21efca0e109a88ec64f
0x3ee6a29f4e49c4f5d29aac34a8c6c4a6e4080be7,0x0dca33ffd6e69b47280f50442b5ebc722215ad1c,52332107,1791453561,0x48fd834ca9041ac88c74df61f045657cefe3df3b3d006f3e9d827b092a0d0f23
0x30d99b50515859b90aeb209dcfc64ef214949e38,0x0dca33ffd6e69b47280f50442b5ebc722215ad1c,52332108,1791453563,0x5bc529160d1e4e2b0c449fbaded300eb8f4892735b6832014d4d920aaad3cf02
0x82925dd21851d53e78b6d594acf7e390eed87248,0x0dca33ffd6e69b47280f50442b5ebc722215ad1c,52332120,1791453587,0xc121ac7bc1d943d42ac5e263b64b22c0fd326bbf89006b888a2ee89cd70fd341
0x453e6714a541db3122e6b272c7284a8825351d32,0x0dca33ffd6e69b47280f50442b5ebc722215ad1c,52332125,1791453597,0x6e01323c990c9332f38992215e40a202944355e1291e01fffa6f10eb205c7c42
0xeb05b0fa01f56f719562906720d4541ad16073fc,0x0dca33ffd6e69b47280f50442b5ebc722215ad1c,52332135,1791453617,0xe624ea71fa8db8471c947e507a0c1d9c0a5d08f72182c10edf1da2afe4404b5a
0xca7904affb86ca244098c178bde30c8f96b01d3e,0x152bbb1e5429b784b7f51057ce5b25a703ee1d54,52332138,1791453623,0xc4917bd263146df2552aee0542c81c427574b2b1469381cc057b66ee83513249
0x25d93e6028275e4ac66a01e7580c444c936bcac7,0x7ca7096118d6b836f1c0438afb15220cf2f0bf6e,52332140,1791453627,0x43eadc8ddaf39c143af0a722a281ccbf061c94cff79d48b91084d8b75711bd77
0x1ee9c89e48ddcf32fd1e592d6d7d0272e1dc10fe,0xb6273e0b437e863a235fd2a91af7a954b431e7ee,52332148,1791453643,0x3cbd2db795acca0a85405a4db8273293a941f6c568decedc2ba277aeae03f53f
0x02315ec6d3d9fc48317d94df204a731a43a9ea5d,0x9bcd8076840378a6edffc97ed824621c48d9104a,52332155,1791453657,0x5bb1fe93ad0fa2c116bbf42fab1730bc04f4afb13fc28196e1f230c9fe8b30c5
0x6f6c561c6df99fa9192889758f6ef5a17674ff4d,0x0dca33ffd6e69b47280f50442b5ebc722215ad1c,52332164,1791453675,0x5b4069baa083975034caff3b0788d7f8cae9c1bfe3c54978b3f6d9903b52e303
0x4aca23faf15bf0fc3d83b2746525f1cbc072ccb4,0x0dca33ffd6e69b47280f50442b5ebc722215ad1c,52332167,1791453681,0xa2099da59e80415f869abb62e6b04f322e681d0c6ea739155445fd58030bebfc
0x159ceebf2c52be8e917a69e00c4091cd2a776933,0xd1fb36b70df528181a5b4f485396371f54305b77,52332195,1791453737,0xd3fbaabe81304e9316784c5c28362fbf3e1bc94da7c026efa53e0476cac74bab
0x019c8552eec7536fc5736a46247258a309ff7be1,0xd1fb36b70df528181a5b4f485396371f54305b77,52332197,1791453741,0xc0e98884c18d5268c465ceb97aa122e3af8116f835d74577d768846b8493e1b7
0xd60353b7cec27c84896c128838cdace5b1d89702,0xc86c0c2ffa177c1bf1297ebc3e53d8b3e17418a1,52332197,1791453741,0xc72c7ed2727bd28655ae854fee2c3c6ca917d60dfc64de65132d95f8b6c99dc3
0xeb6a07946828509f8ae39ec193137c617f7126f6,0x0dca33ffd6e69b47280f50442b5ebc722215ad1c,52332197,1791453741,0xfaf34fef6c8c5860c741c5a3a03f7d2b27261e6b69eee1171b90a48a13c2863a
0x714fdf6ad4ddc2130869b8b438e4d159321cbb7e,0xbe42d44d560ab816f8fe5bbb3562156acfcda965,52332201,1791453749,0xcb4486df2935197eb5d319fe4385c12d98b864b59097c0520609568b22cb3f59
0x8fa8a89d9a39641f2badb2f12230275bbd1e3213,0xbe42d44d560ab816f8fe5bbb3562156acfcda965,52332202,1791453751,0xffbe95f65f11982031aa4fda00a125bf85a78e8d55357105b8dd4100267ec370
0x834cda39fc56e89d420550552ca0c22fe501fa78,0x0dca33ffd6e69b47280f50442b5ebc722215ad1c,52332203,1791453753,0x0e520e5dcade4bad9ec18dd85b7ebb7e0ca5ebf046521d9fcac7015e2a08e1e4
0x4f457021e36d03c9abfd5e5040cb28222433029a,0xabe381b578ae3e086948defd58410f93794f76bf,52332218,1791453783,0x5121d12bd5d4d6ec21897f7af2e7853088316b7b6da5110aa48522067afd0973
0x05fc6634b71f2cac526e596f5f24d0e23e453cff,0x4b1260901bcda67753623ca045031c452df72c59,52332232,1791453811,0x5316486e6ad0f6ad42d12ff9c887bb8f4a801e23c75d371a3d64837c90b8af0f
0x99716ef88cdab4fddcc80a6bd797ca2872b90931,0x4b1260901bcda67753623ca045031c452df72c59,52332232,1791453811,0x90f9e9b0ebf52e47a1465901a715159635c4637b11ff0321028f0144aed6604e
0xe63e76cc7420d992258a22c75bed37536ef482a6,0x4b1260901bcda67753623ca045031c452df72c59,52332232,1791453811,0xcb923a9b1cf1fd72b22d2453fa571bbb4b0de904c272b96735ce38fda426c648
0xe82b0ef2829ec8420c5304ef11bf8b638977434d,0xe15399532dd38fa2b8d8259c412d7ac11cc00612,52332232,1791453811,0x7e30aa6fc74853ab441e5f210882564515a23ce49fadb091bd02697bb30dcd69
0x734c1d30684aed7b6c545d05dfa01aeb77f40510,0xe15399532dd38fa2b8d8259c412d7ac11cc00612,52332233,1791453813,0x82332f91a1aef4452f1a3b3853bc9fc370d4d7db6b8a00071470beca577fc43d
0x3e2513d32810586b57fbc39d6e281a11db731cea,0xf54ca7726ca1298a349ffce34bf204e9952b8cd0,52332248,1791453843,0xcc84225440c193ff1884a9c694b07a80d4a32d74e8addca5114115b8b5934ae8
0x9d872028d46108a13185fa76cb231182031bcf81,0x0dca33ffd6e69b47280f50442b5ebc722215ad1c,52332262,1791453871,0x674708293bf790840593ed831ec7859c7c4a577cfe4789912a1b28879fc161ed
0x7b9055a2bebfc190dc1bbe9a8aee0090ad3d5852,0x0dca33ffd6e69b47280f50442b5ebc722215ad1c,52332268,1791453883,0x62c41dc4f4ad8372b9c5ed4b8c8138fb56a4ff4b0acfc71ddea14414e97ab506
0xc5f4d42c93310391e5a83ad6b40b1651c307a61d,0xf54ca7726ca1298a349ffce34bf204e9952b8cd0,52332268,1791453883,0xd6b365587ba135fba42e6fd891b99f4257491f9b753b566fe16cc43cad15a8de
0xa0dce523518709f3a89de410bc550b17e93df433,0x0ba2252de695727a6d8b8e0b045cd9bfc8bc64e9,52332273,1791453893,0xc52cac254a86cd15cb001449edd597adb90193f71c4636a870ed5b0f63eeb180
0x792d498db42d4fb955346c4c763914566a957f9b,0x0dca33ffd6e69b47280f50442b5ebc722215ad1c,52332279,1791453905,0xf5dd730d1bcd90819bc6ed24ec7018983e6ff19042b5918b78a3a464f11e28bf
0xb617e82d43f6f9b47eb3b70fbe679c584477ee37,0x7f1291c8c96941f33217ec0ae2300593e6171e85,52332282,1791453911,0xbe8e5d8f9dbc54a4a8e3275378b0b15d076cff33e8b9c71e2095ce4e008f3eda
0x4fc6108ace22361c3276253ffb98fd05725e6458,0x0dca33ffd6e69b47280f50442b5ebc722215ad1c,52332283,1791453913,0xe4fb53c7ee6c513c76380e70f7a5793b3491b59c8f7b3d5e4898f2c3b6114285
0x625c430b201869f084c7be9a3376f623325f5a75,0x0dca33ffd6e69b47280f50442b5ebc722215ad1c,52332284,1791453915,0x22f2c93976e6fa471c5a32f2733f4bd68adc26f89a109c5f83fa2e2ab042efa6
0xe20c58f959d70d3ea1ea4f10ad3125dce61491de,0x0dca33ffd6e69b47280f50442b5ebc722215ad1c,52332285,1791453917,0x988c45207a8988ac9daf2a6ecd48d74e5f457a311e28a19600ca5dae9d887579
0xe089a3df15f14ba60de240a09fd1e53027c20bdc,0x0dca33ffd6e69b47280f50442b5ebc722215ad1c,52332286,1791453919,0xcbf9ee25a74fcdbbb09c6095840a6f7d02dbe823596a9ed0bccdcbb4add805ac
0x1128ef72860bc0be97312eb4e1c4dbcd12ac65f0,0x0dca33ffd6e69b47280f50442b5ebc722215ad1c,52332287,1791453921,0xe0993163c3e8a40e8be19f636be037e613899b537047bd94e7e62afb913d8e9e
0x0da9a43b42502d7830d36e93e9b5a91d004285f1,0xf54ca7726ca1298a349ffce34bf204e9952b8cd0,52332302,1791453951,0x9a668adb2446b8a4d52a09c4c7f4891f86820b7d10e8bbb24cdb17d9a912b61b
0xe8164c81514b152714bb408b5ca2fbef10b2e376,0x2fab9ad3cd971b0716f91ad613b6ec1bd5cde7fc,52332306,1791453959,0x8c82055e28284bd901bd1b37ea55b4e3e2bb85b07570f6688a894386c67a20dd
0x58e0f869e2a0bc39791f8f5ae0570a346fd914b3,0x0dca33ffd6e69b47280f50442b5ebc722215ad1c,52332318,1791453983,0xcd004208beb9331f6c19423a86a19771e4028d63775437f4eeb1a8fea30570c0
0xd43d235503cb1d1cd20340ca8aec7de3d05f85ad,0x0dca33ffd6e69b47280f50442b5ebc722215ad1c,52332322,1791453991,0x4a97a58ea15c419081d2783bba07078629d8538572c485f9ca50220042d3c0c0
0xbc34f18b30b36a23a900bd73f0806d1112cf11d2,0x0dca33ffd6e69b47280f50442b5ebc722215ad1c,52332323,1791453993,0x3935e919e141305e86604de0d98be2d69ae0dccc08fe2999cf646f716794a45a
0xaec7b414a0bf715812b807ca0e797fff342d6825,0x0dca33ffd6e69b47280f50442b5ebc722215ad1c,52332325,1791453997,0x5c17c04f73cf651d098d2800aec151419b0c8e288174a2fc8548dd5b48181290
0x5d0fdfa488b95883ce864ff3a9816615d64b85e1,0x2a8041514079bf57aeeaefa5fd49b7c03335dc74,52332333,1791454013,0x42f9a535d5db3f1b480df8d009f1f48e2cf133254ce3788f4e9c0c09f8329869
0x5d5308029223a8ea293df0b8834b2f28358fe059,0x2a8041514079bf57aeeaefa5fd49b7c03335dc74,52332334,1791454015,0x8005c05854bedd59437108e0da9b3e055e3794260ee9f924ab0750a94e26a9dc
0xbe77d40f9bd422a504cd61f3aefb0ba9ae3bf861,0x0dca33ffd6e69b47280f50442b5ebc722215ad1c,52332338,1791454023,0x9da1c811dae74b9d35e0b0c4e02fe200703362872fce7023c2bcb080fc35d008
0x928fd9a0ba22414c2276320c58dd71fa9645af4d,0x0dca33ffd6e69b47280f50442b5ebc722215ad1c,52332349,1791454045,0x1e2ab4178e06b8e73a454e9e563d4f555c642e657216d308724f61bc07d140a1
0xd8bdb143173eb3a07c5e4301ad465ea6dba10ae3,0x0dca33ffd6e69b47280f50442b5ebc722215ad1c,52332350,1791454047,0xb01f8a246dcafe6d482eb655bc2d2e652a2de61f75af74b78e2e03453c79b88a
0x828eb3be4aa4a9011dd9ab6d6167a7837dbbf6cd,0xf54ca7726ca1298a349ffce34bf204e9952b8cd0,52332361,1791454069,0x9308eca46787de85197c9bd7a7c00defb08ccb02e35e0838e6936ade66234f4c
0xa07c55af4a0133e49615962af095209deaeb3336,0x2dcde99bf8bcf42e49f63bb8d46d809ca33dfe04,52332364,1791454075,0xae3dcf3792944044143f52e44c1795e21f5b6a07ba67f25431055f2f31fd1dbf
0xdaafb2cc5249d9dde849dde70ca7c956cb74467f,0x0dca33ffd6e69b47280f50442b5ebc722215ad1c,52332366,1791454079,0x01ebb15f1ce481388e79deb47c7e1967fe35037b977388efa8d034952c90c192
0xd6d21e9f2e9ca1a060dc12ea29096341f1303098,0x74cd5e973184e3f81c3a626123705ee6e7bab981,52332379,1791454105,0xb656ed07c84507b5b5a4da90d5ce5a5a84425715bf04824806918a7760ebdfae
0x49825d66ad9334de8fba28ebabaf68811ebe9386,0xf54ca7726ca1298a349ffce34bf204e9952b8cd0,52332381,1791454109,0xa308cee7542d844d4f42a3db3f4215a9f6830d3ca1262cfc74ebc49366cea92d
0x275e1b409bb1db072a3580e694465c6ed91d81bc,0xce169b394ef810d7dd3e450404d1267fe72edb1b,52332384,1791454115,0x35e2359f451ff77d64a0cb1847976a396010448a8d31bc412569dec30808be9d
0x1c3a167cd638553c4e9f51206398e7a172f72eca,0xf54ca7726ca1298a349ffce34bf204e9952b8cd0,52332415,1791454177,0x1b74ceb0dd6afed77388b36bdcb0ec6ee7d52e35ca61aee14d535e26cfe2c938
0x7313042d0f63830a1405a9d77e063559f3c03279,0x17371b1cffed75344437a985459c9bbb96636727,52332417,1791454181,0x3afc070ee237572c170d02bfbf3a3f124a55d8405626ace4f25786ebbcbed220
0x34f3763f82de1882c3e1f2361a6cdc1a9487e534,0xddc714e7c931b6f63e7c84a1fbd9838b5e6bb0db,52332444,1791454235,0x1d89fa0c561105dc26240495a49e0165b9ac0d648b356b806bc2074f1b931fd8
0x9a635108a8c526a5a1ebee2bc28881bee61319c1,0x0dca33ffd6e69b47280f50442b5ebc722215ad1c,52332444,1791454235,0x3281241921008a91ce13556487df0b95f77b505bedb35a697648fc790e5800b5
0x5d061bf0da3f98af3c68f2c8a3aa058c483b836f,0xddc714e7c931b6f63e7c84a1fbd9838b5e6bb0db,52332445,1791454237,0xf9a5122c99c92dd874aac255fe7ad0b35b776aae8574d4611476a558df8de748
0xa573746dee866a3d34af9d514e8536c081082032,0x65a580107abaec99a56ad51658e353070379da7e,52332450,1791454247,0x9d2edd7d8a2813dbd646879a9d3339270176d475fb396026f3f3f32039841bc0
0x08a340eae0a59fb8a08d86ecde66825fadadb9fe,0x65a580107abaec99a56ad51658e353070379da7e,52332451,1791454249,0x282bdb8fe630907c291f33bb7d97d37fe2b45b40b161764c6a0c628c725b32d9
0x5da280727a07cd6d5a6b5f9245fce4fdac148870,0x5caec8d12bdc990655d4b4c134591ec8ad12b9d3,52332462,1791454271,0xe5882ed662b82cc54c1dd0169e4d0cd4466c0872de887d0c12fa448d460191f1
0xaeff0a60972f4c769b05d71fdbca069c037656d6,0xf32a4ecbff58dcf7229f1ec9ddf09c5df1ae5812,52332496,1791454339,0xddd28c6cff75346428bba7fb56ec24a32cd417ab9972795f346545c50e1db657
0xa49420113672a586aaf8c986673fb26a22d04baa,0xccd11ed84b74c3ad17db9678b0894092fe6cd989,52332497,1791454341,0xd26616cdb9cc70607aae1cdba5a5bb8505812ca59e513ffd3437d76396293136
0x518dae60c6c880d044a1d0f14f3b69a317017105,0xd111b12fe06abf6df027a58641c51497ad0ddddd,52332502,1791454351,0xcfbcf047fa9d3d5273b4ee0042cbfdc3a82611518a13340e81bf93d2e9b0f797
0x09e0252bd98edcad1f0591a62805ae7619ead416,0x17371b1cffed75344437a985459c9bbb96636727,52332506,1791454359,0xd2babc3e0a5300a2b93db55da3b581597a97f27bd9317f97296ffcdf73032cea
0x35c9b9945ebebb4a91d450455aaaad5137c9956f,0x0dca33ffd6e69b47280f50442b5ebc722215ad1c,52332510,1791454367,0x17a4036db454776b9030ab5e4b3eff4db0bfe524c9953876bdc463a51c679e22
0xf11a183ed10692cc7d995397c7e587473c99991c,0x0d7efece963ba80bd675a47bc0fa24b0bc7abaf9,52332532,1791454411,0x1e07732141f5ff5c6ba56636967b2c2d96fc77f45680861d6facc29672184984
0x476762499fc3df60ab9f06caa6d0a13b6bb17ef0,0x0dca33ffd6e69b47280f50442b5ebc722215ad1c,52332553,1791454453,0xc6e44b0623364939984f60cc3e93e314012a27fe0c4a0dbd10f81bc48cfa7f0a
0xe6c696b7bab5ac32fd0c02cec1142a07703175ff,0x0dca33ffd6e69b47280f50442b5ebc722215ad1c,52332559,1791454465,0x668cd2d5d168dce404fd2073da9dd80b07a84f28955c4f107ec0b41277c8d15c
0x58c2be76122bea6753492b5458379733992d424c,0x17371b1cffed75344437a985459c9bbb96636727,52332560,1791454467,0xc393e69ec678b5dd9092e7b84c9a474fa9f4a62e2e0dafc060a7396a2797792e
0x68852c5d15b1f4d0d89f92c14e907f6b3f5b9184,0x8f7faa53e046719a34af3235ee8fdd4b8310a07c,52332560,1791454467,0x78ee8343a8dd2a2f087b9f86328285bececf021ccd09279f446ffabddeac1924
0xea216cf48cbb594712f6704f2dfa5d0a1afed176,0x0dca33ffd6e69b47280f50442b5ebc722215ad1c,52332560,1791454467,0xc2fbac69a83e5e18175e5a8171790bc4fae1be19aae96da1b90fbff758232661
0xdbd27b26293352f37c093d35cf093b51df69562c,0x455dce5eecab1337aa82a9e5f60a670305642fb2,52332566,1791454479,0xcdf989997bd38cd6d79942addf34d8bfca3b2eb96f562691137659726ab0c836
0xc465991eb1548549b886367862c42b9c8b15b21e,0x0dca33ffd6e69b47280f50442b5ebc722215ad1c,52332572,1791454491,0x7962f05af5c54cd130a5d71246445d8a94126d9a5d00e5129fa13d8140e9921a
0xaa0c2e6a217324685df1b50b8d2a1679fed7e3b0,0x0dca33ffd6e69b47280f50442b5ebc722215ad1c,52332576,1791454499,0x7645b605dcd4afa45c407389e2b5acd7f71775e6985b756e98cb1657851f1d76
0x2e29fcdf95813c95c5f5c87c548774cb6d28d44a,0x0dca33ffd6e69b47280f50442b5ebc722215ad1c,52332587,1791454521,0x0e98f7a43c2c33a6287517197205fb2c9c7a84d92a6acc4abb592f20f792865a
0x851564a0151baea10af5d6e124be6107b8703778,0xfddbab870259450befb8db69d0a324f9950f4920,52332594,1791454535,0x98361389b01dfe81f88f64b67ad47414de362d39471165e30a5761e8c599e134
0x3c08a05f70f774b1c57cf54a95c1c54b935a49c4,0xfddbab870259450befb8db69d0a324f9950f4920,52332595,1791454537,0xca1aa5c7db1fa72c01a397083b5e089be4898b553dd30b87dfd655d8e8c04e01
0x86e78e96dddd11ee0a11a9b02edc04f868652734,0x0dca33ffd6e69b47280f50442b5ebc722215ad1c,52332616,1791454579,0xb3040aaf1522a06dbecb52d04727d9f15936a56b3e1a6d2b14e8fbcff4823628
0x2fae2383fd72fa8ec4698a4eaf27c2703b1b7386,0x0dca33ffd6e69b47280f50442b5ebc722215ad1c,52332618,1791454583,0x429f0a190bc8af274bbbd87407f8d5b8e18de1efd61c43f99dc227813af2d673
0xac357a54fb469b6626668524fb5e4f1b87f82446,0x82b3db9813b61769c5e0b2baf5d02dd517b74812,52332628,1791454603,0x96a7fc03f6beaef4f3c1764ec2e60cde660dd35eb3bc09c5ec94d944998e49a3
0xbf6d9a61bd2bed6c3cc9cb55539fd271a5f117a1,0x2bcd5d2e76bdda38eff709d8d4c1e0b1241eda59,52332634,1791454615,0xefe41fbd286efaf35cf2b18011a711e454a455bdec36cd607553023bd3ede76e
0xc716e8014afd097a611f07562fa8c71c2171c9f9,0x43b0506f6b000327153b055c7e630f67be4096b7,52332638,1791454623,0xba87c53411e4c9375250f4f74d80895b05fc0d44dcbfc12662ace0fb79e4df69
0x80a8f254874b7e0583a7ffd73f02507ecd2b3ecb,0xca7ed8b956642b10a9320e5d3aa8ca46ea003cce,52332646,1791454639,0xabad76ee35c65cedbf4e166e436b27746be232ad09c1fad32b3286ff8926fab8
0xc6bbdcde2b26cd28b959f9b2c7dd2bb100d69fb1,0x0dca33ffd6e69b47280f50442b5ebc722215ad1c,52332649,1791454645,0xacc72bdaf56c950f337cd1f48e7317aa400d1eafbed9bd33ebc9b305d12d078c
0x80f96e51ebfa1222a518c17aead8aaf9e7ce9c18,0x0dca33ffd6e69b47280f50442b5ebc722215ad1c,52332654,1791454655,0x57ac8fe68bca93415a348895765ecc6e2c0a92fa18de95097755462afaaf6ce1
0xabd32eaa8a987b4f6f101ef0c3feffad34af30dc,0x3eeef0de47695c827e5e490ab630ccbec3cf9de1,52332696,1791454739,0x63bcc8e5ef390b5b98d531db0c9798bb216f3815576e09db4116ff4877113b00
0x41cff88d5f829022f77d97f550064aec5ca9d81a,0x3eeef0de47695c827e5e490ab630ccbec3cf9de1,52332697,1791454741,0xd5765786acc7b90d7cc4dcf0312d42a32662fc65ac429bb6039251ee60e1205c
0x7e04adc21af719dfa5e4f2e8e2f77a4acf5362d3,0xc295ba326bc64c5ed0677e0ac530040b6b4fca4c,52332700,1791454747,0x127050c6a5f02f3f640b38a55d85cf6d5b353b49af527716bf04409f2505155a
0xb52826ffd6b5320f9cba45cbbefe50c5bd9fc4a8,0x9c0e3c0f9026c7471781caac044858caa343a36a,52332708,1791454763,0x63ed86f950fa9e1013d0480831956dcb08b6851c504997fd10c12844d78245e9
0xf0b38290af70e2cb9850c1cdbe9c8441cb2a8889,0x9c0e3c0f9026c7471781caac044858caa343a36a,52332709,1791454765,0xc2d3bd97e0a1f7aeb807821efd0444b852e2a5ab0edb51043dca8138e76a235d
0x3f8f5ac8a62b3e6df25987c422ecaad3899ebf54,0x0dca33ffd6e69b47280f50442b5ebc722215ad1c,52332714,1791454775,0xdf7d8c6014c26487c8ae506bb85159b36335d3f6558bfae1f16663dfc0bbe2e6
0x83adcc3ad3481e1837227608715bedbc92986505,0x0dca33ffd6e69b47280f50442b5ebc722215ad1c,52332719,1791454785,0xc2bdf479dd53881688fb3b0637dc5fb560399027976c82a9db21e8a8c22a6835
0x8db47489fc5c03a8bc82f596a8989930b878c4a5,0x8e205692c05ec8d907253c22f4e07e25332940e5,52332728,1791454803,0xc31fe23dc0da79e3d3bb17be0cf7f9c57fe44458d6701c9f638a34715f319b9c
0x1e4dc9b20810a7382aa7193220d01a4b618483b9,0x1013f1f16a90a00fb33cbfba73409acc80d997d2,52332730,1791454807,0x01111af4f23e41b863719bb64e5b2af7a8976cf5fee0d5478da164787dd92538
0x86e8817b13c1afcd247a961f434d86a717e8281e,0x0dca33ffd6e69b47280f50442b5ebc722215ad1c,52332737,1791454821,0x9d71cec93d4ae61d160517b2360a23f2113b77df6c03c579624a6de7c8bb152a
0x5b656785b21dc3b077030cb3db488190ae89637b,0x26cb573f6fcadb82f33c47eaaf58abdd2e0bc976,52332746,1791454839,0x2b22189f5019f8775532bbff9ab659d5e39936ccf19b9bca7faf992fb88c7615
0x214f71fcc12f90b11288a45f93218fb8d7a805c7,0x4862a1254405b5e50761ef9ccde9bfdb831ccf0b,52332762,1791454871,0xea7d01d84953fb804cf74ce124563505476880acdaad1a1355b1d8400eb9ba37
0xa3eec55f71e62431b4afdb6b6734c11204f29a93,0x697c6cd9b242c736bcd3abce138b0242afe4445d,52332763,1791454873,0x5c8f8c471027289165efb9d0d1a646cf81beb3f39f10aaffdf9a56a43c715e1c
0x9a23ac6c3de9cf5a24481a8d2fb36482b1845264,0x0dca33ffd6e69b47280f50442b5ebc722215ad1c,52332777,1791454901,0x5433e99720d7e5ddcbeaf36325de8f9a80653974259f8ebbcbc2f00ec265eb56
0xef3e2be9ef65f32f8b8c3db38cb67a5d53ab2757,0x8f7faa53e046719a34af3235ee8fdd4b8310a07c,52332788,1791454923,0x9a30b0293231aed83cf4c32f227c68fb98bd901136548de0cafcefa423d444fa
0x6210f480d6f10fdb82ab290cadaa746715a5f200,0x8f7faa53e046719a34af3235ee8fdd4b8310a07c,52332789,1791454925,0x6247ac7f2139718480a44e64392f23e69cedb8037c35bfefca0cedc1ee262aaa
0xae718706628697abec01c2762b79d59429bd13e9,0x0dca33ffd6e69b47280f50442b5ebc722215ad1c,52332789,1791454925,0xe36514bef04aef140c15c42460eb3a6118d44920c69626e83d9d6e1db58c2739
0x01b6d7f4f016ad2457eb94804c3f92c781000fc1,0x8f7faa53e046719a34af3235ee8fdd4b8310a07c,52332790,1791454927,0x08f83234e51ede30131a39fe3f649e372f26b7f4c3d1a105585097693b579ba7
0x82f663b3043525bc98341b08e049ee27abcb8025,0x2d51a4445de7aa8a5ef62f4a742d47668c76b721,52332793,1791454933,0xcac93b410b0ae3239f37ce24ddae68bb7c7aa1d7b9381a4df72e2b0d9c139ba8
0x53a00dfcda4d8bb027386ac786819e23e18a3eb0,0xe04d47ab6734cd07edaf373df32875a5bd31a350,52332796,1791454939,0x70fa075a5d775401834c7098b6335367cddd7d89374af4213284b077690e972e
0x14b8a4eda01a5deb1a03452eac0be68f9f1c69b9,0xe04d47ab6734cd07edaf373df32875a5bd31a350,52332798,1791454943,0x49e2b9d555e4d017370c534750c98060b6367012429791a07045d7e030f08d23
0xd35ef90c6d546f4d95c9ec5f7d9fb3793cc2d036,0xb4bbce4297799250d750cf256ac1c6f6975cd805,52332798,1791454943,0x954f2c7c3ebb0ca7cbda187abde9ba18382608d326298493a7e4c0357870cf25
0x4293646aedfc9ed4153d0373e0bc306b3e7adefc,0x4f2c49c54cf28549a222188fc9c5456092035fd7,52332800,1791454947,0x710815141f046de5227d2efe41195d0bcdfb593e7027d11509ccdd5504eff0d9
0x224966567e60a39c9bfae3d8dd2f278bdb26665e,0x8becfbf34bfd828cddd24070c09ab351c935ec57,52332802,1791454951,0xbff6856082f43afab4d59a1704bfdea66cc4e0ad0d5e22af22cc8ad01d6c5361
0xe74fc9d413b13ee9a5d7c76f42aadd0fd47107cf,0xf63de6fdcd0da7327a162c51640fa55e14096169,52332809,1791454965,0x407ea30bf00c1bf6a095eb37f930636c17904c7b392186df795293193102cfed
0xfffac1317a982d1fbb2f93ba04478963b2142e83,0xf63de6fdcd0da7327a162c51640fa55e14096169,52332809,1791454965,0xb2ba158df08edc51be0a258e97bb14c302ac68d0df7710d28dade22e79728f2c
0x2c5f0dca8ba053fc54fd2cf910a92dc2cd6cbece,0xb4bbce4297799250d750cf256ac1c6f6975cd805,52332817,1791454981,0xa8b388696ac7f8110561b773247e31f8ede9f1972d1199f8746c50f72b52e689
0x7d3194b137e5c9fe9e036c61fb6032f2f20e8f6c,0xa9a36eb9e21402eaef1432f0d0ebb596a3358fe1,52332817,1791454981,0x604d5957bdf8206d78b88191a29e0ef50a29b92dfe41fee5aa09c8de37884e69
0xd2c65d57ebf14a9409e8ca50c877e0052b88a42f,0x0dca33ffd6e69b47280f50442b5ebc722215ad1c,52332817,1791454981,0x1a7aba0506197284db6b8f10db392e8209c7f67ee4cb0ca4c378016b19c566b0
0x66bb7452f2f830bbf031dfaf29556a074ba33021,0xa9a36eb9e21402eaef1432f0d0ebb596a3358fe1,52332818,1791454983,0x3134b263c81d43e3c1cccff4d7b8eb35ad35cc24c5932b4514ff46ae4680f058
0x27f370ec91d76229fda374eab42f395386a3965c,0xf583ac462630cae386aab3d7b498b88d4dc15b7d,52332819,1791454985,0x5535ca9ac69161ea67ef9a05d81be5d1b14e4c6d93bb0624648083f4dea71ebc
0x80b0b863af46fd849aa660ecf6b03e34a6b7753a,0xf583ac462630cae386aab3d7b498b88d4dc15b7d,52332819,1791454985,0x03c033666c37147655d99b486401767e78b1137940cbc646bdf967a41f79010a
0x8820b474606dd716d7c252b6095abd102af0151c,0x0dca33ffd6e69b47280f50442b5ebc722215ad1c,52332822,1791454991,0x27028ecf732f9f85bed70c7c441a74e54b6b6387f1d5a30e4bbe4faf49e72106
0xfe306cfc1d87575ae10f0037a5a010ffdf84ebb4,0x1f43edfd32f57e96948589473a0c28169367bc37,52332835,1791455017,0x4401959feee3f8cdbeb2ca0af7e61740c439d60d2f304ec2e5eb1da6a63eee4c
0x3d3ce01be37adfc63f1b955ac41fb962d576a68c,0xd5cde851c9e5c60b7fea5a54d253ee561186273c,52332839,1791455025,0x66b22d60e8f25b062bfcdba3b33243cf0ab8c3fa20d71a32dc5e569a0dba9925
0x225e4f6a0e2a315ca44105c500472b9aa5e1a9c6,0xd5cde851c9e5c60b7fea5a54d253ee561186273c,52332840,1791455027,0x907d7e568382451d8f8791c2603b2f7f5ffe4ea416fd06b30ff741c2ebc4fdb7
0x79a8ede3530950a508dd2408cab11d7936cdcb93,0xa0811ec9c65b8199298964f94149bb22b5b44a25,52332844,1791455035,0x58ce2eb1422cf25b8a2d58f616e8884f9a61d406487a140a867a30c037dcd4b9
0x33e05cff5405a404c1e0194d6908081a5fefb0a7,0xc7fb332bedbe5653f42811a900841afa08b60531,52332845,1791455037,0x8294ae18deec5cb7d6b55cd60fa122698cb8784e480a4bf77c4cb13c05cc7ee4
0xaf19c32d17f2f1381c4b243b04288ed786bdf834,0xa0811ec9c65b8199298964f94149bb22b5b44a25,52332845,1791455037,0x064836a3e8f3d932e28563795ada2c32194011ad9993a75a9a2755271d41e41c
0x1a72946620095f220064032efbc7003412456356,0x42f011f687f2f93f4215013d8dd65331d0325b29,52332852,1791455051,0x7ab6bd65b26b4f87d633ddd86de3219332dc3ad0b8d6cf848d49c05df80c2835
0x9e7c226aeaa106ddd2ef8cb222dbda226e8a0094,0x42f011f687f2f93f4215013d8dd65331d0325b29,52332853,1791455053,0x418897bdc0e3f37a7654503ac38150c7e48a4f3736af06e7fd90fe9690f3f1d2
0x66dfb66c4e85ce6c4594b7dae0ea46ba86d81b58,0x575b794c3c17ab3b2f8dc138854fe5853941f77e,52332857,1791455061,0x42cce288af75fcee3b0a616f9d03a47045b6f156e248bd53b52daf685f1bf41c
0xb9b0ac1f679d7a0462c9754792214e2bda22c336,0x575b794c3c17ab3b2f8dc138854fe5853941f77e,52332857,1791455061,0xdb3c40feb097dd51cfff319d562e3ba1f9333550a2576607c77e1811ee845b18
0x8a038cb1388d24948d6c9bb43fbe8e6a0e1554b6,0xdf68998ba8be265726b0c7cfdd9a53d373df77cd,52332865,1791455077,0x70b958061a29461ba36e871f18fa4684a3aededb08189a9036737b448ddd59b1
0x94e3f15a722a35e9e19991a6bde8f8fc8eec6786,0x3a088ba1302474b2a88e2bf744f83352f4711aeb,52332866,1791455079,0xbade032578473c88110f6e1bd1ee4bd3b571d331fbbdc891a0a81f19fa522d0f
0x8a5fd3df12899e946bccc44903290e68d011fa59,0x3a088ba1302474b2a88e2bf744f83352f4711aeb,52332867,1791455081,0xca7806a4ce1895a763f785e42113c710c4d368c0b918fa760a2ecc81d3f26411
0xd8079c669bc2d824a8afe0277977d2356ffcc238,0xd3cdc7b15293cc2baee28890167dbdcff39c5599,52332868,1791455083,0x9036055dfff43cf37a8a17d6e602ebd33e0d1dd4ad21ec9f7e285371f31ffce0
0x375ef49525f179f81845ae166a1c5374935ffcbb,0xd3cdc7b15293cc2baee28890167dbdcff39c5599,52332869,1791455085,0xe5932b8f76b7a4a30d6b53c7ec3727079835c6d87146933d6d25bc3bf7821055
0x3e84da156c6b71974630463a7f13670b4e9e4fa1,0x8c5089cb3c125844ebf7bf9b0d5f32852b9f3184,52332879,1791455105,0xb5b64d966a5f8c792feefd78f801bd63d4fb1baf99b8befb4f83c6e65ecf9a99
0xebd2159d1b0a710baecd7134b609452d74515549,0x8c5089cb3c125844ebf7bf9b0d5f32852b9f3184,52332879,1791455105,0xed79978fa55c32f07240e3b4c210c1eb7e9ab8319d8015edac2a5a8c55f35a54
0xe6082f8b8e3bcd11044ab790abcc0ee2e8f50d24,0xee4db7997aabead2773cf06817430e1dfb41b539,52332881,1791455109,0x5ed1c66ecef71d46ed4a7e2a576fcfb9381c7b0f3ca0b901e6ebc60a7c42c638
0x42b5a5b61448530da12a5d2989e851fb0a571d6a,0xee4db7997aabead2773cf06817430e1dfb41b539,52332882,1791455111,0x2f691a6c3dbf2b0a74d8a1e5c92364313213d912650ef00bdd7b5f66469b3cee
0x83f5c7df3563a593265cf79c6aacf4904bfea267,0x0dca33ffd6e69b47280f50442b5ebc722215ad1c,52332895,1791455137,0x869e849193ea1313e42bc18b59459731f042334d72160ec4e934226361f2e288
0x2c1ed166a06cf3e2f6b16f4c9005bb661a8b2ec5,0x43b2f01186fda9814c5f40770554ac68fd8304bd,52332898,1791455143,0x510fc634aea6af3b7ac1aeba3a0e9208c44031e7fb001c6f34061e63c63b1e4a
0xa2802f93c738b552ba11d1d441d315534288fbc8,0x43b2f01186fda9814c5f40770554ac68fd8304bd,52332907,1791455161,0x2f2e7379adb0fb0a32d07264c54a782d1357b520d72a860457ff229fad08da16
0xa0c1d775276bcc3eb44551f6fb132028135f9e3f,0xedd3e774829d856d2747f117dcaae50107aa6fd1,52332912,1791455171,0x077c89128ea67ba45f8354d23241f3130048913e9349f0bf9afd2dbc950b5e90
0x2897fe11c3cedd0fd623688f5725f1217f841f05,0x43b2f01186fda9814c5f40770554ac68fd8304bd,52332917,1791455181,0x1381d4943825cc05ac6fedf1cd85a8252cb544fc3c94201b9b0ae278effa11e1
0xe7d704ec34306970c6a7d8f6619e7135d75f9f79,0xad5ac4abc6d08ec0098f25536265db8acc49a3d5,52332923,1791455193,0x26c588a9f3f165f0fadb9d080ac8aa0a348c3814747e41c15696083b89717096
0x7709961916e964d6d2dc7f99b599d6f2272173d3,0x4f2c49c54cf28549a222188fc9c5456092035fd7,52332924,1791455195,0x4c8dac3c18158f31c92651eb2ec338ceff759bfa7ff9bf3682528a1c3673b8ce
0xfd1b51362ca34e8f9d3e801cbe24f0734d9e6080,0x285be1a5ef53e8d3d1390cc06df8dc0bc3523e02,52332927,1791455201,0x06d1de693b3090ecf39e533b92584c80965c38de0a0d0cbfb788f7a7261d2289
0xd73a4c16ffe9b0d2f67771549adbd6b6f851d45a,0x0dca33ffd6e69b47280f50442b5ebc722215ad1c,52332928,1791455203,0x01cb4c43e37c7d5f5e0b5d09f67418221cb1361e18d1296e7a860e3dd5c85231
0xf8227093fe1bdb61ad41afd2adedd75b7a87258e,0x578447105e58c54b9711dfe4ecde084443850010,52332928,1791455203,0xc90016c3b907193dfe80511c8c95fc0bf441eac7efec981b7959e9da90305b8e
0x0334bb34e77482ec57f148f2fc43f4703f098083,0x4f2c49c54cf28549a222188fc9c5456092035fd7,52332940,1791455227,0x29fcf39d6af66a7fd1fa3ebb959470342fec424afcec4b066b5fc073480e89a6
0x2fa8dbd411ab1eabe846dd8fa27f193273adeff5,0x4933a26717de77d71581cebb3f47c4f73f82309f,52332940,1791455227,0x3220d81266c0febaa4a00897b526bc1f767784eea9cca7502df2187c44de96b6
0xac307fbff68dd90cfb4c8051ff7db7566b1b1212,0xc9623515e6be00be03e09f70386872379921f101,52332942,1791455231,0xdb3075955c0cb9ec648893478eb5b0eb2b2266dd1c21cabe9f2af3ff06300748
0x36f4939a5b5fcadf9bc61cc9132893da723f6aca,0x4017c27c3417e32e6514305bf44754f3e171b4a2,52332951,1791455249,0x0108c988d12cbe6ff6363d8cd790658630caa951b91877888c102682604a659c
0x191d7f55d89e1748e98f76474a891bd5b23644d6,0x4017c27c3417e32e6514305bf44754f3e171b4a2,52332954,1791455255,0x67c3a3a28d67d6d2820e1567764c02592bd48d8228659fd3e05b58abc5051943
0x699ca9a2daa1d955b502ea97beb36f918f114246,0x0dca33ffd6e69b47280f50442b5ebc722215ad1c,52332961,1791455269,0x19cb7d5f1e08ff7d1dfbae82af200400acfad3bdb06e0b49d8d85a8c85763318
0x8e9a6abe77572f03af9fb1dd4b5afc24cf43d9a0,0xaa50edcf6e7d145cfab444e4b4f0136b8fa0ee08,52332962,1791455271,0x9acb07e177b8b55b6b03b92b26a266aa57d2982d6f6a500c52541d3bb0516d2f
0x5742ed03790e8ed55db11b495cf9d06863dba362,0x8c36c435bd9f2d3fd341864b9acf6ecce001dee2,52332964,1791455275,0x196fd318b33141c6eb69cbd47bad304090864b97b7559c8ad4de936405dcc5b5
0x86cdf00d9a3852609ab6d85236ef263901472626,0x8c36c435bd9f2d3fd341864b9acf6ecce001dee2,52332965,1791455277,0x2b89892e4bd2866cfb136b495fc9a06715eb3901a2b32ce882827f052e10e65d
0xad0b030c5ecf2139398e5fe5ec796575abe58dea,0xeeff57a340c1932d3f5a29f8a307470d5b31953b,52332977,1791455301,0xd6d6447dbc5fdc266785f0a126bf2ce6bfccce7d4b04c054aabf376c9afad707
0xcaa51032797f434c734d7261def7b903e2d632b3,0xeeff57a340c1932d3f5a29f8a307470d5b31953b,52332978,1791455303,0x5d3eb384ffe89368bf93029efb1bda5a311ac6b389d2f9ca577c54c61b98eb0c
0xe2d7f0d3dcd2e515e92881d7f8d69387e7ef46cc,0x7f905418295ec27489351471ec17a091126de6f9,52332982,1791455311,0xbbd5f9ae1a7534fc90e8c2d0410e1b911e0f8f9166e64188119705c3e96c63b6
0x3514df26b4096a836cf71374ba51a5251d14745f,0x77ac132b6ba180da33d3d273f448b750fd3e76b8,52332990,1791455327,0x165bd13675ebb4a41ca4981646f1db60278c410b426407e1a2a31f4f9d16ff2f
0x6cd84dfa009c4158a1cdd04f2f37b4bd7f396efb,0x77ac132b6ba180da33d3d273f448b750fd3e76b8,52332991,1791455329,0xabebe5fa1770e3f6d8ab5f7f8165d73464320eb0a36f61a24347eaead4f87f1a
0x913b7f35cc472800ecd3abff2117c85dad4a594f,0x0dca33ffd6e69b47280f50442b5ebc722215ad1c,52333004,1791455355,0x4815b90861c44ac4973d473fc39f904e0bbddb58b6d7e47eb6cf407cbfe77512
0xcddc0e38eba623196cc7ffe73db3458461c3a847,0x0dca33ffd6e69b47280f50442b5ebc722215ad1c,52333010,1791455367,0x11d3ea282fce4d68337bbea9aa41774a19210df1db76a74c21c7c5ba3f711975
0xb4cfc550ec71d891d8bbab7c233db01cf56905c9,0x0dca33ffd6e69b47280f50442b5ebc722215ad1c,52333011,1791455369,0x86263ea75d37f4d290490e524c9022aa39e4aa9fafcb99bec89098f5a86aae56
0xff61df0ffcb27ab78b0ef9340f3672988c30cd44,0xda431abcb5e078035a2cfb96ef0d58730dfda260,52333015,1791455377,0x3be51f001d880b6ba463d9e265c3cdaa09b62c8b8e79dc2d48a2dd7afa995d0b
0x0544a61c4fd6218b7e65ae63a57f4809e1559cba,0x0dca33ffd6e69b47280f50442b5ebc722215ad1c,52333018,1791455383,0xabd601372353b7ae8db53806e1ef4eb87d94c9aab52fe30fbb59295b32ac3061
0xa83d17efcbbc88f461790861d7de67ca6373664a,0xbfa1afe7ca0d7a18620b290bdbb02a6e91ab8e5b,52333021,1791455389,0x4d88f8c1b75b87cb6cfb9cd1e71e9c5c8373f21288d9946b81bcd3908eca74ba
0xcc1c5f438212bfed78c86719b045674b98aa8d5e,0x0dca33ffd6e69b47280f50442b5ebc722215ad1c,52333023,1791455393,0x4d9e642a304fdd7a311fd32d1903ab6913d9c59afad96ece0a787f23062e639a
0xba809850f4750a822f017a8380d2c68f0a9cf0c0,0x0dca33ffd6e69b47280f50442b5ebc722215ad1c,52333028,1791455403,0x2db443d37784a7ef41097d2246cbfc37afcfe6f55e5c74dab9c47f7a936baf80
0xd2c18c164ce4b8dd502d705bdacd94abdc5040ac,0xa5a8f6cb14799a542b6a2b43906147d956731bc0,52333034,1791455415,0x332d608b3d93a7a8c32a6c423645faf4f3c89c52a0fd43cebaf4a33b4001b1bf
0xacedd98a41b24d3c71284cf2d6370241308df7d7,0xa5a8f6cb14799a542b6a2b43906147d956731bc0,52333035,1791455417,0xa79bf19c6b6660753fd9479c4e9ba17e38ac6faa7b58a70f8c5a7e757ea3bf22
0x5d4b957d89e841a8ecd42e0e839d98e3bca43a2b,0xb2308711ae3857144828bc762d82f89d2f5beb97,52333037,1791455421,0xf43fdff650e50e147ed1e91f733ed7c1b0d915b5bc20b09f0e59dec2439ec619
0xa1fee672abcf87edfd718e1d0e165d588052d633,0x0dca33ffd6e69b47280f50442b5ebc722215ad1c,52333038,1791455423,0x32a4e1de97329c056e9da288ea01bb3a030f1c53e335926071d4ed43b324b750
0xd4f73734da6ef9cd1f76a5a3b244d8c5e48dab5b,0x18c4ec54cd446e18b02cb9d4ac3a5515c49d757c,52333040,1791455427,0xa64149d444880d1d75345b17521c05a73f9425a7d9251d43ff652a7f02b69e6a
0x9c8cddf647493c57c9e72cb29d3303eb194d053e,0x3fd44325ec0893bcf08d4bd2dd05db3fcc693018,52333047,1791455441,0xb5009386382f1c2998c626282a794e9a37290bf4b7a944cf361c1a73391ba1ee
0x9f73288e47d583d61243da9dd1d0ffe260ca468a,0x3fd44325ec0893bcf08d4bd2dd05db3fcc693018,52333048,1791455443,0x4089812f30463b5f20fbd4c29271d627da59d4cecff6307abe69e0594de5a218
0xc7d4a8d6a0ec169caf55067ed5368ede80601f63,0x9273d9da4cb1551ff253d6a677d51465e4e8edbc,52333051,1791455449,0xa726de9c287da00a724de5c8934cde770207b1c700b7e909916aac641be76961
0x351a15cefda47d938d6fecb5e3d1b629b3c2ba7b,0xc17325026ada65d3e03dde81c2c7429a75a76c6b,52333065,1791455477,0x4b4c13e65af22bb23f9dbdd3b5aafa53c4e8b1d7317a2035b1c806aeddb391af
0xda4e2a73bbf78fdbf9d62ccff8ec82ab62501437,0xc17325026ada65d3e03dde81c2c7429a75a76c6b,52333065,1791455477,0xc9336588a720026ebc7804613a73e710af1388cf9953851bcc5a4ec7fdf74aa1
0x887d08955370501c53ef542bd7b1cf5201822f19,0x0dca33ffd6e69b47280f50442b5ebc722215ad1c,52333067,1791455481,0xfce5ba7954cedf7449d76c476766e0c2224c45cba03bb9a23f38b0da0da25190
0x777a02e6f937b3ea319e3309e0826b94f5ee9b14,0x0dca33ffd6e69b47280f50442b5ebc722215ad1c,52333070,1791455487,0xffbe329102db3cbaf4227a6bef37137ce79494c5456811bf1c5d211ec7e3b221
0xce2901091e35e1070768382b2de54d2cc614b301,0x02e962014653150615d748e05e4abe4a7f88d243,52333072,1791455491,0x0e86467650e05a2bd4b452534d42320670e9e8fc389cbccd5dbffc2d60ed2d83
0xdbbf2b2a059d8865e84ea7218cbba832683db8c8,0x02e962014653150615d748e05e4abe4a7f88d243,52333073,1791455493,0x7bbd80ce9cb2664862b067ddf228cf6c6ea06e4fc9a37fd6883c1473e971ea92
0x24bbe20e5da2eae8c810cbe811d3833694f8ccae,0x779c249199c9242b24ec35c899b75192d6eeb573,52333075,1791455497,0xf521292daaaec9b7ee9be3f0a4bdd71b68a374026d70ad8cf0700111b372314a
0xfd3df3f119b6f668a7fd6d52ac2191513323e7e5,0xad1ee1e8c37046625437136623576b7cc4dd50ad,52333078,1791455503,0x8dabf9db92b7d80a76b179429a13acbc9a458276bed0bbe04c344348513604d7
0xab0abe870e9b7e25950ae5782cdafd18bfb2257c,0x04c2415f4fff68e5a17f3ccc750f3f345e23a7d1,52333087,1791455521,0x630b9849365d2e31e31bd6db2dbe6c5a716bb429f7c8f49b1c3db5964a470264
0x6fc5079e9d6f8ca961db5fe978e68d921664ba33,0xb4efe979162551b76601f04141b16d90c12ce3d6,52333099,1791455545,0xe88c85846b6d4c252791ee58f6a339c26921da2886dbece2872e463e5f118442
0x75d7ac4ff754f407b2130584a9505a5b89b96d1e,0x0dca33ffd6e69b47280f50442b5ebc722215ad1c,52333101,1791455549,0x3676619ff441429ee1dcca22b4ceedbb2d3f00e036fa18c87a254e9752152530
0x313221f562b32ce42d96b5f33de84f368065b345,0x0dca33ffd6e69b47280f50442b5ebc722215ad1c,52333105,1791455557,0x207bf95da9f0d004f14b70cb7156c6f406bdcea76e3377f51a4e8819cc6d986f
0x3f12725d4df8654eaca3e5286a60fd7b967e9b14,0x0dca33ffd6e69b47280f50442b5ebc722215ad1c,52333107,1791455561,0x29517bbebbec32fce9ccfa160132d5bc648f0faca0fab493bab8866608da9705
0xe1288b8ee20c0dcfaa3e5bca4eff4805e94f33d9,0x4f2c49c54cf28549a222188fc9c5456092035fd7,52333131,1791455609,0xb9f458c3a2a4c5041818fce369d8fa305366f116ab0e2914bc96889dba4e7b26
0x6a4da57d26d3e696937681a850742d37c6e678c0,0x0dca33ffd6e69b47280f50442b5ebc722215ad1c,52333132,1791455611,0x1141c7e80276709957bf12e156e101e12d7b1891fe4ae08ce83c503059031e23
0x2257fac4d7cac423187847a44e56fa03f2f80be6,0x928f58595362aad9d2fa3124479d02c785ac3b05,52333133,1791455613,0xb1e830b255d7ce44d18480b643e3027b0b749c7dc8ced8406df1379bb050a098
0x066703bc80c2d6777a5a58a1adee03e11c58b8d6,0x0dca33ffd6e69b47280f50442b5ebc722215ad1c,52333136,1791455619,0x1491e4034e56ec07c6114ba043953a9569ed4d222bed678ee27e368b07265b2c
0x1d5144364836cfd45573fe8692f339decf2478d7,0x0dca33ffd6e69b47280f50442b5ebc722215ad1c,52333137,1791455621,0x26b3dc2fa6ea99b0fc9d63a5067a91e1379221a434d7a4b67aa00a2d5805d909
0xb2484f69dd79900067726db088d7fd8a785d5333,0x35ec31cc2de6b3ee07671ad4373d873cdfffe006,52333144,1791455635,0xde3b6e0bc6622ffdea5ed670dadb92f325630c16ce31bdbc62ec5841a4bb1e5c
0x30ae8fead2ea8cb1eca877c7a0d39e03f528c9e9,0x0dca33ffd6e69b47280f50442b5ebc722215ad1c,52333146,1791455639,0xaa723981b2c297e341f7a11a48d9c0609490d1a24a3ab446217de9ef16b03633
0xfec799c93e5eb41f8fb54d543f524f2b23fe3247,0x58b74203706f987015137e5eb9ed4faba38ddb66,52333146,1791455639,0x9bc73aa8c298c9301c43cf07a078082fc56678120e59a68bbad242998ff0db60
0x38e5d210fe5a1c0cf47b70ba84eb00f4445e955f,0xf54ca7726ca1298a349ffce34bf204e9952b8cd0,52333149,1791455645,0x1010ec4e998f37a2683eed9ad9c95c472071cdcbcb5d1ef6f4d6c3116808856a
0x834f2989c62b85b9b9a8cbff07799389477ca425,0x0dca33ffd6e69b47280f50442b5ebc722215ad1c,52333150,1791455647,0xba06a57f03ce45a397d46e51e34902aac219dd3fa267230cb943ba64c523c49e
0x190b42f3623252e034f2a8e1a186d7fd004f8a83,0x084ce1989afe7d895d6c01d12d19a2cd8b6a7dfd,52333152,1791455651,0xa317edb3e85a38b48a19b58871b52d7da9011637413aba25319c94106edb7204
0xc2eda0704e43757a72f99d54f10f4149fa6a657b,0x0dca33ffd6e69b47280f50442b5ebc722215ad1c,52333152,1791455651,0x07ee8b6960344421aa1f54c3f5be9809bac3b46c51dee7c39c9f3c9997d6241b
0x46beab0c368b5d366aff08c90d92fa10bae2842b,0x37dbc359f99697f15e47e891b366ea89e86af74e,52333153,1791455653,0xa5c2eee239e7fdbe01bbb31dfb11183c950a642b985ee0bfff3cc12c1538d3a7
0x09aaac2dd038f08014eaa9b30b387e110c93abac,0x0dca33ffd6e69b47280f50442b5ebc722215ad1c,52333160,1791455667,0x8b3e0f53a8d6dacdfed6ea6b9ef02096208c241159ed76cec23488b142223d56
0xdbc837f6e6386942c53642f015e19a9ba07fbd01,0x0dca33ffd6e69b47280f50442b5ebc722215ad1c,52333164,1791455675,0xeed50c779d778b74407d692338f68c2421848652b90add6765e9463d59210afc
0x516eeaab44e79e664ed1206081f1e7643322fc26,0x0dca33ffd6e69b47280f50442b5ebc722215ad1c,52333165,1791455677,0x7064749bdbe669b61efdb50da6bbb0e7d88e3f7add4b1fefcf3bddb8b06cb7a4
0xd1afb5248f2ed58183bd125f23610fee1d87ce97,0xf54ca7726ca1298a349ffce34bf204e9952b8cd0,52333169,1791455685,0xb8d14f9e976e75f84125bb57d699498975cb51f292cb7829eaea29c0cd2cda8a
0x72d815ae8070b8518807c5c3cd9c94a83d57753f,0x0dca33ffd6e69b47280f50442b5ebc722215ad1c,52333189,1791455725,0x6303c7e62bc7818296e3832992b868ee72ec3b99bdea450805ade02f37e547fc
0x4e680db39cc63d0458c48e7c7b4e8e4176bc1f34,0x0dca33ffd6e69b47280f50442b5ebc722215ad1c,52333190,1791455727,0xff45194740261e26e115aed3dbb8ec9bcc608690b18223cae81df35602b8ab4d
0xa66f209ced47cdbedd5b68cc94c7307e80ec86e5,0x0dca33ffd6e69b47280f50442b5ebc722215ad1c,52333191,1791455729,0x2a387d8fe1c425c8aaa5092d8e5b43e3389a18dd299c914e25b505ad4111d0a6
0x7c16be14d10bf8a57ed310c92d48692539b1a421,0x0dca33ffd6e69b47280f50442b5ebc722215ad1c,52333192,1791455731,0xba0b0967ed25ebf9b0a28a6fc6d5a1e5d6c1d3d96645c58ff3b0b355d23c5d30
0x70b9cfdc5b615ca7639b76d3cdc951a56627451b,0x0dca33ffd6e69b47280f50442b5ebc722215ad1c,52333193,1791455733,0xe957a4061059362382a248a646ee7218eef2ca3606f6778e4ea80c5a55e45bf7
0xf13e5e724df9f31545d06dbda4a482f221031840,0x0dca33ffd6e69b47280f50442b5ebc722215ad1c,52333194,1791455735,0x5c3dea662c89e609aa81abaa9c796c4d9812639fca53b222ccaf2d288b87d5fd
0x762ca23c0eab492f5dd2ce38b5ba9ea205276f2a,0xf54ca7726ca1298a349ffce34bf204e9952b8cd0,52333204,1791455755,0x52dba9f61bf1c414fdc715f4a53b24d4e378604ca33fdf749caa5bad769b6f5e
0x224096d5b43f446430db243e5d8c212d2981a561,0x746ed043446055abce20f30d9b8ebfc7ed9f50f2,52333208,1791455763,0x41e614bf0ba6f843c37e104d68e6cfdb8b0c1562de1f9b0b3d7c07342400e2d2
0x8724112702b415ee7c31ff94015f181a4b5f0af0,0x444a2a1e836eff1c33b93f00df0b71143f36014e,52333209,1791455765,0x9005b42a4bd468132731c9ae272e2e5111088df26876599fdb2f0807f6e73a53
0x4c41ca5b1d754b2f27beeb35a4299059624b07ff,0xdc444070b2c9feda9ecbdf96056f4c4b55932b4e,52333212,1791455771,0x995f09c987ac2144c0c021ca054fc9b2789afb0dfbcd068b21d5db1f0fbc05ff
0x5e51040e4da3a90c37027a755a2a40bc465f860b,0x0dca33ffd6e69b47280f50442b5ebc722215ad1c,52333235,1791455817,0x359c485299d0d26905e371a67df5848430ae3e525699dce93066d1844921c080
0xa681aeaabbf7362c9cc80dafd1bae0d36be40c02,0xd8917c445cc5feb99c0cf22306f0c38c5291428a,52333237,1791455821,0xb97c847349c331c2c9e9607fe8541e106b2c5390862ac2b3508f34102ed0abd1
0x8bf7652d97c5130a2b953bc15e77522a8b1f8af8,0x0dca33ffd6e69b47280f50442b5ebc722215ad1c,52333242,1791455831,0x0fafae133bd09cfd63bed2263f81d298ffeceb8d09f6197459d57e3bab84c782
0x6e486cec5bf15008a1985e1d5f0f06af6dd94529,0xeb047660f37da28deec7ddc3bbfb44befb623f03,52333245,1791455837,0x2de9a2c990613a812abc6aa9383686d99878bbe56ed88098b24235564b38db3c
0x9dec07837ac84ba5738ee0ed2c0e869d47f316ad,0xcd7c7b837c5fb40d1cc7e29051a3774501284bcd,52333245,1791455837,0x7a0197d43e0d11354d62ad87a6df9a453af2caaf2a41d593bb286795319e5238
0x50c34901c67b0c994bc9d2a273258f3436c197fa,0xeb047660f37da28deec7ddc3bbfb44befb623f03,52333246,1791455839,0xd76b01764b712e8fb7236cc67bb1bf867967b9a162d7e35b71b55e2d330f97f0
0x76c8049324e6a00cdf9cf5397720812dbfc741be,0xcd7c7b837c5fb40d1cc7e29051a3774501284bcd,52333246,1791455839,0x0f91793add115fdcd3fa69fb80f0009d4e4c504551ac269d0aa68d7c948b1ae6
0x2f0d6c95b7acaea1292b1f38eee110e64f46001f,0x0dca33ffd6e69b47280f50442b5ebc722215ad1c,52333248,1791455843,0x6d0cb28942c9971e633723b01cae1a29ff70ef987fa53e55a387531b418df809
0xc0f6dbfd636692577ad40727a397958ace715ec5,0x0dca33ffd6e69b47280f50442b5ebc722215ad1c,52333249,1791455845,0xac09793b3636801bed57f89b896a811f500fa75c3140929446505bc2ef2a6866
0x37688e30d46223cad1300d6eef69159eb8477bc0,0x0e079c40e729c5619e48f23681cd103a4bc95262,52333258,1791455863,0x96a2fb8c2c7dd31d973bc36b08ed1ca5ca9d9e5f02d485a322ac7df366c4cc88
0xc2a6eed17196f54f439361a75b0b89edf707e64b,0x0e079c40e729c5619e48f23681cd103a4bc95262,52333259,1791455865,0xa353382bfa46422a88d011eff9e9fdbcaa37b728b62ad22850c6b37a288f0238
0x6ef7bcc67223595480b81ead6dc3117285773cf5,0xf54ca7726ca1298a349ffce34bf204e9952b8cd0,52333261,1791455869,0x7234647359987292fb3c65369d8ab57bed4ccb60758874ea5105ce458df02c92
0xa35c7b3c0041e9722b466d731e9e9108bb44a047,0xb5a3875992ca9493a156cc61329226bd4502e83c,52333264,1791455875,0xe2091dfe16ad1c6c1173753ae5897d1bf328ce89be6d6e341df9dae80edabbf2
0xb4963732f02bd659d6e4751d4baa4d18613ff15e,0x42af7b2453cdbfdf51a1ce4238b514f5128cfbfe,52333264,1791455875,0xa740ba5afe0c6a1ff70ca1a902a2d8febf31922339339958fb214c706f12818e
0x6c6bc2078d4a2264545b0fcf34820639c3bce376,0x0282b1b38761acc15db28d975b02d6d04345611a,52333265,1791455877,0x5f4b16a2a96fc2089cf78e30b1dea38ed1bcf4778ff845393412ed4e1b86e95b
0xb30f9e449bf8dbe16b11f6ef12eef3e46243a5d5,0x0dca33ffd6e69b47280f50442b5ebc722215ad1c,52333272,1791455891,0x59418cd8d83ceb75a411cc3d34fa96b2d2fbe06795cc3baeedc6a2b010a7594f
0xb048982eded0d1040e71333ec2744e4080a34c2a,0xf54ca7726ca1298a349ffce34bf204e9952b8cd0,52333282,1791455911,0x0d05cfdcde3eadf74b4aa51027fb47bb13280268200f9e2cbc5ffbba4f559a14
0x69b63df587f21010dd12b83806db7ed5d83b46cf,0x4f2c49c54cf28549a222188fc9c5456092035fd7,52333302,1791455951,0xe7de8f694f4548d0143446290e71dbe0334ece2b49697869c33e8103f0131703
0x0a2d914cdcff0ccc78a0e852dfdf8ac5591e4bc7,0x0dca33ffd6e69b47280f50442b5ebc722215ad1c,52333304,1791455955,0x5e62ee813f0f051a4f87877faefa53bc8b551f5d1a81c9720e9c29181bede908
0xdbe487ad92f65ee2f23f294dce0e24e98c0b7031,0x0dca33ffd6e69b47280f50442b5ebc722215ad1c,52333308,1791455963,0xc805219218470a5081573e085d9abadb629c6eeded264ab3eb39f468b298d04d
0xb8d2066b1137f264333bfe1ff2cd007676d9e5da,0x0dca33ffd6e69b47280f50442b5ebc722215ad1c,52333309,1791455965,0x9d7410a9de0c4cc7cc8a9df16a4e27511c76bf60830562e5477ac11ea9e643b9
0x905bba32852fb75dd7de13c1705b92773aea9907,0x0dca33ffd6e69b47280f50442b5ebc722215ad1c,52333310,1791455967,0x40e963e7fc87143a4c3ae6dd19f9ce8f191a399c5b18376dc95171eee962168b
0xc6391241a32e89a38cf6983e84eef75c26c9a4d0,0x0dca33ffd6e69b47280f50442b5ebc722215ad1c,52333311,1791455969,0x1e45a958b0ee8748111c8cd49e3af4e1709c410d40634fa90ef4ac25a1723385
0xc0f020f06d3e77916259747811c2d43807d7ff51,0xf54ca7726ca1298a349ffce34bf204e9952b8cd0,52333319,1791455985,0x18b8b2d789949b1ab01fc5f95b351aadaa068fc04826b6dec3a9704c5a32f739
0xb3905467732a6e7a33e8fa55a0f1a08cb7c85c32,0x58b74203706f987015137e5eb9ed4faba38ddb66,52333325,1791455997,0xb9c8056be1e9e1ce622523d1b1273be157530c3c29a7e5695de0469b7ce21ddf
0x6ca2afb3b8878d79f9090b859bf9c1e50235d272,0xa4e67e7c3cadb3ca4b1f1300fcb10ac3dde3f2e6,52333327,1791456001,0x1752d64f5ac0de2457bcb96e40f09000c81785d3c6d0ac99a053f24f98e8f71d
0x33fdc13ca1bb0b9c457c6b542d4b59555ce7cdae,0x1241477fd98a96c183742ed8eed0daa27bafc469,52333331,1791456009,0x856218ba72b56eb71d23ab69405f4964a7f573a09a207ef88f2e0581755d474b
0xba3f1c8a8a34332326202de42c7806fbc99a15e4,0xdff91a37e0b5741ef3c29b67d8be221d8834647b,52333334,1791456015,0xde5ed23a97246164d58eb760522201f66f3bc7a574c73e133ba61a88d5728ec9
0xf245753e10d68de5a0f4810aeae98bd203be6fa2,0x7d9164e8e97fefc1322de0c9aba8df0649a18b4d,52333336,1791456019,0x727e69967ae057e331d4e7331d63f27fa7f5b00bb4266383e2fbdc8eae727c79
0xe1bff8f13c441e6bbcb66b5c172f05428c4e49a7,0xc92bacbfbb5770b9866536bffb69225802c95c78,52333344,1791456035,0xea7a2d4d459dbeccb7020e93a0e34a959f8313e39e63c8a759a0a1788ff4c9c0
0xc92e770f0f04fdbe19a28c4d17ac3a8495688a67,0x0dca33ffd6e69b47280f50442b5ebc722215ad1c,52333347,1791456041,0x5b1a86af9a4c9fca58b96012d9db439fe9d572c53b6bb995bce1c65d06704feb
0x3fed80b5654a6b879ef12eadf359eb640d1f34ca,0x0dca33ffd6e69b47280f50442b5ebc722215ad1c,52333364,1791456075,0xc82f26b80aa2af17449c305e7670e33ccd57e4ffb55c0ff493c369f420dd4981
0x24f8640ad52e996d6469fa745e4b6a85edd497ae,0x0dca33ffd6e69b47280f50442b5ebc722215ad1c,52333365,1791456077,0x3661188ec8dabba8f636281f43ce3170716acbfaea972c9e226801513dd33a27
0xf7f2475723815b3a62af6652853f03a316f5aa77,0x9d1225154ae4a07d575268b183c5bcb60ba48c85,52333367,1791456081,0x027eb37277c592b25985617491e7d18eeb7a5e9a3950140d99f6bfdb5d9e970f
0xdf666e3d90b0e97eed3de8b7a4a3e847cf226b16,0x0dca33ffd6e69b47280f50442b5ebc722215ad1c,52333415,1791456177,0xf16e6d933fd0aabec00b635197e1669f33a29bb5b4efbad0b393f69d7f5f9120
0xe07ffea5a6d4764b1ae5b326e7908f79dfb830fe,0x9bcd8076840378a6edffc97ed824621c48d9104a,52333425,1791456197,0x7a4b3f422081fd486e6d764c390910d1ea444bf31e302d9df9ee5a9f57fbb6b9
0x7cfc672106174ac36612c93ec2ed83a2b9cb9483,0x151ba6a8631195b2dcdf092c55ca0c8961ac688c,52333428,1791456203,0x658e2f6a410b508294be4b088242e354bbba3fd417f1eb39f17131053ffa2ac2
0x84435963c8d4de5c05907151f236fea78d3917e5,0x20f7fdd0a17b23117d05a94e04855d80947b0a48,52333428,1791456203,0x7ee9ee606dd90c638b3262b391921b9517b38da0ba66e47c3f80972fe7eed636
0x49b350d2107707c36674e0c79fd19c55392ff657,0x20f7fdd0a17b23117d05a94e04855d80947b0a48,52333429,1791456205,0x87f0745dbc3d80598672cbe2a113c1c9e79d9741d31829c4a073f05ed59b9907
0x2e481abc4fa22ca18c4cf2a996ae6093ed57bee6,0x2ac2f70e53f39a6bb659dc1364b31cb55b21cb58,52333435,1791456217,0x0ddd1070506268883a86780e2cfd13508aad399e92aeec0cc97a2991f36a260b
0xddff3cd12b55b19b94602b49dea87c62c9e18856,0xbbc36514d9f6b7ea859effdecaf0837d0a8b51bc,52333435,1791456217,0xac5787f5b30b7b73aaeda7b3464b1246a986c213f32aee8be941e6eeebea9d8a
0x1c75a3510d90f096972fa91ecd3607127a8e8d30,0x0aa0d6e4a1d62172e4f1ecb33c0d46bd660e6d5c,52333436,1791456219,0x16ea6d93fcc20d690345f17184b666aac3587e30d6f88bee8f01d21cdaaacad7
0x94a452756f4acd2df9672a842640021f5048bf70,0x0aa0d6e4a1d62172e4f1ecb33c0d46bd660e6d5c,52333437,1791456221,0xff44c28fa9f04a182d51fddc61bc9f4dd2ce9c0a4fda918abfe7ef0e755e1f8c
0xed52d3e4e6eb961d50efe8e37e23fb2492121019,0xfb98b6993619dc483b26ffa552e3343f7e37397b,52333443,1791456233,0x09f83ece6e964ee277fd919a595fda9b8aa186e2c454c0bc1b68b926af317d02
0x6c41c36cc5ee51d63ec9e73b53db92970996b13b,0x6b0508fd0ec1c61d7b93e5cfe42b81d3738a93c1,52333451,1791456249,0x5f00b5dfaccd14ad29ac8e8da44ab0a25997e709cdeeb47f9b3d9bb0aba59c16
0x2908e2dd08268156a2b7da1ecbc5846b705b0c93,0x2fa12f09c363e40f01a4146e3775ffee5720e1d3,52333462,1791456271,0x665beb4c4af327e1925a5b74707d22a1e7f0d6582d478091f6c2b9e6218f6c44
0x6b187330dbb89aa9b7f510fd4280d47b0cb354e4,0x0dca33ffd6e69b47280f50442b5ebc722215ad1c,52333466,1791456279,0x337d65b50643b6ef6719c87e1293946e7ca8c478a0bb41b8703ab209d8e92d02
0x89daae4d8864a4c50496ea6d19906396ce5124b5,0x0dca33ffd6e69b47280f50442b5ebc722215ad1c,52333467,1791456281,0x4f51c7e2e9e3539241b639ebc21c5a5859cea05852e68f04c7db26f6db2ca8d1
0x0579d154b2d04a4656eb29a45404e6aa3fd03929,0x01678424efd980dfc74f2f7d655f451c2e94cd38,52333474,1791456295,0x0b742c4b6046a19a24da2686ea478c159f1dbd96959e778520cb2b14c019ae79
0x50aed46253b17e769e8596ad874e03c623599178,0x0c0c89a24f23d032806a909cb0e44ec8e00222db,52333474,1791456295,0x6da67700c905612c926e1dd62485b880b511912c879b8337bfb8cd98254adb1f
0xdcb073f0edb95837179f69caa2076bb2e1338066,0x0dca33ffd6e69b47280f50442b5ebc722215ad1c,52333481,1791456309,0x9e6d7ac5c46e9e19e1f9389978174930d4227cc76eb5ad66fda032b616883533
0x621d969fa7c4ebaa3927b8f9bcc2b7aff3d6c1b6,0x0dca33ffd6e69b47280f50442b5ebc722215ad1c,52333483,1791456313,0x2214f024669568e8b5c8eb4ddf834e780c8c443970a822c97d6148a638b9b166
0x8826f442d80f2ac7e6e278fb5e6f22b26de86a5b,0x4226f66630d2b201df4daf94908f07b1454b963f,52333489,1791456325,0x704654c7926aa081302f293d05468c436299b7dea62549dd668fa8ffa6c10974
0xe4b8cc968e354c0fe4a759830d4332412f5a0e19,0x4226f66630d2b201df4daf94908f07b1454b963f,52333489,1791456325,0x9a92914ca7f4081b9a687c149eed9ebb8665596afc4dafad30e3ae321bb7f0c6
0xf6baadd3247276cc9218fe0f7016bc4983eaf79e,0x0dca33ffd6e69b47280f50442b5ebc722215ad1c,52333497,1791456341,0x5a05c9d4cd9d72da4bd0d21b4b5e21399216483c63a94e6c40e24ef493f9c6c4
0xaf96aa9b6b0baf738f8758baf1b4faeff5576f99,0xb5a17b22473f868aa1aaa5d38dab0eae27fcc103,52333517,1791456381,0x2c0ba31daa115346fbdc3bd07d2048d98bf2ee61ea7927ecbc53b030370bc706
0x4f4a887d9547e6c9df041581bf3d56afef5d054f,0x0dca33ffd6e69b47280f50442b5ebc722215ad1c,52333519,1791456385,0x4ecbcd42d09dfad006cdcf13edce46d4c0f5a2b18865d8c937e65575ac752352
0xa62caa5168f782e473ec3f0c998b376ee42ab793,0x3f1ec3586822c7c344822764d52babac6518897e,52333542,1791456431,0x24fd1fa80bc412304dfc78d263628dc4d5a5b21bdb8840d015fc84f0c39c67db
0x82f626fa7fbebb758fc958c0f2d857e984cf6c5d,0x6f44eacc8daf9c505e25fce92bd3d2807688d728,52333553,1791456453,0x17c74aec512a8d6b742929c24944d58d5ab5f85574ea6d279788b2158a066fbf
0x2b7270a65f36ea245125e64aac0e6dbc1b3f5441,0x52aae5b5b9f3dd2556015f49e19ae493322e5a75,52333560,1791456467,0x293c9fb15b8999d99e8ef26221ba381b37ade5f048a8376579f18889dd3159bf
0x752d7cfd5e2df53b2e4d6499a400fbb8fbff25ee,0xf9ef343db44dd4fe8e1789c65f43df622b6a2691,52333609,1791456565,0x3d4cc06332c1e972bbe3062ac5192251394306d49f9b3401ad888be76cd92b4f
0xce83db2f7bd0b1285dde4f515f754a87771728b4,0xf9ef343db44dd4fe8e1789c65f43df622b6a2691,52333610,1791456567,0x702f064e9ee63db8b7a8c37ba4355dd7ec134c09905ec8f2e3ff4ca4381aca05
0xcabf900c3b5a061f99ad46a19dcbaec700d1e5e5,0xdc8caa4e1daab072bd052484ac1c15a8497b3aad,52333622,1791456591,0x72af8e169e4bd42ad2cef3a5953c079af817d1961605452b24be462c384262f0
0x59d4ca77e32adaeff0f6e349a9414405933404e4,0xdc8caa4e1daab072bd052484ac1c15a8497b3aad,52333623,1791456593,0x43362b95700c94fdda67cc27e2d517d51037eb85c72e3e9e158ce4bc1a2787fd
0xaab514af9ea7d46b45bf502735c15322c4951f31,0x92c6d749eeabb877229c654fed82c631a0abd6ef,52333632,1791456611,0x1c87e53150aec2feb9344f0864feb3000d1c7e68974b0e6ea95e83197f8fdfac
0x2d344d959bad98648a4340e257150e98a826c69c,0x038ff4114917e0a91626dd70ec3b6d89f024699e,52333635,1791456617,0x41424b88cb74b5f1b5b690d6914b601e45605c23370ace924ccbdac2df1ae522
0x7c4fba93ee08bd9094cd7f92ddb7395a1e60e0f8,0x038ff4114917e0a91626dd70ec3b6d89f024699e,52333636,1791456619,0xcdce4af94a0c4d8807da4b16b298fdc9bd15495e94d98f64ca1433c39f70a5f5
0xee0334a31ff76c12d4918390d79f45fe2f896a8b,0x0dca33ffd6e69b47280f50442b5ebc722215ad1c,52333642,1791456631,0x0ca572f81f81f035d5c7364f5c34c4738c74ad4e5bece59c86ebca0dcc45016e
0xff9619b51af3c3faade54ae2728d6010125a5161,0x0dca33ffd6e69b47280f50442b5ebc722215ad1c,52333644,1791456635,0x5ca23fbbffa7fd6a7547ddf69d0e1ad081a0c5bfa770379d57b73112b05e1d8d
0x2f5a89eab2d6f1e85e557e64be8fa1184467644b,0x0dca33ffd6e69b47280f50442b5ebc722215ad1c,52333645,1791456637,0x95e651da1fd4d27ad0bc3a8d252aa250a2bb2a984cee36e4476c81718caaa89e
0xe6c3bdfd652f1b365a7cd790a3462684c7b15a62,0x0dca33ffd6e69b47280f50442b5ebc722215ad1c,52333646,1791456639,0x6b95457ec6bea82222f9920d726da882d0674bc9f777c7b78b6e78a12bbda15b
0x9732b0280ea2776aa1f3351b953fa37078321863,0x1f43edfd32f57e96948589473a0c28169367bc37,52333650,1791456647,0xce6223b7b9959fbbc8487d0767db04fa96227890b08b93758cf59f733c1e8378
0x26bb32203a4451e756e720a79f570b815c77b2ea,0x06fd4820342ebabd6a9efcd0929c3b7303e78ad1,52333651,1791456649,0x50ad23a38b4d58dbf9c164cf70da1c3eacd7f0b89e6a26dc7db63fa46cb867fb
0xff59cb4dbb2e03f594f3727a9b74c9ae4150326f,0xab6a70b4caac67f0585728437798c2ca56b3ddba,52333658,1791456663,0x0b3b2666a76c7669fd63826c705a4603bc44004679811ca3b3336441b8149842
0xcd4f5d2285cb6177f097943037fc46d4f1390b9e,0x044617e1d4f185b17c13765704dd6377c496f495,52333661,1791456669,0x0c1caa87cbf649c3c96fbebe8b5ca5956c002458656027013fe9ee2e5da7f2dd
0xe71896fb43eaab01b494ad8586f675c916a8890f,0x1864df7074923dcbb423db6522d02522dcca7c45,52333661,1791456669,0xe3accedce76909af6f78b9c3a9d270a24af7253248f1f854facf24fa00eedbcf
0xa61acedee235689fe604ce7c4795b456d3794e2d,0xdb736b13e2f522dbe18b2015d0291e4b193d8ef6,52333669,1791456685,0x713872efd3a67e637af85bdd7081ceebbf12b4d93e0f3c1ff07a5af426874f16
0x32b540b85b8424a3568f7e8ccb09f19c29499b85,0x0dca33ffd6e69b47280f50442b5ebc722215ad1c,52333686,1791456719,0xf240a68a24ca08230eb641aa1f35ea59b0cebc2a20f3f97fbdbf7a082d17b007
0x4ede8f9eeb02f247d2ef803ec8ee2beace3ad87e,0xceb1e632951550851598e6f2cba9fd0340e17361,52333689,1791456725,0xeae4efe9bf42aa9df0ed7f433eae893d8e90e75f7b502abf8ffddb8ad9222425
0xeee2204c4877293f2560a612df6f3e653748845f,0x0dca33ffd6e69b47280f50442b5ebc722215ad1c,52333693,1791456733,0xc99e352b1991b7aec351ed350be4f09613d0307657b2ac1121bcf1f8b1ef89f1
0x704480471c201140056374918c3aafdb9f6e9389,0xc0d34aa186e6cd5474aa9cb8b79b8a1ccbba392d,52333697,1791456741,0xd12d4a0b7c143cf1234e0cc741cbfd1b47b4ced8bd5a66e9441c5e01dda63d04
0x28c2d374559b9e35803ed46da907b0acf84c83aa,0xba433f6083826b54d26f13882e4acf266ca9cf54,52333698,1791456743,0x3ecc7c1947bbaaf14eb49eb635e7baf4368221fcd4ead9eaaf55fbc404bb0793
0x6d792f6833df5df003df931b543ac9c305d5fbe8,0x3eccafddbfeb903e666366a4d5bfd37c59b42290,52333698,1791456743,0x14379f959dd071235f2f72fcfb556582d670590c5f0fa0a837082079a0a7985c
0xb64987da205b5895b4cde3105dc766ac735020d0,0xba433f6083826b54d26f13882e4acf266ca9cf54,52333699,1791456745,0xedf13da0fe64e2701571eeee749a1706c008f75f44eefce39387fc6e839d6e43
0xbc103f0de82f0190d9baefd445218f85536b71d8,0xa9f534bb6b9f984159cf3e82c59a9670f27547f4,52333713,1791456773,0x1e6e3120a6045ec7d8c88377ddc6fa97ba51e2fa6b569247606628fb72b62d80
0xdbf83a9d7ff25cb45c99e2c2f53ee0532b3f2323,0xdb081db814057ab02254ca064a876d0469c8c2a2,52333714,1791456775,0xdcc27ced6e44bdd0def13d68b9698e78cf3405bc85ac72550239353e1a46f6f3
0x1796057031e7ef2078d35171ede64667e28a417a,0x0dca33ffd6e69b47280f50442b5ebc722215ad1c,52333721,1791456789,0x9a1dab651d02387ecb743ae38e3c64342b29c48c18ae3fdc29add10623cbf27b
0xb3af57b7b1aebd956bfb44b363068f3c55e7ab51,0x0dca33ffd6e69b47280f50442b5ebc722215ad1c,52333723,1791456793,0x386bbf9976a77a0559651db54c99147dd64553feb68d83959d988c9272086159
0x6a334f1698b40b41bc377a7a052008e74196112b,0x9bdd5023a3d127835a01e47a373a15120c6b2004,52333746,1791456839,0xe0ddbf4134022055586cc6241e456d2b1a8abf8dba8d64de5c166ac47f09ce55
0xe0b1824c55694576e4df59b343bb828e3bd16e42,0x210fa62e1275b5db643af2bdb773cb24572fdd44,52333756,1791456859,0xccd01ee5856cf2dc647a622fde96d32dd008079c3158c481687ab483a9936ed3
0xc8de35871722bcb0575a99ff861767ea152d7ef9,0xa6e89cd783139ddf573ba3ff7a338256a4afa81a,52333761,1791456869,0xc2da48ec4dee8b0897b5c582e899026a79467aff1b22cd15ae9d3aca32231a65
0xfddc9f7c1d0815ca51499ba2462e49bcc44b9aa4,0x626b499ce99fd6f4e9a710efce18f7bb19065faa,52333776,1791456899,0x7fef0abeeda5c9f6b08e597f1c0d3eebfb7abca3dd3cd9da091d867cd03501d4
0x7c13ec0c618ec02f523dcde814e749ea0d6fe3a3,0x8899d1c5e5baa4eb08a2483c807caf2287b3dbc8,52333797,1791456941,0xedf36045ad23c02bce34da508a523474f98a5228944f97130ee0e4dee2cb4b54
0x45fc80cf6c49f49e83c2f5fa38db732f1a8c5761,0x8899d1c5e5baa4eb08a2483c807caf2287b3dbc8,52333798,1791456943,0xc21792a301438f3cbbf5bba019bc2265d415bc4177315f80fe720bf2900130aa
0x4c4da3319f6ca149cb794571cd5c6ff9a7419344,0x0dca33ffd6e69b47280f50442b5ebc722215ad1c,52333798,1791456943,0x6df1f772f67f6b1124f707a59bd3473f8b20e8d2514d517bab3356f0f98a311b
0x0d6ab00a495972b404e42e70b13e59a19a4d6bc1,0xee58d0985c427681553c9122b62fc10a193b4413,52333799,1791456945,0x5dcf3161473dcb17764ae9e50e3e997f99741a6c905c48d95799276b0f0d8b90
0x391153ba5e442990be560e7e97d0c78f030a9010,0xee58d0985c427681553c9122b62fc10a193b4413,52333800,1791456947,0x36ec661f49e7005545a1a29ac7844fe6b2e0192013b980753fa0123aa9854e51
0x7c23aa571a15f291e9ef6bdcdc79ec73e95369f7,0xb2a2d73c405df556706bf6e57c85c8f12e034d5e,52333810,1791456967,0xb30daa7ab7de0e65573a04ddb43b99af8727dab476132ada3a44a1b3c65b9f8e
0xf93d3e1755be353221712baf3793657457915c50,0x671830fe9ff62e2ff9a400917b1178706892d042,52333830,1791457007,0xe72ccecfbfb478fbcdebf5f099d72558c277aea6ae569602e912d36457a5b242
0xda0ab63b63da52e56c3438f40a3b152cedd84936,0x8c2fa5437acb4a5b73864276663caefc0e115d18,52333846,1791457039,0x3dcd382b2a9ac5e6f4d51fc5252c081948ef962cdecb12550b7781fcbfe3ddd4
0x7dcdb3a182adc8304cd0ec7a25174e8c9ae15cba,0x0dca33ffd6e69b47280f50442b5ebc722215ad1c,52333857,1791457061,0xc8da6284022a7386ca54daa579eb3ea039fa1f435cf7a0ada863c618a199cf3f
0x7c4308ab5f82fb553b7194a481d50e72c03efdb2,0x0dca33ffd6e69b47280f50442b5ebc722215ad1c,52333866,1791457079,0xa7bdb8b044a548bfbb14eb39862992c52dc0cb863c23b74d4cdb953ee7c29de8
0x481f679b2326543942482276a09c6ecd4e22e779,0xefd490cb0517df1a6b32a903c7a14fb39b588b09,52333880,1791457107,0xffb79fa77ab6dc3f6df7beb58531cacb9c571374bc43d92f681609f3470ea7d2
0x71c6b46d9278b66aa1ce04caeb65094304e20f0a,0x51bc6d1a71640047ed88e693cc0604a62e20684f,52333892,1791457131,0x5772ec2fd6920f7bdb17a8e4633355a1c552622c06551ad93db04e0d084c6390
0x184d7850f22498e9d9a183c7a72c28da0c9c83d2,0xe1ab2a8beed5963c2fc1fc2fa9c719569e3f44fc,52333907,1791457161,0xe6b87a9a4ab8b05c4038a52f80577ac059ce3ff7785d580e6fc088ac13313c3f
0xbd9bf2b81de7f20f38c3afa901b1d06230840964,0x0dca33ffd6e69b47280f50442b5ebc722215ad1c,52333918,1791457183,0x6edfbf94d85e5deb593ccfd296cf65a7f0805bc29ffcc3b30cd8da989e02afa2
0xf6e79a0e203ae7ee0f1517c6914a95cd875632b6,0x0dca33ffd6e69b47280f50442b5ebc722215ad1c,52333919,1791457185,0xbb61705b6f69b5d8e40583849565d0ddb3fb9007a8334ff66ec834f685b581c8
0x53e4147789b6a092a34359571c8ccf03290a58db,0xb83e9824639e32e2969aaf16c3f6505e6ccc1525,52333929,1791457205,0x9d08842ad083bd8169927d01c549ca627ed4f0a40426a1ef987167843dfbf1c0
0x38d96f30c2c1ce08667e34afae229ef1a93c8081,0x0dca33ffd6e69b47280f50442b5ebc722215ad1c,52333933,1791457213,0x275a34d861063ed570633374f4d75c869f84350a6ab60dd37e9780022ceaf0fe
0xfe4508a548cbfcaba3bd4cdec8cfef1d317ef929,0x0dca33ffd6e69b47280f50442b5ebc722215ad1c,52333934,1791457215,0xebdb0f602bd3bff9a4ca24b37cf7a73e0caa276aab8e1f7a7dc5a4a67eb371a5
0x0584de1621c3655ccbcb12351615710bcde8d89f,0x9bcd8076840378a6edffc97ed824621c48d9104a,52333938,1791457223,0x49f2d84b20482441803d28e681eab0123e2d0d622e7a9e9f73b9f19c834e0697
0x2675200014f1dbac35f0a9c78a6fc27e44fb7297,0x0dca33ffd6e69b47280f50442b5ebc722215ad1c,52333943,1791457233,0x2e7dca282648558fcfbe0f73daf71d6618cfc9bd98b45ec2fad894bd508f4368
0x0bb41224419b131cb54d7f683d96589f32905f43,0x0dca33ffd6e69b47280f50442b5ebc722215ad1c,52333948,1791457243,0xe519b20d5fbd9afcec286dfa9f993344847af2c15918a8028edbff6136c091d2
0x6817d65cafb8119aa6582aa2373b690834fa3ed0,0x0dca33ffd6e69b47280f50442b5ebc722215ad1c,52333970,1791457287,0x6966ab3e4ba40f4c1478a788002219e80f2a8a3cc6c621c5c2bb9a6e75b9a8ab
0xf3912edbce284dd35ddc752649ea14488edc09bd,0x0dca33ffd6e69b47280f50442b5ebc722215ad1c,52333979,1791457305,0xbfcc5706073da765b19d33e604184c6d25550f11e7764ac76278e46c38c61f85
0xbebac0b704a832fdb8aefacb4cb57df025c690a9,0x26ffa3db555202aed4599b99989d0f8bc144b6ed,52333994,1791457335,0xdfc28305fcfe1d501cbd40b32704fb8d4f23e20791a0f106136260ba050535ab
0x7e4b5ef1f15f365de5aaaccdcce95eed5d32ba0c,0x1a047f6fd2f9472e6eb7bee5cd8c39d942d912b5,52333999,1791457345,0xf97ce377d6f6753a68a2687309543939d4e4b8dc7c243d955b86256913ca2e51
0x88729cf52cccd6ad47113d6ff70326047a7eac73,0x649013da7677c4f440729cfa3501d63c0e2036e1,52334000,1791457347,0x2946d7bce37b9c4f336674d150bfa1a76ae803aac56704e7e97cf11b1f970a8a
0x7f69f88b805fe9077044cfbf1fd381a2f2e29737,0x649013da7677c4f440729cfa3501d63c0e2036e1,52334001,1791457349,0x2a05a224fc55c660954e6873ec732a9ba9ee2e755074e8f15c6c9b537f6215bb
0x8590174cd79a6ef4c0410983649f4580ce6b3c97,0x0162caa009ccb6e094d5331a710acf4f55339dd5,52334004,1791457355,0x8af27e19e86bc16db9b1fe53dc9e9e6225e0864bdc3878954c78bfcfb6bf7c3c
0x922d333ca5c7dad7a12fe410964308a486d53fde,0xc531c6f68bec992957a054688507451897c4dea5,52334041,1791457429,0x7a149b4987923920bb51588b1c4e6e01e58df3280dae030233e7eb6db993a4db
0x9eefdcf7c58465094f4aee0b1afa42119b5cc55a,0x832c8b6c5eeb15ba4283f6038ddaab2d73b3e12d,52334041,1791457429,0xd45adc5d3287d5e176bcab48e8be8944062b0f722c5e6c6b749a5c7a7684e79d
0xd9c143fb96f50d726cffa178a3d00d252580ce97,0x96a089172db7beec3c6759b1b8ef4aad5aecca51,52334046,1791457439,0xb921aeb46ff3c3d0568a2891f35482ddde9c19efd1ef9c7a39b8e85ccf8856bf
0x0b3d28ce109e27b757c50a811177fb34fb5d8dad,0xf54ca7726ca1298a349ffce34bf204e9952b8cd0,52334049,1791457445,0x266182fdddf7fa97860f561026383d4bb92c6b34eac5f9415b02c137a4827793
0x407852432810342e77fed378be6c1d3336b0913a,0xa66cc4f36a1955b80dec0f175f176adbca28b582,52334057,1791457461,0x05265c0f50a3dee044e9ff48a7ce9cc6403573ee2d15f1bb9d62a6d8384b9a43
0x31db23cbf958f1286521b3de2a0ee6940380a7fb,0xa66cc4f36a1955b80dec0f175f176adbca28b582,52334058,1791457463,0x1bb3b8fbe503aec72282dcdbbeb735cd75a7a953871951c3521c643bdcc5ecd9
0x6031afc2df6a03b08826aa75f90d3890b825618b,0xa66cc4f36a1955b80dec0f175f176adbca28b582,52334058,1791457463,0xcc7d4959c5dba512ece412a3963a61a6f26f7cb743c4220b3b077bd34bfdf925
0x871f75350d59878f3d9d26e743ec220e706f7613,0xa66cc4f36a1955b80dec0f175f176adbca28b582,52334058,1791457463,0xf4e9e8983495ce75f52d4b4521462f94766af7e895775f01c90e7a491f270e09
0x92076c62558b4f77bddd3ca8e00271128afed818,0xa66cc4f36a1955b80dec0f175f176adbca28b582,52334058,1791457463,0x9199984a4dcaa16cfcc7e1632b66ddae45b39ffaffbd53195a18585b673fe014
0xa52489afda37b8f294bf0802f8661c83751c2430,0xa66cc4f36a1955b80dec0f175f176adbca28b582,52334058,1791457463,0xb9661a1d835eb3248f04d296b4c2fa6246868b6c2595239916828874cd357018
0xd622e5f875c33e08708cc1e14b0e71870ba5b398,0xa66cc4f36a1955b80dec0f175f176adbca28b582,52334058,1791457463,0x48671bc0fa9b7a07d074714dcad2610bd1484b07b9ea90108c834e2e2b7dce5a
0x1a5f98ff49ef1c5dea5f71869ea54901c8faca4e,0x404e5f409fb3fc62ce420e5e94787cc368b09cfd,52334063,1791457473,0x67ddeb54312fa72aad75d8512067f53efbde7c7b9a0abd17327fcaa54032e751
0xcc98c059217974e32ae99577563503d73834d8fb,0x404e5f409fb3fc62ce420e5e94787cc368b09cfd,52334064,1791457475,0x63cfece4a2254bf59639359ba6f036ec77d3511d41a80db4b33afa91911a06a1
0x98757f5069ad5509d2b3501ecba2e0016837956f,0xd111b12fe06abf6df027a58641c51497ad0ddddd,52334066,1791457479,0x454aff207c1e1e0406cc4445f9b7a7e58d1a0b4193bd389f530aa49db444897a
0x788d93240fe2d30fa5ad394d077449e7c4066a98,0xf54ca7726ca1298a349ffce34bf204e9952b8cd0,52334072,1791457491,0x5963704b1c2c6a077023eb5ef1b033d58d050e5ee8c7ca48eef604f61c6782af
0x1f9fa632cd45ecab94d7bb0df10a682eacd05513,0x17218b31045a0c344fcf6993c52cd2f5d8e6e144,52334085,1791457517,0x422eb0f737bf851b6d119776abf224c89e4883c07eaaacd0bec2ce90fa7ed601
0x46bb4c43a80ee310857f55e1a76a20f8e2571dd2,0xa94898af4b70131fd690f749f6c02f3d13141753,52334089,1791457525,0x6aee373024c6e076423129cbc87d3fd64f5a1f10bf8fc80cbf8d9e8b47043052
0xb4f69564ee09ae1bf2bca71fabf1571a3a2f92ca,0x0dca33ffd6e69b47280f50442b5ebc722215ad1c,52334094,1791457535,0xcd856d335170da3abcf382064742df1b910833ea50389270c9137150ae2b9bb8
0x0f6f67684d7ddff05bee1a6ac8e783beebc93c1c,0x0dca33ffd6e69b47280f50442b5ebc722215ad1c,52334095,1791457537,0x93f072306896f13e15d60ff987b1ca5a8edfd25a3d1d53308dc32a7c1a822fae
0xa57692d46e0b5444c991f1d0a51b76806b85ca95,0x0dca33ffd6e69b47280f50442b5ebc722215ad1c,52334096,1791457539,0xbf753b81ad5afd997e340064fff9b66ba108aab001678fe23299ca145f652e28
0xbda8cb295dd4eee0857dbd34ce97b223745fa69c,0x0dca33ffd6e69b47280f50442b5ebc722215ad1c,52334097,1791457541,0xe70ce061ffab1c9426cf1cc3c1e6647912485da2202a894c32f524db4dda16e8
0xe6abf8adcc938b1f2d7e81eea7fd060d1ae35050,0xf54ca7726ca1298a349ffce34bf204e9952b8cd0,52334107,1791457561,0x8d42f1ffd6c05bec8b9ed9c809b3b1f9e4380eee22620830008f99d09085bb09
0x57a31bad7aa40cc88788c811e641228cf43452dc,0x6892f3a4a0827f522c3a92fc4cdffadcf0af61fc,52334109,1791457565,0xdf9a6ecee6087d8debd5fffbcbaa6826ad5d2133376d1d32f1920bdb053a2fb9
0x7890007e9bbb2f59217851fc78a48c790282600f,0xb771d34d9a0f18cbfb5173e1bf06a27de0cf5260,52334110,1791457567,0xb7c4cae985864ad8ab5a75f834f6bfbb7b76b075b2424af83a2667aee2c1e31d
0xfbb99a2d0e0db16cdd8753faeb6a4c85f94c2a88,0x0dca33ffd6e69b47280f50442b5ebc722215ad1c,52334138,1791457623,0x8c48e554904366b95a990358648e8e8618bf8947853d63c2404aa7c1a708a71b
0x409d122fcdbe75d606ce1bab61eb0725c3510c71,0x0dca33ffd6e69b47280f50442b5ebc722215ad1c,52334145,1791457637,0x5b5fba7a7e30be1c4ad0c0639b10b44e002d15486034133db08bafb8eca2a666
0xbd262fc174a43bd78d224519e1c62e75071e450b,0x554ee533ce6ed494f130f902b6ab2fc6823fd55a,52334149,1791457645,0xf991e10c4e2c234c8326ad77d517366aa89051337aa07daeef369c38ade97607
0xe31870c10b94b48be38bcf3313eb70ed7012c733,0x7dc890cfaac7a6088299c6ca44c141d5742b46df,52334150,1791457647,0xa951f60c6068783b8a39a096621c8b6887130206c40937859008da1f05387022
0x883b400b7a05c291c96438194abe35f5b068e200,0x8225a3a50f7ca40a9afe6af7a3388980ed3395d7,52334153,1791457653,0x0ceec98e0bbcf27212b857a3b98fdd481e4ac5df9b03f78517101360288d4c08
0x8352bbf649cc60a515c9b548dbf0da12d0514764,0xf6f42496dc52df5ae32bac2ae885daae3c9581b0,52334162,1791457671,0x30331074f9ebde3a333232f2bfdeb9a53fe8bdcb8ad14ec6716a9ec345c7f7cf
0xd2d21aadddaae97f733c5f2d6b6474ac3e8e52e2,0xf6f42496dc52df5ae32bac2ae885daae3c9581b0,52334163,1791457673,0x25cf724436451eb514453ed42a108ac0af53ecad00c9af19b652d9048db34973
0xd73b1f6db27b33ae5aba13cb2e9142648c435159,0xf54ca7726ca1298a349ffce34bf204e9952b8cd0,52334163,1791457673,0x95abfd7edadd43d55236bf535a0cc43700f3adc702a7d1870fd9adc781609e9b
0x6caa2165e82773bcbc4dc814ee5aa5666cb2bbcd,0xa5974dd5ad112be61475c413fd9584a1042c139f,52334164,1791457675,0x09718c539921e77e67912a85a0dfd6bdb5fe3aee36826c79720bd86ccf00b081
0xd3f810f9d30fc9ea4a9c5fcb32754261cbe8d69f,0x53905dcf71bcc2e8d5102bad9f3b09e3261690f6,52334164,1791457675,0xd05c581e49eb60d2d5a1f645459418ba49f25d74be87aa2009e0c2a1f073a31e
0x168f5677de82d39150d1d3a0e967e4c447da2669,0xa5974dd5ad112be61475c413fd9584a1042c139f,52334165,1791457677,0x95aa6f3872d49366c8adc8bb434a5732b25b1bfe34db91483c7c9f651a3cb1e4
0x75418a51b9cb33222eee2708b69fa131f952cb5b,0x0dca33ffd6e69b47280f50442b5ebc722215ad1c,52334172,1791457691,0xaefd21ebd84aeab591f59022c1aded4dad55e565bb18bf866b6f2fe095e0603a
0x822af1d6c0b1f86148a65c1f8badf34ce62839ff,0x0dca33ffd6e69b47280f50442b5ebc722215ad1c,52334175,1791457697,0x67feb70940496085d0d8048c43886790ff69da4f2befea8dcc346e6b47ffbd6d
0x8fedacbbe8d6281c378529ae6ba634362dd30fae,0xf54ca7726ca1298a349ffce34bf204e9952b8cd0,52334184,1791457715,0x5ffc15f146855b713844bfdc7f3817c69f85d22ffe45e043a534dc635d85b123
0xe030f7fb7f272f83b7eb510f4fc87c43f263991a,0x776babc8e89093e3766e051462231e5287ad937e,52334197,1791457741,0x185637e24f8b162170992a5e1ae87d2c2fa4b3527a1e1ff2921549281109144e
0x1eab47c5ea4bc2b299c2bbf182a07bd3915c1fe3,0x0a3b71ee9ed16e0c5d4ee8e726c3e5f039436658,52334205,1791457757,0xb050fe4b2363ac9ec52e06e0a5c633aa08e7a86ff9d05d860612441fd60ecb8d
0x579459443c97d49468df3518ae6737d8fa63aee7,0xed26988aebee6a76878317ca7018b053b4742302,52334215,1791457777,0x29b36879337fc7bb0f6a91c60bf2a691a803ad575487c168d2fa226e6066b6e4
0xc9799b250b0e6fb60468dbc62113955fc97a41ac,0x6454e4ae0a6e04fb0cdaf8d2f06f1def33f038ca,52334215,1791457777,0x30e95ddb235fbaf96598d3170aba2d4528982f3916960971d759fa82abd1be09
0x23a4d36cc82c81c3624a9770c61598c5c169af11,0xf54ca7726ca1298a349ffce34bf204e9952b8cd0,52334221,1791457789,0x0d9c6e02714cce5c729072870ac0b63eaf038aa0a09572d1f4e072caf853aa31
0x298aa2531a26639321aacd3cab1c529ce99c6d4a,0x3eccafddbfeb903e666366a4d5bfd37c59b42290,52334222,1791457791,0x9228b7a207c68f7816b0b025210465dd7010c1ffa04075a1719d4e6cab859322
0x7234b471d54b2877bf7c1b070bfa830028bd6fa7,0xe1f15c34fb5729222c302acabdd358e6ae74a478,52334226,1791457799,0x290aff35e179a24c92449481603e6f451e93f80ac35e7cbca7888288c9ba6950
0xd8e8df80fb822dfefc9eda751bbdbc0b83ef4c26,0x53d5d355f072ea1c528f37d5b81f10a690d75336,52334226,1791457799,0x1dc1e03a70645922e0a5ef53665c29e7ae6e0923b223fa0bb8f580ef1470df0c
0xa4de6dba6cb2c16de8593a402ca159ec7f4b98e7,0xc12780621d8865d777ab7a3f85b56204bb743643,52334237,1791457821,0x50a625e658eb0645362d34a49402620f479a54b98011d712fd5ebf4d21dfbd62
0x550d84d50572f48eed6ff0f803604255195787b2,0x0dca33ffd6e69b47280f50442b5ebc722215ad1c,52334249,1791457845,0x685fa165a9b4455f109ef2d8568ca634bea00f206ea9532fc504a14720221a8f
0xada22434652fa2c2bd3da435154a18e4d0423baf,0x55acc4116c1f5bdeb1b51286a41d49162de7be28,52334271,1791457889,0xff58e61d22da2a6d524a0c81aa22022f40b7e2c118feb84c4a3146871593f4c7
0xe408762c8a5c73707355a7ad83a4c38a62a456c5,0x3b9c9a1d83b052776f41834324f23b497b1c5c6d,52334292,1791457931,0xad1059734a2f46892f0c4099c720138d474619f294c7569c80e03b6725d11d5d
0xcf71f6a24226ceefe8d67bb95e0832b115c17949,0x8f5b95d35b7c608f4a9e6184d457efcfb2bf286b,52334302,1791457951,0xe17196fe2173a93d7637fdef26312efd986bd65c32e94a9a712e91a6a6037f98
0x819b39a332e3e5ef49717587c2c44b9495f397af,0x329958c18039e3caedd7d40b19e213b40c8f7971,52334305,1791457957,0x266442d135564f7fd76b85680f9a4dd87d678ff08216aee86434e9a21eb16018
0x1dfcdb788e77c114ffbd2a05d09f984ac4de1f94,0x0dca33ffd6e69b47280f50442b5ebc722215ad1c,52334309,1791457965,0xa548ecb097f008563107fc2d7b9c7f7d190f3e43f370f2a4f7a7bbe8c0536001
0x23258cc9e46011ed0a4c6ab945da322de1a3e063,0x0dca33ffd6e69b47280f50442b5ebc722215ad1c,52334318,1791457983,0x9c70e092ab8f027401c0f33a0080f8464a985da19bc4d8f4b6e73d564d4b63cb
0xad6c0c393b78ec70693f73299ff7d2b655cc073e,0xe4a7790745111eb110fa09e2826d86544a5d55de,52334330,1791458007,0x38d0350b9377f5c319076a3c1b825dd1923a122416636006be89e4dd2b27687e
0xaf2bab8b7a65defae9cca75a1bb7fc4a29b0ffef,0x672831b527ced56ce89b2c92f152e40df1567402,52334333,1791458013,0x2ab1b46dd3a843246b0c1e6cfec563daa656f6333c2ef02eac4e40c8e60b6133
0x8081e472d29eaa9647b4267effe2e3b58477df42,0x4cf51f3acc8af99c5f2a79dad3e7e6635be1e092,52334345,1791458037,0xfaf8a5473e4c89461a61664687d3a6ef04713a87ed8e4c9e076f3b7d6ca37f7d
0x2e7e2627133eb003ef4131cc2d4d055ee665ac6a,0xb8f2578a6b7fec04a65de034a7d9ebc25ea63462,52334348,1791458043,0x60499f77b7a1aae8350129524a6414fcd5c1a8c731588acce3c90bb62f6222a2
0x6d418c9446f733b13d71498c7afcb9c8d2182b9b,0x0ad9fdf8aafc0ada4505409f78013f9e31efa612,52334364,1791458075,0x745981ada165a5851f0a81ed43055e4abc97b27700dd266ef3b44dcac1537206
0xd17432a244e77a65fb65e6dc2e6245813472aae4,0x0ad9fdf8aafc0ada4505409f78013f9e31efa612,52334365,1791458077,0x3967c6b4645ee543f811bfc4776ba4cdedc336035ab2697427984f3d5f99576d
0xfd6c36e1574e9b3babe98bef0ae6847da5cb9db1,0x0f4284e33bb11782d8adf5c2a4d07e6b8783e485,52334367,1791458081,0xdebf675358ab3603080244385d3117a7271accd38a1760185f25b948c5343430
0x9561b7f9e72a4218eaadde39b0250e39d851c81e,0x0dca33ffd6e69b47280f50442b5ebc722215ad1c,52334369,1791458085,0xf0e12098ee7f5f6e0dac8a4d1e0ce2a80ea946b0bc02203233a115b1413f4e6b
0x079caf762d47b17546c680cb26c47ea5e5fe966e,0x0dca33ffd6e69b47280f50442b5ebc722215ad1c,52334370,1791458087,0x99c10087c4480d2b81b0a6fbe297b2f2dbbbe885c900736dad1246dc6a5022d3
0x8845593e6aef7e5a7f61ea76a38f1f804adae4c4,0xcf34bc4b7bb18da0f9babc2b236cb642b9d2e8da,52334378,1791458103,0x39a5afdd9c84507757b8fa0c3ce924bc350d7729e0961e32a21f4f85178bd2d1
0x8d630e37502695f56e26cfcc625f757b0f7c2a40,0x0dca33ffd6e69b47280f50442b5ebc722215ad1c,52334385,1791458117,0xf64b98133d08d5d4889c7f771cec3625336658aff6b815df94fcbbc9aab022c7
0x5821fe86b3a94cf31e2a4b7aa9ce9d3ecd3009e9,0x0dca33ffd6e69b47280f50442b5ebc722215ad1c,52334386,1791458119,0x2faef7d1a800e6bbff273a7a8cceb59e6441cff4f571ca54b624257f2d01cc09
0x2edb75da2ac9a5ef02a04fa03db77ddfc719b1b2,0xb038781114e209ca50bca9d3d68050db4fada119,52334387,1791458121,0x2fd1f3a009faf88233bd99a8ea712138ad460c659c7f0917533b53173e0aba2d
0xe5dd065c0c14ef224d35470e3356cbf10bce7aa7,0xb038781114e209ca50bca9d3d68050db4fada119,52334391,1791458129,0x60561aa0966836ab137285d61872beee78748c8aa75c772a7f7bb25c10f7af7f
0x7f5e884354fd190818386a39978afc717a430498,0x0dca33ffd6e69b47280f50442b5ebc722215ad1c,52334395,1791458137,0xc22517846299008a33ae1e360a1e49e1eaf3c90f11ec23ce15fc277f643a689a
0x48b970c084b418060f3e9692659fa3ded734f9cf,0x0dca33ffd6e69b47280f50442b5ebc722215ad1c,52334399,1791458145,0x366ccc3baf05f3db2d82635dc88c716a54bff7a10fe92d578cb3764e87d78a4f
0xa497ee2c6f6fd979a2e4a1b44ee62b18519fe45a,0x0dca33ffd6e69b47280f50442b5ebc722215ad1c,52334422,1791458191,0x03818b171a2fea3a2ec4c8146cb5503566870391a2196d64d111f4e5946d4a8c
0x8cf3258d3f442eebc9c50552c7f3c8691bf4910e,0x6a52a5b8639f2506f8618e528f408844c025abb8,52334427,1791458201,0xc8f126b0034034341446d19e11ae204b72e7bd5cfff77972cefcaed812b25f08
0xf888cdfa79142700cf33c5be26ac5302d4b2d2c9,0x6a52a5b8639f2506f8618e528f408844c025abb8,52334428,1791458203,0x7ee75866cf3f2705aa3e995f58e70146f83ef8eb946674ffecf7acb228ef1ba8
0x271bba5edcc7ca373c83920c19e9320351ed4365,0x0dca33ffd6e69b47280f50442b5ebc722215ad1c,52334431,1791458209,0x598047796aa02abccb121fbec306b65b8defbbbcfc208b502b0e07319307e2bd
0x17b44feaaf4c000bd69dbbc49c49c4883e4cbd9a,0x06bf628bb262a0721ff97ec696b90f2ef311ce59,52334433,1791458213,0x21200cd8c1293aedc91b43478ce26a648d2a2804644dbcc755a104939ea62556
0x1bd0e111d2c5e83f6e9884a14314aaa8ebe4022e,0x06ce70b969d92fc263fa7deb8dc8e721a69716ce,52334445,1791458237,0xe631f50aae5dac996ed80af89b141fc9005e03f0ec6d9f1740c0288fd5911056
0xe51536f7c3ad338d30df0bc7331639ae49dc729f,0x9ec9445e0b4a38ffb6923cb216b80a221822b0c6,52334453,1791458253,0xb7e66767bab295a65ec7a1f7eeab2a64e832bee868e843153f2942eadd9f8db1
0xcdce7ceb0cfdb1ab997ce030cdb7731604fbda76,0x1f43edfd32f57e96948589473a0c28169367bc37,52334455,1791458257,0xfa06b189302d3f4e9c3daf430c16739e0e6d81d5349ae3da397747d27cc7454f
0xb15ed6c9ae723d62c93b8aa9b5b623a4a61e8261,0x9c6f92cfc4e7609cc81f24f8d315a160e61b8592,52334461,1791458269,0xd3cc4ba006c6c6354ed6df566f4d9487915acde2587b7f7b0d71177284c9731d
0xdc677804a89a539006d803b73dc6023bc74ad4de,0xcc759df66a4e90d2cc69a5ff080e96b6552aed8c,52334461,1791458269,0x5eeb85c196be22f19f8e7713bbb3c39df933da68e99160c3aa7a1dc6f3c0d20e
0xa43960e09ebc7e498c099f766c805169a56e982a,0x0ac6c9f3e21faa0994286d78da56c146db111ba8,52334496,1791458339,0x437a8e8d36cab4e88c7f46486e68d4a925981b9f6a59bf9f9f354638ad18d91f
0x0d9782c9854a9069fc54ca64fba4d127a9b0bd57,0x2c1608090da1c89e783b461658fa1fc70d0c924c,52334508,1791458363,0xba1fa826df402799c9184a15ada528f7324a996d0f1802257c403e21863a66b4
0x844d0b0137b4127ff489353667150b4e3c60cb83,0xdaeac77dae05bf93987d2ccea2e0096b7366fd4a,52334525,1791458397,0x7329deae93fce8548e21bb8fee8a80dd5ebed653da7cddb95f330e3dd4e9fda6
0xc5c770114de7c025db5ef58eff7b33bb2f077f39,0xc9edf33495f055ef176acaf1ac26cd0800ecd8e7,52334527,1791458401,0x9e14085ed16ab0cbd7a566f9b3f0d90afa2f430727a85f5e62e32e8ad8167219
0xa0e6b834e3bd70a91f013fd56874f5981fb19bda,0x9b92f9724a67afb9f9e74fb2e1f8aa2c3498fb03,52334528,1791458403,0x922efeb67a9c2b8f52ee7f692ea9d6e77eabc4e7c2a113a1a52f533121bdc709
0xa44276d0c5f2bd092511cdf80e271b37f0388d0f,0xc9edf33495f055ef176acaf1ac26cd0800ecd8e7,52334528,1791458403,0x56561ed15312f8e250e25407ae9a1eaa8cfe95881e1049c224f0526145b5b1f9
0x1b8d3974961dde52acff0d9ecd44b1f7f633111a,0x604be06b9f6b6663f78e755db0c5965eb2337e3d,52334529,1791458405,0x412925f8d1526ebd41a9fad19fc10db4f9ee1d02fd505037d4d70c7e1586bd11
0x6d7e94292dee0ffa7c20c42e3dd2fcc252443e5b,0x9b92f9724a67afb9f9e74fb2e1f8aa2c3498fb03,52334529,1791458405,0x18123c80e7764d109aaa9c76aff8717fa7d5ffb5920fb76853e42f9d59a2540e
0x8f4cd7996b447792d7ed0fe14aaafe023cd57dc0,0x0dca33ffd6e69b47280f50442b5ebc722215ad1c,52334545,1791458437,0xc10d1825adf3a2d1400547cc1f3c0bece3121f16a456f375a83c8271882d202f
0xf0e4e04a812e689d82f9741b569077d104ced19b,0x0dca33ffd6e69b47280f50442b5ebc722215ad1c,52334547,1791458441,0x47455a114c8609fdd3f47fd58fb86cf9195a9a9159f674ccd84fb9f7b8e92a7f
0xffa82940fdfdfd15c4321e3a52803f5414b03d01,0x0dca33ffd6e69b47280f50442b5ebc722215ad1c,52334548,1791458443,0x73efe33bbe88598e81fbed080fd80013c4c11be57e4adabb7e3226a269083db0
0x998653ca9ddd1e77f8d0f9672885cd594b0a1358,0x0dca33ffd6e69b47280f50442b5ebc722215ad1c,52334549,1791458445,0xa818420e537d3c9da94731d5c2a6b669ed02e48fd1dcbf6ee6cd20cfdbb036be
0xe645580eeeaad9372594c0a5147e84567f139d97,0xd866b2332d4383c1bf719732177e2d9109c99dbc,52334550,1791458447,0x3f189ac386ae5b549c6900aa8fde3b179cf32478e9aa61ba595ad72958286f79
0xf0a2db9f971518ca40c1fa7656e0b958819c3baa,0xd866b2332d4383c1bf719732177e2d9109c99dbc,52334551,1791458449,0xa4a25dd6d08117e99042ee616bd3435817ebc1e572b83303b0a02b3ddf3f0f16
0x039ad6249ffdf67283ea560057f01050243325d5,0x33333333333c2b9875b341d0c60b1f402feb9952,52334558,1791458463,0x85b871d2f1629d92aa5bb9938b5883b7f5f35ea286e367737d1d0df4b4466d73
0xaf2817c130a9ee9b928d7df2e0b2c22c18ea6481,0xd866b2332d4383c1bf719732177e2d9109c99dbc,52334563,1791458473,0x3a1487ff8f006457d4c0ca149a8759797c01a305a035331c9002a9e38d4b5ac4
0xa9ab740bc55b96dd72f758e267e58b541469c78f,0x3cb11807c6332cd81e0a3b2a566be3a8aefa2e6c,52334564,1791458475,0xc372f58e3abe390477f3cd67679c1c669723d8b63f49ca320558ab3789029035
0x000dc1c999479523f3952348997cb2c610e49e81,0x627de7a814e3d6b9d3fdcf9165c38ab610e44ad7,52334567,1791458481,0xe7e41d914ccf1d7c21920dda65d65eb83f98fbf88ff567d1ae9c3d10d1f125df
0x0b500d94b737a52a8fe754e6e66e62d26ff8ac8c,0xdc113de6c4449d0be590a157f9bcb3b9e7c2a564,52334568,1791458483,0xd12bd3adcfd80bea1593002d98ad6572ebef9bc1f3fff9067804dfa4f01be97e
0xfd3940029fc14cfddbbfdac60b321c917c1f8552,0xe3b633af4dd3a4055f4bf06c6fa3e3308a44ead1,52334572,1791458491,0xf27468c10f70223869e6937c1ddc0be31313ec611d74ba9926e4096d510333e7
0x01ca8c47762e56cd9627ac3e2fc8b32afbfe8095,0xf6d28f89a04818493eebd561f8564daca423f863,52334575,1791458497,0x1384253b1267c3529da4298adc49a1eb14c93d6e3deb129742dec0b3c8ae4f4a
0x551f19da42bb4af9fdddebbaddab9fe4cc958f09,0xd866b2332d4383c1bf719732177e2d9109c99dbc,52334579,1791458505,0xda81fe670ba529834907a6b6a8c5658155e29de837f1fcba03b45ac4af038db6
0xb98235f17f5e71b965bd35aa69c80c87ba76ef9f,0x552dcceaf104ef0411fc59025f93e47187de8aec,52334582,1791458511,0xbb3aa91d8ba5e5fea22bc8d0cae834266c2edc110f8657f989405f57c1f41a36
0xddd5ae480ef2522e5ebaa964291d7b7e4efa4b82,0xd866b2332d4383c1bf719732177e2d9109c99dbc,52334583,1791458513,0x995e9f34f50a24169afa96cb4cfd4a3be6003399821ef4b941e49ccf2aecd5dc
0xc577c5b808333b06491a700f9b0ca018fe6955e1,0x0dca33ffd6e69b47280f50442b5ebc722215ad1c,52334589,1791458525,0x0277c001c742cab176c8c76f0015e9ee6772cbcf279ad46356049661b34629a4
0x448b7ee257389d2dfc1b9727014b0f280197c60f,0xd866b2332d4383c1bf719732177e2d9109c99dbc,52334595,1791458537,0xf0fba8678f7f1201f1971563d840201ff071ff3492b088d7ad8af6b058c51d81
0x81f23da75ecec551bbb8da1756753c9ffff766dd,0x0dca33ffd6e69b47280f50442b5ebc722215ad1c,52334596,1791458539,0x122133a18c0fbe92ea583e128cabeeaeb7b1d4e2e786439370a892b5371d133c
0x23c233338926e4101e0fdb7d4084a086fe9b581e,0x33333333333c2b9875b341d0c60b1f402feb9952,52334609,1791458565,0xfdb7dcfe938565d52e8297cc80d47bbfefc2971fad67c3c38a471e0adfd56a19
0x197151a0e0c359a6d8a41ae60db67cb8082f7108,0xe854083c57dce983902fd1e6c85974a7df137d72,52334614,1791458575,0xc3fa4f78d8dce8281d66429e0ca824e718df4773c4e2dfc458f3772c81f20933
0xf8562380daee90c5abb19acf20c10a4a61b01bf2,0x4b0e4f76a212ed1063541477426f53e809068515,52334614,1791458575,0x8c4de474805f7b1070b4e6d95cc5612a1a027f47049792fc7c2473357b0be805
0x291639c30d7888d8454524ae3b70f51c4b71b535,0x804f04e36ee67ac236e9d126a5dc70f18f52de8e,52334618,1791458583,0xeb2edba0928b003ec65e2c274be49a77fd8768db4ada1ac48760288c81625264
0x3a31cd49e918a4bbc60096dfd48d6a73b8aeefe3,0xb7ee3ea0f4e8339ec04c4b3a1fc389d88e50c196,52334619,1791458585,0x13e66dd28a4546257c1e45640aeef9683b9e1cdc8c2a94b5faee74752ca18a65
0x5b23431f3025d989ce47518d6fe19b710ea1406d,0x804f04e36ee67ac236e9d126a5dc70f18f52de8e,52334619,1791458585,0x94c288a6dfdd1a97f562e751813210aa27a0c3b9e9dd904280cb7e3c793d8aa5
0xdb8ba7656d5e03f9ad1c3ae9d6bd1a8091cd09da,0xb7ee3ea0f4e8339ec04c4b3a1fc389d88e50c196,52334620,1791458587,0xa3858b7d092a472cb36f1be8fb0e325f78d18173358b237c804d2a0ce0c39f96
0x8f155b7ee75d2bb46a2ed6035df6769d42ff8702,0x0dca33ffd6e69b47280f50442b5ebc722215ad1c,52334624,1791458595,0x7a8186902eb32c691ffe1980e3f3833def4898a38f110592fd505c8cc985089d
0xe0f3c9667ecf8066e80862b9a66092f2617a257c,0x0dca33ffd6e69b47280f50442b5ebc722215ad1c,52334626,1791458599,0x323049c140d17b393089491534517ddd40b2cabc5f592204f93ce5d22cc9471e
0xb895f67af45dc86a9b14ab6b88c6944800a75bf9,0x5fd5a553602e2b0e30012b4808fb50e503d82309,52334642,1791458631,0xbb83dca7add3aab672121a9970029fb8589e7f613aa4e659cfc40795fe6c864b
0x1c2f80921b9e6286196ed630bcb2aa3f3c35164d,0xf5c131017652dd3599ce5dbfe588b3acb94e0157,52334675,1791458697,0xf2a946580cb1e532c7a37b273a5fc0049a04dce7b1f89314f81dc3e1b9ed4167
0x15f9897fe2856e8e221668ada890eb16f93d0c84,0x50ff5b0148f12480f04f16555534bee2b44649cd,52334685,1791458717,0xaeb1cd2b26e95f46528af00b438de1e97fdad4ce17bafdf7db8b61d52ff8ab2d
0x3237f8a53c6d6ca02ccc43fc760b4d359979fb9d,0x91b6613071270e60356c0d94d0ad839512985646,52334701,1791458749,0xbfede2836ba8c0ab1106d3df477b56fcce28d71584b55c5e612f4b5f01ec17bc
0x61cf9e886c1403e4b228d567a36849e38041d84c,0x0dca33ffd6e69b47280f50442b5ebc722215ad1c,52334701,1791458749,0x832b1e26b1c06e59848f8047fadf7ff5ecd120c3963f06c3abce96150b274bb3
0xaf0b29dd19ea9e3b5178fedbe7c0b486670c387e,0xa2d0aa431260d7e5a2db01db78eb6cc80776e36f,52334724,1791458795,0xc64f04d85f35dac83baadb74c006fcb44a22cfdd6534ecac522f96f64b1f30d8
0x503967f7ce5bb9c049746a17765841a58a25fc3c,0x1dbef9a5ed588e7d2088e5bb022a28d91ae8fedf,52334728,1791458803,0x451d1ab6439927b692cd3f6ed52c5cb84d61207282d58db4dcf185eaaebc3627
0x68549d73ca7ff9471b1757f86f3de9fc1feee67f,0x1dbef9a5ed588e7d2088e5bb022a28d91ae8fedf,52334729,1791458805,0x8119054b57ded21d1ca8ea969d731bc496275795ac81e79b402e3ec62864789a
0x174a0de0fa1c4771ca980a42553c0041016e5a67,0xf819d25c80a90babd2f7e5e26f5adc8561f2fe81,52334758,1791458863,0x5159bf8dce3d1be3ca42a24b77d3b6a96efb17feb207a426fed897feb646305a
0x9614609bf6bc97a4d48ba0ee1f01716793fa5bca,0x0dca33ffd6e69b47280f50442b5ebc722215ad1c,52334760,1791458867,0xa9112c7c06dc24638505a066ef77dcd121ad5892cd8712847a43d5e65c5d0f22
0xa98d4bb4730b0ae629bd7e7b6c8e557e25e0e2d3,0x80af2650304e836a8ee38c3f6170ddfcc89e8edf,52334763,1791458873,0xf23bd83e17f6315be873cbb448a5ea238a5346d29ab39b4742119bb12ebab889
0xc29e7a0c4869fe3ee4f94a0deded5ceb896683d6,0x0dca33ffd6e69b47280f50442b5ebc722215ad1c,52334769,1791458885,0xabd04df6ebab9fd65e4fb5c96402696d5a18aa53c6a460d24d3516e4a4ccb1d8
0x931a83c9bf88ed924f01ac236b6bfd8b45dcfead,0xd52ca4a3f50f409c5dc699d5747a9620b285594f,52334791,1791458929,0xba5cb285242c1b59e2b7b23de0af921fd3c272ff2b894908a7b0eb4c1cbfc0ac
0x4f46e8a31ead626acc8593bc8b36dda676c03153,0x778d38997d5175943f39acd0f559bf9392c85b7e,52334792,1791458931,0x64a4eaac1b1c287dfd3f7cb47e6faffb92f310d3a21ddf4351887e5e8b02758d
0xe0efaad9fe406a11a52ae6c26630b8cfb0319f5b,0xd52ca4a3f50f409c5dc699d5747a9620b285594f,52334792,1791458931,0x00a1c32da986b3739886266e745f95a25ffdf1491bc7bdb3af8e43be35d8226b
0x6936be96966e0122a7c183166ee78c287327282e,0xaee2d095cdc47c22548b6fd20adca813d94df59f,52334816,1791458979,0xf9204789de0c48cb38cc3a1ee4d6e8741da36443080ef324dfc3ccef3ea84eca
0x09256135fdec3088d994d753a48b6fe652efedfd,0x0dca33ffd6e69b47280f50442b5ebc722215ad1c,52334821,1791458989,0xa0b7323c1c6172a6d7f25c98997face18b6aa9bba01cc770046024b7faf0d160
0x18e23427e6eb5aa7d1bc741afa6b2f1b7aa08344,0x0dca33ffd6e69b47280f50442b5ebc722215ad1c,52334822,1791458991,0x416facc754d385c7dfdcfa410efbf1e99270ab338f220878197c4a248eb5bd9f
0x3a44663a85a9cb817b9da7b789ef5b8ce8b4a6e8,0x17e94c51eb3863b02239aa298e22c95a85f82ad3,52334833,1791459013,0x96ec9a2e5aa6c6b5a128a2bd192f1164a8c59593d7e01b831970149dd273f2c6
0x9a1b5feb9cd658d771aca73b76bef62259b991d0,0x0dca33ffd6e69b47280f50442b5ebc722215ad1c,52334836,1791459019,0x655a4c192f0e1047f9fcfde693bd00795303a2b862d831ca48ac2071c7d10550
0x70a00dd96235ce91f5c363db05d7c1c93f8a1b63,0x0dca33ffd6e69b47280f50442b5ebc722215ad1c,52334837,1791459021,0x66f400913f099de9ddcd5a4b222036005ae9c10635be17ffd1d361c131b092ac
0x59f9dd6e5b21e4e20b2c270c3ff722bc6c8cfad7,0xb74fa398d7f7e36b4134f3ff22d4334643a020bd,52334841,1791459029,0xbe3876f984400b1d4b2d98ab431a0b5bef6636ef505054875a23da51612524e6
0x9917b0962aeb47b74f40f9a96aff675aa99db470,0xeb0f8aeb7d8389b7e3423a9ab2a5848b3c32978b,52334843,1791459033,0x4cd408f506bae95a0fd600730a5fb2bc60118d6abacdbe069d547ad93c252977
0xe2f9e0170ba76f65ff539e77a9e9ecf0dd9a5e4d,0x0dca33ffd6e69b47280f50442b5ebc722215ad1c,52334846,1791459039,0xfe4244ebdbeb4a00456311717cfef6b3bcf5adb7373f6595627650a26874ee3c
0x66f135d351c194737480eb1947edce9f7c6364e0,0x0dca33ffd6e69b47280f50442b5ebc722215ad1c,52334851,1791459049,0x764f1990b9d092ab286b6cd0667fd5cc4afd2197f3f85ee64984ccfff1c861d1
0x28e7b4e238f9a53760f895f0a915c82f93506be7,0x0dca33ffd6e69b47280f50442b5ebc722215ad1c,52334855,1791459057,0x6100f32373136aaf0cb61c1f8edde1c21b96f4222f193a281cce1517d019e7ca
0x8a053812f06f467244d4ce0b5a5559f6557c63fc,0x0dca33ffd6e69b47280f50442b5ebc722215ad1c,52334859,1791459065,0x6ce765d23d19055ee42748471ce5b4d1e4a084dcdf01f8b5fefd9713079dfbf0
0xc57af91ef4e25e25855c53b00fe2a80cda7558ee,0x0dca33ffd6e69b47280f50442b5ebc722215ad1c,52334861,1791459069,0x2f85740417d3d9396d4d78057528b1142226f34b804dde51c520ce864c1f0865
0xc0a108979ef4f15411bde8f9fd1ea4a9a291821a,0x0dca33ffd6e69b47280f50442b5ebc722215ad1c,52334862,1791459071,0x163d8b630d8e4ce547aed4d59a03e92596b2fd6fa8f8527dcd7e8fbd9505d790
0x53c74dbc0a0dcfc5158f7f366f113e4ab967877f,0x0dca33ffd6e69b47280f50442b5ebc722215ad1c,52334863,1791459073,0x41612ede93e85c22eed17ab2a53d03ae663cc1880f45a4a94c72bda04ca68c45
0x1d1616dbf2378e068653284437aaa1c6b46552de,0x0dca33ffd6e69b47280f50442b5ebc722215ad1c,52334874,1791459095,0x978bb2de8957f0577d2449b930bd389933d09689589a90922525630a7629c788
0x0fe1551a4506140ca85ac4176fe4a58d0c560ef4,0xf16e7c5079480fa8f16c68734484263bc17e8647,52334894,1791459135,0xe4b2ace9918a4da257004a8193f94205263f88972f2142532a3494187c248dba
0x2a4514ea5bb95d204bc03c7e8f7e9657aadcf94e,0xae6dde15ecb41af61dcead9b8235d34c37355918,52334902,1791459151,0x5f3c3a796083b207273e0c4174a31acecf5bd12480716ac0722190b472115add
0x191b9aae340e6ea72445f8da209244f1d66613a4,0x7586abb038c29f3e202e790db5a6caf2e88c6ad0,52334908,1791459163,0xfed7a9c16a0251b4d1dda55ef51a0cbfe59e623960e24a972675ef4af219a4b3
0x5f7474e4b19b6a4cb8f348f7553b485dbc89f758,0x0127f843b5c940c591ce01c8de03b32bc778c9fa,52334908,1791459163,0xeb28cb8436c30d41c96181d864cd44379de5d51637bf6cbe705e8226be78bf76
0x2525cbc9fdb4be036822f1fcbeb739a4817e8793,0xae6dde15ecb41af61dcead9b8235d34c37355918,52334920,1791459187,0xcb28154d859bb474aea600eb9786b9e1ccca35b302e2da74cb656ae0f4bfa6cd
0xe14966dcb31c96aa0223be11084851a56f6f6505,0x234e1247ea4936b3a770fafe408b6ec48084ea86,52334931,1791459209,0x1b871fbac3233d111818cfb080798086eb558bbf1a514589cc726fd7d4ee3e75
0xebb3c03bbcbf53ad5effab18dc724657607fc865,0x37fa94d69b03d8c00f7fac8dedd817d474b54435,52334951,1791459249,0x67e29083f18c7fee84dd87def68a7afcd4b4609620cef83bc3af7371628529c2
0xac0c10610c7f570fec08f32811daea9e92fe5c7c,0x94dda63377acc45993cb221377454ae585aef754,52334982,1791459311,0xa799c5e264c8aa65bb7006e0cb1a52b4f911a697be2edc880be13476736a9c15
0xc66a44e28951f584a2930948448d7e59f4a83cd5,0x94dda63377acc45993cb221377454ae585aef754,52334982,1791459311,0xb04b51f66aad915294a744eb6f41806252e838d465efb078307fb765a0a461e2
0xfa391ae9ed49f10693696cc4fd2aa5042d3f8d1c,0x8ef9d9bdbb89d68464fe58a45906d71667518736,52334982,1791459311,0xe7407eb12c8314666f8d0b4f3740f2c48f3da2eb97b99c9f226ee452efe3b184
0x43b83432691164ed6322d0c4df1d3c907b8a0189,0x787caef47ed275fdadaa3ecfcc486fd986cc0f05,52334983,1791459313,0x699408e95ae96eb7904428d4bae9a9d916cbb3628ee0de50338f7ebba2e0d5ab
0xa57c9862fc42da070bf7c73a806574d37b643f88,0x0dca33ffd6e69b47280f50442b5ebc722215ad1c,52334983,1791459313,0x87723db40168d209a39844fc1daecd8bc7a60bfcf07f7a1a081c987588560417
0x91f01132bd79d52253c6c5f0492cd98e0f759d77,0x787caef47ed275fdadaa3ecfcc486fd986cc0f05,52334984,1791459315,0x6bc868f5d64fc3f8b6897715641944fdd8e0bbb293f230f82ac55b0ab345c8e1
0x441e4b5d2c821893d3e9c36ff4e2ab194634c5b3,0x0dca33ffd6e69b47280f50442b5ebc722215ad1c,52334987,1791459321,0xe272552a7e05d40ddbdaf43bcc4c197e863b0d869e7d703d83cbf0bdf3ee1db6
0x746aa77275f14aaab093e4bbac8155404aaf5511,0x0dca33ffd6e69b47280f50442b5ebc722215ad1c,52334988,1791459323,0x3fe3332ac4645aa45d6397c7580dc66f4ffdf7134f8dd20e4fc2a50320bbb199
0x55b7b39409fb863c25fd9f2258c435a13c3afabb,0x0dca33ffd6e69b47280f50442b5ebc722215ad1c,52334989,1791459325,0x29b6e84a041cecf36787fe6ec8004caa11d36baef769e7fbd63d7d9541da77be
0xf6ceda4365e9061ff5f6408d038d12db687297f3,0x0dca33ffd6e69b47280f50442b5ebc722215ad1c,52334990,1791459327,0xb4bddac3fd209e0c19d069f882bdfc8f482634e319468761e2d623b9f3336829
0x3112159e20e22850c8b1d036a3d319bdcbe92c30,0xa87ed9c6560b8fd96b32ed4da191dfe34e66a2ff,52334991,1791459329,0xee1f0c73b4385f04bccf221d9f7591f8485e95c2af7054a9d42d72295ac563ee
0xfbe3173c9d4e102343ad593e09ee13af88df755a,0x0dca33ffd6e69b47280f50442b5ebc722215ad1c,52334997,1791459341,0x18d26ac7f386a01087a898a50b4b763fc6a907b882a4729149767b08f8a301ae
0x9ef46845c7716a90d53e58876bdfbdad197cbb7d,0x0dca33ffd6e69b47280f50442b5ebc722215ad1c,52334999,1791459345,0x3e17509145b1f122f6fb64ba3cb0d2426be4cee3406938bbb7a03a4bf675abd6
0x9e185e9ad1269c901335733ed8674aaf15b38a4e,0x0dca33ffd6e69b47280f50442b5ebc722215ad1c,52335001,1791459349,0x16048c11d442d875fb208614e823611ce0a92f5eb36e64f6418bf70aa33e7ab5
0x83261c6c68fb193e17d80a465b30fa9c995f803e,0x0dca33ffd6e69b47280f50442b5ebc722215ad1c,52335002,1791459351,0x2c9837b351999dc8a7f25c1326b53cd13c0c9bef9477246bbd4bfccbdba605a5
0x96f446d93e8748703c4f6f30900bde1d50ca3511,0x9bcd8076840378a6edffc97ed824621c48d9104a,52335018,1791459383,0xc59ffceb4c30047c02be23ef5048862f2d13fce8d0bd734bea924e82fc02bd09
0x4136136e0013cf5385cb3b7cfd13acfe0b7543cf,0x4992b67b03c55ee4a8c60336c3870c5c62eb63fd,52335023,1791459393,0xbeb5d7536f728880df0ca22fb92a0c12e09f319f6732fc904444acde59939c0d
0xbd4f2e2afd8bd78cbe7408a44b8ca648ce9be49d,0x0dca33ffd6e69b47280f50442b5ebc722215ad1c,52335041,1791459429,0x32315b42e3bd50b7869ae571c8db76349b2a71b5913b17191cb1e7011f507d6d
0xd49111681442f1c73d368e3bf374ed4ddeb48ff5,0xb5e0a4dc389dbed8d75cd91c8dbfa5671a8cbd09,52335042,1791459431,0x71c6bd84d25da4c2846874d41a22d56fcc9067b8ac0179cedda11625a16a8e3c
0xfac197acf47f03d95dbf4410b87d50b13d2f839d,0x86228549da78fd7d775751dc199655400e6260e0,52335045,1791459437,0x31b18642fb737328503cb3552f0339c8b347db314d461e96a26553fd8d2c74b0
0xe9c3b53f6e7681904e25c5dc35d194be90c32c1d,0x0dca33ffd6e69b47280f50442b5ebc722215ad1c,52335048,1791459443,0xa32b5c6e1ba548dc9511106ed923f176708803b4707f7dc3433c2b99f7ce1935
0xbdafa1b2bceee8105f206f0b26f196dff5eee2f2,0x18f31e1705b993df4b9b1fcb01e6cff8c3de829d,52335069,1791459485,0x7ffe1095546d0a4e460a5f5fa2fe4d1aaf7d4a84e959fe170e4faeafcfa044ce
0x48e7a201a73236419925df84458e325a2acb5651,0x0dca33ffd6e69b47280f50442b5ebc722215ad1c,52335075,1791459497,0x4db5b10aac8f161b3f1fb407d9731936ecb9fc2c1841e142ec0fdc23ea923df3
0x5d1cddf9110128050cf07b42a12ea38c8ef9fe6c,0x0dca33ffd6e69b47280f50442b5ebc722215ad1c,52335077,1791459501,0x143520e02d04d3a5263e925b2ab4b8be8adb599f6fa6fd576ea9ff559d7c3a23
0x670f68e73439516c00b832e6297630e9a6ad4557,0x1ab82687c316b5998ca4dae129be2899fe4ab809,52335092,1791459531,0x53683a2dc2bd8b3b02d93252e0f78d5de4dceb4f735b15782d8e9c7b55fb70af
0xf261a00f9a101f1103aaecc6a64b6974af9a9066,0x1ab82687c316b5998ca4dae129be2899fe4ab809,52335093,1791459533,0x1e0d174365df89919f5184b5ba94a10d80383fa381eb018b9516f79896efb94b
0xfd9f092f4e820d9a6defbd09254820c8d50f13d7,0x4dfccf1672979005cb254f415ae3b28ee5c1de8e,52335126,1791459599,0x05adc60eb3f29682c64839edf53c8dc22ba4e89e25df9dd2ec13e1de82e35c9b
0x848819107ea6bfed15a0ecdbc5f85b79112e6314,0x8e5b30f6ed06f6bdec8588763343fc7175dbb57f,52335133,1791459613,0x8465dc9ee60fbb84ba7a6adb5569375822191e621b9ec419ebe67f8ca3b6c941
0x2d9f11857b1729ec2b0ceaa0d6cf9191e57dc5bf,0x0dca33ffd6e69b47280f50442b5ebc722215ad1c,52335152,1791459651,0x4ebe9d8e14e33d8034fc08f8517e3abe4e66bbb4f32947b7a418c72737fd234b
0xe911820ed374c8542b7cc6693cbd2f3621b6c8a6,0x8aa4ff0e27893bdad9da9a93617834e2c970b93f,52335158,1791459663,0xb73b69a151f0c8ebe4e1bd9b384b5f73191729376af9120501fa4d76d497e91f
0x592cbf7213ca79ba6d19590b6e344ffa509ea739,0x8aa4ff0e27893bdad9da9a93617834e2c970b93f,52335159,1791459665,0xc443219d958c8c8896f32ae8bb57866c480c68b22204517687a97ac565b8b7a3
0xe87aef6739352420ed1bc7ddba7186c5689ab4cd,0xb9cbef341ac5088223473e03b4d668c6b4d1d6b8,52335160,1791459667,0x2b1bac1e2d5cbc3cac5ee69ad53ca17256292470a5fb92e8b23837c017bf5396
0x3b221e7eabc1dcbe7b5f7bd7b0dca833cff70fea,0x4d687e723caaf6ef4ff1a4f649e2e54d1c9feacd,52335172,1791459691,0x597c265f8fb50bf63f40816fbe58b3d1c5cecaa2393942adf01f728d6e551854
0x1a1d6a0508a5c0f7e73d97b706cd79ee8c242910,0xa5e940e962563952de7f718dda183f7949507df5,52335175,1791459697,0x2ae7071bbcc20f6c85e8555dbc4f1b3ac028dd12e82e1765dee6370c22664dbf
0xcc2a27f82ff77d6395884636042032ba66040a4b,0xde760fc413b721f38d00b05bb5c7e180989cc33e,52335180,1791459707,0x31c18963a79ffd5edda3db34d63cc6ea05ff1c400c03132c753a5d36e4a052b3
0x86834d2f9f9d0493cc7135a28dd3eb8eafec9e49,0x444a2a1e836eff1c33b93f00df0b71143f36014e,52335189,1791459725,0x001359e4cf55662c21dc1f719ad06c6fcd13463f1f27153551677a423d4ea42d
0xb43c5a9b5db732f6fbd358b6f503dfa2757e1b5b,0x0dca33ffd6e69b47280f50442b5ebc722215ad1c,52335212,1791459771,0x08c96213b16fae8895752262217bfbb14a981abc0fbb3d2aa688a8d87c9f1e54
0xd8d9cf90ffb1f1b94c4c604906c8fe03517e2f10,0x5e2ce98c412a8d9a09a95fbc315a39de97b470e0,52335214,1791459775,0x5a1f35bcca56234e830a480ed416aadefaa7916fde293537c1e399640604f45b
0x21c06069e6dc5393a763ab2063e607c2ba0cb20b,0xc077ef7686b726a35d2c0add3c7424344a95971b,52335220,1791459787,0x563508d89a9a01a186a51955d8ceb502db1e524865e122564d9692dc922f1c57
0xddf70e00667fd5a2a011f594286dd2bfe05d74f7,0x3eccafddbfeb903e666366a4d5bfd37c59b42290,52335225,1791459797,0xb9bafdbce078e7dc36fa5bebd14aef3a539890a226c0398ca1460390ec665b3c
0x62b6c5131edc674f85d1d34ac01dde5f2364b1ae,0x57d50a3c487576ee954e8fd582661f19075e5960,52335249,1791459845,0xab0189df0474b509a4f873d5f33d4af2e1f480db553eb0ee8bbbbecc28b0213f
0x88a104ac053fb51f6fb97bb2f9a5ccedbdd932f1,0x2a05a76b4a2290a63214a32ffe2504d814b348f9,52335260,1791459867,0x9704d55d42d94a3d2043ba59b3cdcbdf28be10dcb11d82a3ce2ff1f31372b798
0x1d8662596d078a56f29ab26283cb192a70925cec,0x0dca33ffd6e69b47280f50442b5ebc722215ad1c,52335271,1791459889,0xa23d950ffaba8544d341a34f881901ac6b77033f48214dc3cc730b91e9e37acd
0x56b2314e43dc856b95bea01ba6b338d6260fd1f1,0x0dca33ffd6e69b47280f50442b5ebc722215ad1c,52335275,1791459897,0x98bbbdafd32b709ac31062972668105d6ffcd243d462cb860db02d3473c2aa09
0xbe4385793d79be7cf69a486cd82e9beedfb0b4ea,0x0dca33ffd6e69b47280f50442b5ebc722215ad1c,52335276,1791459899,0x5c67a5bd999c32e768597e86e89bab739c3e418e72e6c6c0a085ac0e341bf231
0x4b6d87687606d26f8a8aa902d7124c5e00ed94a7,0x0dca33ffd6e69b47280f50442b5ebc722215ad1c,52335277,1791459901,0x86266243343e9fbfc65f559232ec60601725506083f8faf930603f02b15a8623
0x898e8ade5b8886bbd9a8c0eb1619e06f17182153,0x0dca33ffd6e69b47280f50442b5ebc722215ad1c,52335278,1791459903,0x870fc60cc9311cb150c4d6e121b3747b1d2036a87402ca09e96b21534227b0c4
0x2a10d9a8ff1bdbcefd6b9b36011f0d347aa3b485,0x0dca33ffd6e69b47280f50442b5ebc722215ad1c,52335279,1791459905,0x397d9925b15605688b1c8310e9c9f10ab2a62a6b626378ec7d3c0435c6e998c6
0x8390341c83a00756bb8b53e274ca12605cdd50a9,0x0dca33ffd6e69b47280f50442b5ebc722215ad1c,52335280,1791459907,0x95489c6c4bb6d52134812a9b7f11c2eadc7bb936135dbb21248792af5be17270
0x979f0d0a56dd6356198218d95b5725dcaaa05aad,0x0dca33ffd6e69b47280f50442b5ebc722215ad1c,52335288,1791459923,0x070d83faf3c50fa60ef94e412cbcd32c530524a6800f7aefc3efa006501cd7e4
0x1f7b976552364d14a9e544a9f0b55013e7ade664,0x0dca33ffd6e69b47280f50442b5ebc722215ad1c,52335290,1791459927,0xab4e0846da73aac350a720a537f4ccf2db5c1480a08f171003ff8466f3cc55c0
0xfdaa28f49a2c9b007e3215c23c2f6247242782e0,0x3bdc83d70f2fe3230d3e746c7a36a8d7a495dca7,52335295,1791459937,0xa7e9b8c5749b5c85e58a8ccd6f64e1a2050336d7957f6a504155a67907149316
0x3804d572708df70fe026a730fec75bde33765ea0,0x0dca33ffd6e69b47280f50442b5ebc722215ad1c,52335298,1791459943,0x9bdab9c1babab8e76a82c5559934188351093cd0cbf119a81d7dd4bc8c6ce385
0x6e5216de3d6c344d9d1b36ed7e39595084151890,0x28f053a7d2493d5b860412e25dd7d8d1635bd519,52335300,1791459947,0x53e52644a585acb387646517b73da72334c9d370c32c51244351173dd30eaded
0x0d7737dc55d960367ee3c4dcf93a8344b6dbb131,0x0dca33ffd6e69b47280f50442b5ebc722215ad1c,52335303,1791459953,0x13ab5531b3258af2fdd3af2779d2c412e368b611527ef7b71a4a9db73f9553a3
0xdb5b2661f825df665d7e63c230a27ac324034958,0x0dca33ffd6e69b47280f50442b5ebc722215ad1c,52335322,1791459991,0x87c1172c7cdc6c66cedc366d0214261336afa14185dca22a399ded0fe048c0bc
0xc63ab192ed1f55e14f8a5b3bb090e77489f54c07,0x0dca33ffd6e69b47280f50442b5ebc722215ad1c,52335326,1791459999,0xb5266c941d87f3a9814bb366a1934b9a2287eacaacea90c4dd33e4a1e9ef889e
0x06560c1d55fdaf27e1abd3bdb7f95781813e701c,0x0dca33ffd6e69b47280f50442b5ebc722215ad1c,52335327,1791460001,0x477f7aef215c6055d2633a1e691cae45f7809ee128b564cbe7379ab0d4f57be6
0xcb6d494dd3587bb482aa7fb72e249419fe9e38d2,0x0dca33ffd6e69b47280f50442b5ebc722215ad1c,52335329,1791460005,0xc8cac74a6dc978bfac3b33a8c3cca1fb94c0d06472ea5e77718970c944097fe6
0xec1002b96013f5f513f32605e7e2c7f6e3d4c2a0,0x0dca33ffd6e69b47280f50442b5ebc722215ad1c,52335345,1791460037,0x8dbfe46b2a7fcc7b81c334c730622a23db1b8dbe99549fd816a69b09c086d466
0x2bec496b77cccb0e668554c0a610107b6d37a5f2,0x0dca33ffd6e69b47280f50442b5ebc722215ad1c,52335346,1791460039,0x79b169895a26655d92bb66c4285543fbc03a71419663a86970c35425fdea783d
0x3b338ea9d4afd904cabb56ca6010514a00260922,0xdf1d4ee7863f50cb31b8faa2caabd5479d32ad57,52335346,1791460039,0xd190a6e461f5d6d7d0073f2d85b0e6d40b2d04d5f229fbaeeb14e14d906266d6
0x232938ff041cbd8ece490152a8df9aa98166c680,0xdf1d4ee7863f50cb31b8faa2caabd5479d32ad57,52335347,1791460041,0x745cb89169964493e80ebbaf3a1863e1c701c886e7a1cddeb10fc1f86a17feff
0x522df6e02fcc52035af687272d70bbade04d4f99,0x57d2ac9d1cdd38bf9e732dea5264f9985866470c,52335348,1791460043,0xb31acf7a954f9620abe66765e0f6eaa2942bcaacd425ce8f6162bd10c2dc6a23
0x726fc382d0004e172d8d5c626888ef12356557d0,0x57d2ac9d1cdd38bf9e732dea5264f9985866470c,52335349,1791460045,0x5390a29ded88a1aaab6e4fabcba8e3b7dcd6f8f51cd1b2edf86158b443b04392
0xd5b7d5f2f5f6cabba6b5cbd231a0fb40e2fe253e,0xc307b018951e5bca1cd06c0cc891c01adbbbcd6d,52335350,1791460047,0x91fb00c9a2cc3c337416e7d0103aa715b8383b514774b83957de5df7a9e8de1c
0xbae9b8629164c1a5cd3cec33f7bbcb48c4104857,0xababa6b542ee51dcd70ebf8306645fd41e173551,52335367,1791460081,0x42772e492fe0e58087d9afe18ebcf1d4c42ebd4c35f8e11f3e04409fff3b0574
0x3b03348cf7c55201afc97d3e7c6dc35e09aad41e,0x74f8823bf0ae0d1676b96c087bb9b09ec3992068,52335379,1791460105,0x021f0e6479ca7cf49a9ae76b2af821871b5550a49257c6e8f1aa1924adb1a2e8
0xa64f334142322c0c9513b7e8df4e959da728fb3c,0x5d6622e35c612f62316cd236f0c505249634da7c,52335409,1791460165,0x0d227f0bfae1a02487ddd8453bdb9e23a981d9fabdc6c1077203b5786c30751a
0x167798f9ca7e75522219ffc1edea0390fffee59f,0x9bcd8076840378a6edffc97ed824621c48d9104a,52335411,1791460169,0x3f9bc111698d1ef5000b709d9483614fc501ab6ae7aa1f7c37700934e32c0f72
0xb4e570a41983905ed375c009d46d493157705709,0xe82c3c1f58322ef1f41d8d20db5a5b25b67e74f3,52335417,1791460181,0x822cc9818d54d4b3b826476839fa7f447927e61c38cb60458197ac29bd8ac709
0xd6814436429c995d137c447801db7cd1b390e871,0x83852ee26f696c2d844ec3d08424a90b544a90c5,52335419,1791460185,0x19dd429d6ba1c356738cda00175244e773bb2b623dbc0080ebff6b88da56c870
0x13d00b5f0d7d1887bfb3a9ac128a8e5ec2994a16,0x662733724c1fc9a71f20a03158d7d4737d127a71,52335432,1791460211,0x7514e7fc82cedce44038f8b20b48d829dfbf54ff9d9aa9224effd756c44bfaac
0x1b769a3dea7b8ad6e92d5567b91593f9774395b6,0x0dca33ffd6e69b47280f50442b5ebc722215ad1c,52335448,1791460243,0xcc8a7629b69e26b5e657b9f447d5ffb6b49f7e920956b5f18d8b321a136e907d
0x3b0f84934c2b91154188db1f31cb8cea5a1571b4,0x0dca33ffd6e69b47280f50442b5ebc722215ad1c,52335450,1791460247,0x27af383e04683c1c436198dad4795682b07efb5069abee2fa8032dc777bf3429
0x8f3e9f26b242fc57fff59295f2eab2faecc80287,0x0dca33ffd6e69b47280f50442b5ebc722215ad1c,52335452,1791460251,0x19ec911faaf357c8f2ebfe2885fd9056b6e955193aa2d512b138cbe49e520d1a
0x76961f14a6acd57f8c8ecca7c49f05ba9e331da7,0x0dca33ffd6e69b47280f50442b5ebc722215ad1c,52335453,1791460253,0x3a8abd51bbe8fcb682822e4fdcfd5998d1deaad91244a90fe85c7d0028293b34
0xc1dd104709d9d712485b605cfd93ef4d32ea7641,0xe79fae509ee0f7ff1629b3fafa65f62831466b0b,52335456,1791460259,0x00f764d74ed2ecfb9e1829cf910c93856ba02f9c0d1ddaca06f9ee28f8b7df4a
0x54498b91a628c4d08017ffc597358f813488d62d,0xe79fae509ee0f7ff1629b3fafa65f62831466b0b,52335457,1791460261,0xd19e2d7b20de53ce9a17999e6fc24759847b59363513757f74f15d4c8367c4e9
0x75523058f0e14da652539d3d2bf3a71778f1f9fe,0x444a2a1e836eff1c33b93f00df0b71143f36014e,52335458,1791460263,0x598360d2814331085dc85a66188b771db61624c7f3d8b476049df004fb6dd5d2
0x6737d4de048f1a0cb99ba8e9f16f8a922f15edef,0xe215c4ab0ee5995dffd596b09bd0224c6f9fc895,52335484,1791460315,0x5a24868fb61135bb52211024c174a7dad75081aa2f5c2979f7db2460fe079200
0x0dc0de21703fb25d2645fd70729fdb09bfdc76c5,0x0dca33ffd6e69b47280f50442b5ebc722215ad1c,52335492,1791460331,0x2ce88893a3076da717a292f9fdfd61f765ecba150cc25eedaea1b1e407002cdf
0x23d82d0e34118ae99202af1f07a8269127adc203,0xfeaa6a66e53fb7388d0291822172d9f68ea3c304,52335503,1791460353,0x056e3bf90b995320ec7214741349ca0baf4f00a46a53b0b3afc5c1091328943f
0xb761737f965795556d8f89d6690b1310a63df1a9,0xb5e3cb061e1f3c5fa15c6cdcf27f637df6d88dd3,52335520,1791460387,0x04d61325719be1ff3b33e5f35997adaa7472dd60261da0e99201c8fa3e1078ec
0xc0a6c1ece31789f4b240a9ba6d41f555cc6da7f0,0xe1d55968d169966bd24612171d5b696c7d2fdab9,52335524,1791460395,0x28359348480beebaf7e0c27fccf4dbf55dc60469e20e6c840968de55ad013609
0xebf6b0ed9bc32819f40aeabc6d9775483194e15f,0xa8c1ad5c99825942f376d599cf29c488bb295816,52335524,1791460395,0xa7212d97d3910fd1d78449501637a4de22a050551c663c841323c6f2a6e48793
0xfacd71d3a29defe827a36d815e76ebc61a608eb1,0xa8c1ad5c99825942f376d599cf29c488bb295816,52335525,1791460397,0xc510cfda04dbe9d4f3e7251433c7d9657ed3f4a0fbc3c21a80deb5d5e3496ad4
0x2bb4af0c53343a70f7d3cac7f5e443f531bbf21d,0x0dca33ffd6e69b47280f50442b5ebc722215ad1c,52335526,1791460399,0xcf7c46e46a341f5535f9c3ed29fb7ebbc22e5835bafdb93a46765e6dfc534b6c
0x23f96be3fa75cade0ce384f272e9e818e0641e2d,0x0dca33ffd6e69b47280f50442b5ebc722215ad1c,52335529,1791460405,0x2c593983a93ded76c9935612cb43a8720c56bd8f838b730aaec038c6d4009f7a
0x68a0d1971483d199b8e84ea1daa905a82c3d1aef,0x3189bbefadf382ffbd66e8bfbf395a8033fca16a,52335534,1791460415,0x3d48b2edc1c8ea7cfd7d688d1af719f19ae4354bc3f93a4a65efb317b660428c
0x00293f2f3d9a36f7993ecd8a2ecd44c496352a36,0x112f7144db6d010f53cebb07c12e6f0ec5a77164,52335564,1791460475,0xce53fbf7504318f3ae088f598454b37f6e1b7282664e9fb55aa1ae561f40a998
0xbe245ad80597bf978569037588a0dbc4af2ac728,0x118f73303a2dc87d26a93babe109facee596444f,52335567,1791460481,0x545e9458e46d623ff28553c912ab38a063ed73faebedc6d6831bea76acb3e797
0x4858b6e488d679f3a9ea5a1e1143ec0d7ba99ac9,0xfb1f470eeb3b52b53b8a0f5a82da482941b29e83,52335600,1791460547,0x868e322633e877b05ac2b8f562e08d375e7052aa8a9f86120119ca49900bd701
0xbf93a5e50c14fa1589c14c55d3a56e17145b0dba,0x0dca33ffd6e69b47280f50442b5ebc722215ad1c,52335604,1791460555,0x4eb468a40d5233f2901b5ef553250e9a5ff39a46555479f8995c9bfcb173e275
0x826799969b04df2b4a6c4f55114a6aeb6aea193d,0xa08c954e56c43a0d8255a4aa6f9d885689ffb02f,52335619,1791460585,0x8016f58e683fc01d0507f88609b96c7349bc90eebcc8e6c29a7a3b3f5035f979
0x61649b429f9bbf3b0ea45747660d3e98ae89959f,0xef66a8f164f6ce7c652121032cda9dab324038e5,52335620,1791460587,0x3758be754c44377283485317e8df31438044012bdb980fb781192947f6c1d115
0x7cb19b5f207296426f56d7db37dfbbc21a7e5582,0x681f956778d8c208c330e233c87bb57b2c0d4708,52335623,1791460593,0xc3b6f2e559953ce09b84a06945ee9a0f2a92cca189ed6f6c82d23b9cebae0e4e
0xf319075b7c569127ccc2e8987aaa927d01eb306a,0x0dca33ffd6e69b47280f50442b5ebc722215ad1c,52335629,1791460605,0x5d468028a4917c326db6fffa92464144b721fc3d904ab7a0c7387f868a13b202
0x6b0bfffed9cc91705fd8d7fca87b958780680df8,0x578447105e58c54b9711dfe4ecde084443850010,52335631,1791460609,0x9f6856e2c828ca7a3bdb40cadd18cc550532b44a420510f732f7350f3069a17a
0x7626d908aba77744d631727e35b6c28b93b5ce86,0x0dca33ffd6e69b47280f50442b5ebc722215ad1c,52335635,1791460617,0x6ee20124864d1c1eff4626a33c939c6ae6fee7d9a175f147643f59a88cf82ab9
0x0b1f9ef40c80ef642bbde3b085a2b8691cdd6ecf,0x0adabdd0a88caa6653594fc5a0b3d7e4a43891d6,52335639,1791460625,0x64c4cc07ece0d3df883635a9750da91d7a435b2d6c82dbaabee8f61c87396c6f
0x67ef3615ce255c5cca44e65f4ae180f8577c3186,0x0dca33ffd6e69b47280f50442b5ebc722215ad1c,52335640,1791460627,0x74d295d3e5ca0a3bc00b966b62a6df66f45ff69e370a582f0bd3785184044dae
0x8a01e187484dae0cc3d81e2d1f5490e1a19ce5d0,0x38750f1f3cae46e5a9477ca01844fa780b7832f8,52335643,1791460633,0xd7f86e512327d942da0b968773ca5f21b117a49eb9e630ee7f0c6de7dd73efa8
0xe19fe609b903be3c0da33efd73fdc41cf1fb5738,0x0dca33ffd6e69b47280f50442b5ebc722215ad1c,52335643,1791460633,0x59181ca621a3db8cd245c4f12bed2ebfe4392b207969fac45ae76fef24cde9cb
0x9a5423daea0db8311f4a613188f8ce5f53cf5f08,0x0dca33ffd6e69b47280f50442b5ebc722215ad1c,52335649,1791460645,0x8b7a298177f2923f6e4746bf2bb73590588356c735b36c6d42ece0fd2c16d4a7
0x8ed9b13177262ebe804ddf9500b0aa0202b110c1,0x4373274e7535f03113fa7471bbadc3f23900ba80,52335651,1791460649,0x9926e25a8136ba8ea9a11a80a82d23e378d60abf64c7352312a8ce855623f47d
0xec0f43eed671d78594c799e483f41c4564f15072,0x0dca33ffd6e69b47280f50442b5ebc722215ad1c,52335654,1791460655,0x16b17cc59811c9d67ada3e86229e46581444c38bf6a13cd4340298ddaf28e7da
0xd2c230b04d39df04adfb28ab06ad5ce98336e70f,0x0dca33ffd6e69b47280f50442b5ebc722215ad1c,52335658,1791460663,0x73b0bbe619a1c220232a82d42714622934655f561f8e11ee74491cd3b8d40f5b
0x68021a5df051c2b901cc8fcb84e8c8f009144245,0x0dca33ffd6e69b47280f50442b5ebc722215ad1c,52335659,1791460665,0xc0d9596b2f668fa90d76fef74261c515c265a5cd8738df7e4515521bc4af9f1b
0xc091bdab6ede7bb32a71acd8d1b0da5604325abb,0x0dca33ffd6e69b47280f50442b5ebc722215ad1c,52335660,1791460667,0x40d14f54a7b7924beb96811c5823858553fb8f892ff18ad896ff9dda2982ef20
0xacaec046dde31aee7b3d5326023e65972c86a781,0x0dca33ffd6e69b47280f50442b5ebc722215ad1c,52335661,1791460669,0x8119ed2e5246d659465accd96257d31f5a2902ec4d1145d333d1c56487207d08
0xed66913c880c1f012e1ec7e7dd2c176ea0ce0071,0x0dca33ffd6e69b47280f50442b5ebc722215ad1c,52335664,1791460675,0xee0083ec5857f9b066d7937e2fb1197fe5b2d4d493b72d964159961263e13177
0xaf3aefd8473c4c6952da83a98e16e7d9e15946b6,0xbc473f537e11a19356e1fbbdad050d752a456fe4,52335669,1791460685,0xa5e0409b4890913cf7ceb794857123eaac8c3aedf4b41612896705c9aea56e4f
0x9386c40d3acd672f562249d8ee7d231078230d93,0x17e8f4e5eb823f5066905bfff25fe1941ad7c220,52335684,1791460715,0xf96dd4533f88438df0b4c4db7d31ced248f7b134b2e4b20377cc17909a4c5419
0x05f8c3df0e5645f81deece11e7215b808c386333,0xd30efe39e496b291c01249d947d1623289dead22,52335699,1791460745,0xf290a3991418e478ca393efbd7bc6140c5cda2a6672954998edb454ee45e4bbe
0xa1cd4773bf0f77ee20f85763c646fb488c09b04c,0x0dca33ffd6e69b47280f50442b5ebc722215ad1c,52335708,1791460763,0xb2ed7a8e20ab183a0b7bab1bbe5e1b3c96fdd71ce5b2ad70858449f83be74b6b
0x2bb5b582c78addfb767b320a8523943912c8f61e,0x834f4c590a184908ca77c8bac88d591a3a17518a,52335710,1791460767,0x24b9948e9e7736e3d3e4d2ab35ff79d90a287558c9291f4a3641b6da35733cd5
0x4795f5355b7f342c908a4791a3385c4d2d947043,0x834f4c590a184908ca77c8bac88d591a3a17518a,52335711,1791460769,0xa21d39b846db3a0233bd565995ea29b7464bf4e8b2b916338b95ca85c2a44a73
0x203280dd730f474ba5c382d2b43e738012cc4191,0xe6ed76ed2140865a6a5a4af52a8223b832dcb751,52335712,1791460771,0x2d6f64e7d5eab258c1134932051ff7e957b599d6bc7c9d3cb2d8c67e1a0db3ee
0x9cb0de51c6c0824e8bccc7c2409ff9a2ee74b4d5,0xe6ed76ed2140865a6a5a4af52a8223b832dcb751,52335712,1791460771,0xc45e983e5b11b5017c09e4266746a1dcf97ba0df266fccb1848e9b68ffec95a8
0xdef5dfd2f67184e76f1b72a5f3e2a6aae61e6df6,0x0dca33ffd6e69b47280f50442b5ebc722215ad1c,52335712,1791460771,0x40a310c4a362bda6ee8c6c484ae53a3fd859b5dc14ac47e4ba0d6ddff17feab5
0x70097c20851b2ccfb875184afc2dc5b4094e730b,0x0dca33ffd6e69b47280f50442b5ebc722215ad1c,52335713,1791460773,0x2bb2dadd4e17c1ad3c94bc86f69fbd7eed50ca57f1d417951689a67f0ff6b68c
0xb03380fc40e2293572b79556ffb80c4cf22d1a06,0xb378982992fb748f74312d7ef3123186236804e1,52335716,1791460779,0x2561c724505f8bc43758c0183f5598df1c838d031a3f08365b9604a774def0f1
0x2e42f2765c8a56c87d5d805bb05046088149cba7,0x0dca33ffd6e69b47280f50442b5ebc722215ad1c,52335722,1791460791,0x44a1787f2c8512445556bd266955e9296a72c27bfac95a02f3c0982530ec5b7b
0x2c33706e8e505aee827c6aee106964cf09831692,0x0dca33ffd6e69b47280f50442b5ebc722215ad1c,52335723,1791460793,0x249a25f76e4f544d9096e43d3243b789fd11cf4f48deb86fa3ef3c16bf9780dc
0x578f09fe782ef6fe4af34cb841890efd007c758f,0x0dca33ffd6e69b47280f50442b5ebc722215ad1c,52335729,1791460805,0x08b399427cb72e02142adcff3a55b29081158a54e112727f3bfcb8eef441358d
0xba9b247c7e9224ccb8a602329046da8a14373fbc,0x0dca33ffd6e69b47280f50442b5ebc722215ad1c,52335731,1791460809,0x69aec6ee234a4fca7cb842a2450b467ef120f46b88cd3459a42b542011ff4dc1
0xce00baba3db64bf860eeb40d932305513a11a50b,0x0dca33ffd6e69b47280f50442b5ebc722215ad1c,52335740,1791460827,0x3227b9cb1bc5a02b9ed816cb34935e67607482433506dc5cba3e05b7dd170934
0xc9df6865f8edeb0388bc1997805135928dcc117c,0x0dca33ffd6e69b47280f50442b5ebc722215ad1c,52335742,1791460831,0x08ab0c50c2f3df3b2b13f97fbf5879badd0b8b7fd4b29c7f9cdd239763128b85
0x87cd0e6550fd11e95dbc985f104b1e4c6f672cee,0x0dca33ffd6e69b47280f50442b5ebc722215ad1c,52335755,1791460857,0x5bcef2737d22763f36169f0688f515d0bab1561cafbb4833d84e2c356a45481e
0xec24ea614480323a93d376ecee189ac4f2fa3f78,0x1b44aceb5d8100beb69291f35d81588e8d8a0660,52335761,1791460869,0xad381cac4ee666a3b80b1e814179389cb1ccc746a44c714eb72d1c04c7881864
0x8ca6e842e49e7370eb1503fb7530e8f32930610e,0x1b44aceb5d8100beb69291f35d81588e8d8a0660,52335765,1791460877,0x1a5ccdcc236e429dd5b9ff241d9732b64adf7a723f2d6f8c60d9931362f37de0
0x84f41d5438c3ae2205b08594136de855afe35acd,0x1b44aceb5d8100beb69291f35d81588e8d8a0660,52335769,1791460885,0x318708ce572b91c11fac596effc223a75a85ddac22b5e4b280ecf0c0a5b08ea9
0xe75ab49676732ad7ff783687c19647f6ac2d81d1,0x1b44aceb5d8100beb69291f35d81588e8d8a0660,52335772,1791460891,0x765acef5175e2befc86167000960aadf7549bea2c6e2a9568b914fc0e4f7eabc
0x6da123cd90976eaa669bde075f3f9dc21b0870a2,0x0dca33ffd6e69b47280f50442b5ebc722215ad1c,52335781,1791460909,0x8f7ec5196d45057fcc7c84bdbd9b1c0fb0a7780e1af5b2174fbbec7a96a8d92e
0xf4c1ccf61815e5607c9de609887ac154e83dd20b,0x0dca33ffd6e69b47280f50442b5ebc722215ad1c,52335785,1791460917,0xb1010711075f6ba8355d42409aeee3cd0e2ba647cd0105fe44aab651e06c67e9
0x55a4a4559833c7a9e3043ba4de8c8d7bd150e904,0x4f9d1cbb0815a48ae767dd8eabd63879d14c90df,52335786,1791460919,0x82c95353327750b6e44b899436eb63476a1aaf3b9c86c2e3e094ea21bbc661ad
0x89c26fa06067e84b3d9d35f53077b6925b868e60,0x1b44aceb5d8100beb69291f35d81588e8d8a0660,52335787,1791460921,0x5a32e28843216f2f50a7fbbb7c0f35b869c42e944f7620d31c49aa20dec3ba4f
0xf1c9d81e539f177c5cf9ed151ab92187c7d99fa5,0x5082ffe61e1b60c2143cf6dc156aab6ba18b79d9,52335789,1791460925,0x8533361d3f7bf34787498cb2bd5771a567288e974ef05dd7c661274c0ee781b6
0x962ecc12574ed5e3d62e95bfa31446ee2fca4646,0x0dca33ffd6e69b47280f50442b5ebc722215ad1c,52335791,1791460929,0x01f4b5536545ea98b84523810f00a81b95b8a149348013380f2d364965ec7e63
0x51ee05c0fb59faed95301ff0faa56a0307187ded,0xbeaaee79eb66ce1377078fa43d732142ef483c4b,52335797,1791460941,0xec3824492afdec8f6ff58a79d3e219fde2e4da4048ae9e8d952b455b8ec9fd4c
0x7fc72282b6fa46ba4e6bf990aa3075f7387a8763,0x4d2306986d5f3c2ae15ae5ec1f7be1a21d814034,52335802,1791460951,0xab357ad706efad18459a553cd493831d5e66d8fb86a1c27dc7c456ca374b5cda
0xb0a6549154624a1b48467d05e8bb0c4b3b8f3aba,0x8a7d06c739b06052b02f617e3aad47b85112e2ea,52335817,1791460981,0x14198a893adf754c73a54a564296756009baf59259d082db630c3f114702d51d
0x5aabb961cbfea34ecd7bdec32f942eb9c5b13e01,0xb9be7e859eafadfb386a425a0c186e433727e1d2,52335820,1791460987,0x616d333f618d1c8011fc38ab7499fcfd5a75f4f8e78e64597d5d6d4584173e48
0x01661728f9ce98fa05f61f516f00da58fe32337b,0xb9be7e859eafadfb386a425a0c186e433727e1d2,52335821,1791460989,0xdcf331cd4b4a7ca237ff06ad609624e1623af08180abee9254d5fd2c3d99347f
0x1526c8ebc7ed0b4514016de14e2b07bfc25f6159,0x2b49eb913e5d5d82ae3c7145577f24e9a7615d39,52335840,1791461027,0x3fee37d591b65b4c8ee89fc4df7597f39b238d70365b25179f931fb91d0e5653
0x5915c8c53e9e78a6b60a14e69379a70fae34a5c9,0x0342bb1d16637e512feb15c7a38924b1dbed2a84,52335849,1791461045,0xd70009335ce5006cbcc5d2d11c3aa0844738529306222d5fa056bb60e1320543
0x70ea86c2e3983402f9c81ecf8a13e2a72e3cc6a2,0x8f348410bc67818134f8233d70f0ddf0080c5ee6,52335853,1791461053,0xa02a970fe0d87781a403b6531daae165de382b426b619a9e6168d88168a4a6d9
0x7ad16aa9a3ad701aece991d5eac1959f401de909,0x3c274b5304de53d4a88da62c48801ea0a8110d16,52335853,1791461053,0xb380d588198df5dcfda74df2960188f936ede3c9951c39b051ed62cafc5962bf
0x7172c7ca96957eea4297eb6979fdb9ddd4469623,0x3d37da298e3a19e6b3d50802bff5057d364cd4ef,52335864,1791461075,0x295e1f1525ddad3bd72906b39cae9fe31ff6282bd46561039e43fcb0fe778a7a
0x25ce086238b9e4204f1c1da204306763c0741a4c,0xfaee289c8a5fe008c0ce4f9dad3faf7af014bb93,52335874,1791461095,0x3f28575883fcd677163f6ca5bae44dd5c65017a800ebf296d8261ae346c4b640
0x15152564c186114ac4750b0305adc7c5a3bb5bab,0x18c4ec54cd446e18b02cb9d4ac3a5515c49d757c,52335881,1791461109,0x9ec47d1f086d732a5ff6c94eda8ad79ec3e5a343dd24cdee82103a03d25ae0d5
0xb87b3ed6effe5327b9eea4b1634266ce26b8de05,0x36d7098930443195370cdcd4e9d15622908d9997,52335882,1791461111,0x57ca5b1e6fcbf98caef87d8c41c163f0ac798039880c144c120f4f810ad3d920
0xc9621700c092eda8074bd97ab35667225ce02882,0xcd735f43b7545bcc613fcabbdc287a2870dc47b6,52335889,1791461125,0x1412ba77026597dbe1ae971d43007a371d2e97f78bcd1fbe8bf76fcd4ad70378
0xc9818ed8406ecbabdaa3ddfadf08b3744dbe52b9,0xcd735f43b7545bcc613fcabbdc287a2870dc47b6,52335890,1791461127,0x785113ae817188f37efa2e6277abe69954345299c800f2406675751e0dc6c18f
0x0c823ac3c4ebb9891b4fcf55cfb1d40a2d79997f,0x0dca33ffd6e69b47280f50442b5ebc722215ad1c,52335900,1791461147,0x386795f22a30fc937d9a220c60ea460ed612c172175d526c602992ab75d7793e
0x5fafba53cd465c6000c9acad83a5f8831f7c2eb1,0x0dca33ffd6e69b47280f50442b5ebc722215ad1c,52335902,1791461151,0xdef587f9dc9b4a281c39dfae44c7ba583a8e276f3e833d11d5961a66b5bc21bf
0xfe54c1202a17648630eb2d156d9e49a31c154f1d,0x0dca33ffd6e69b47280f50442b5ebc722215ad1c,52335904,1791461155,0x8225ac07bd9fb02e94150d6a5cbb48333a897277b8781164a8438b6d0f440bbc
0x42dc9fbd3fb30d2ae923a9c7d5f598b7bd2f2e18,0x0dca33ffd6e69b47280f50442b5ebc722215ad1c,52335905,1791461157,0x1ab86582d266b82a5bdad56596d4f11236b7e57a654610d14f2f66bbad89f21f
0xc359707feffdae21acd79849080eb8c086d4a612,0xdb9e7cae0795d6993e36098129ac53d95d327373,52335908,1791461163,0xaee3b013df17c30f790903a895a93f942c90351dd86e1fec035ba4ed8fb1a621
0x9ca1d52c05466a94dea268a5677624be1938002b,0x9bcd8076840378a6edffc97ed824621c48d9104a,52335917,1791461181,0x2981cfedd865b2e13967efc513a37a6274469c6ea49b6f0b01d2110adab9f99c
0xdbc3a76065826592312f9b4204ff20f11c49b416,0x0dca33ffd6e69b47280f50442b5ebc722215ad1c,52335944,1791461235,0x9be7cbcbfc8a8180c4a5e0e7ed9cdcd8bbdf6b76c3f6403852d8da46cb962941
0xbfd073fd05d7b740e06fcf5d7980040ba184bb00,0xa514a7a0283c33a601124d622c2e46c102849226,52335956,1791461259,0x4ef7b59f1ba0151353e8b6d1f2b88b517c155c694b6a87bcd8fd45f4ec8d4d3f
0xa16c2a222febac125c507bdc7f2c9ecaea60ea57,0xd1fb36b70df528181a5b4f485396371f54305b77,52335975,1791461297,0xfb59a773a0d51663a840b25aca89159b26eea2cd6d5994c18c5f093333cc841c
0x635eae3b973690dc295156f87f27f8365e8d5083,0xd1fb36b70df528181a5b4f485396371f54305b77,52335977,1791461301,0xaecdd54139df8869a84f0a98dbd81be836503aa142994e5984596ad6221fcefe
0xe1f43333d3f6b84d81a331365ad5b88700c12b3b,0x0dca33ffd6e69b47280f50442b5ebc722215ad1c,52335978,1791461303,0xaff5f3539daa44f43c38cfac866bc44029ac483ccd324f393843155f5aea0b47
0xe9a08bd8282c26ca4b7e606f43bbfad0ba77801f,0x0dca33ffd6e69b47280f50442b5ebc722215ad1c,52335980,1791461307,0x98af4065329e3f9f17b90fccb96781f1ddecd7b7e35d20c0ddf5d09424ef991d
0x318941f85710d258d6a22f0c46ebfcde83c44aef,0x2d03aaa04d7260e8af3e65b41ba6e1dff3a6a037,52335984,1791461315,0x7415b2921ecf5e45245592c25a230c446e7e9eaa456b0b04eb7fbc22460d4317
0x3caeeeb11b9aede30b787441224a5e4587f7d3e9,0x37d92914dc50363b203ef4fbbd2e5787d381aba2,52336006,1791461359,0xdc42f82b75e1a1bb87f382b0d8bfd1fffda7685c6c3793e1475c1138dd0c8614
0xc901bd7c557b259c3b7ee3bb41cc39f0f25e2099,0x37d92914dc50363b203ef4fbbd2e5787d381aba2,52336011,1791461369,0x30b30adeec8a71a1c64d1df38222e25c494672c37342298194c7da861e7ad2b4
0xbbbba4c759d2e504042340ae3c3d72c1dc9a852c,0x37d92914dc50363b203ef4fbbd2e5787d381aba2,52336016,1791461379,0xbea16c4068082efcb2b7e19b887505863bd0a0a13e31f20e81ebbc30c888f741
0x2ef703c3ec999eb936a4f5cc0911645adb54ec9d,0x0f2fd296b25f2c23d5435ff23366e8583b91133e,52336019,1791461385,0xfd619784d5d9495733ada5839e3abdfbce49c540e943d8d78ec38d4a53d75192
0x36f0174403dc6c920fb72f011f68313b7dfda731,0x51d5ff1197049eeeef91b34d822f6703560294b0,52336022,1791461391,0xb2627f8bcfa97ad450dd925361877f0bc82e6a575fba1a1091f26af4f9bfdb1f
0x5cf7c0468d295d34fd65fd2add83b8efc6820cc3,0x0dca33ffd6e69b47280f50442b5ebc722215ad1c,52336028,1791461403,0x9fd6372fe3627039a66c37387f8cb567133c0fdc5892ae45296f2bef5e8c8ec1
0xe9afead827870abfb75aeca289955d8a3a1a2dd4,0x77373e01e32664958c4c3ddf4b1a39886f606df7,52336032,1791461411,0x613f38ad3fb9d210056773b71dcbde8f26e07ed6464605f3bdc2e0366cff2a47
0x502a3745eb187c4664ba284391da0a2f64e64669,0xef66a8f164f6ce7c652121032cda9dab324038e5,52336038,1791461423,0x0e25568e9b76284e535a086e95bbc7f2041aeb42f91a198f9edddf4d0445b61b
0x8439a231b84f7ea025bc4d5783aee27052d0a5ec,0x3d37da298e3a19e6b3d50802bff5057d364cd4ef,52336054,1791461455,0x65534e189f69ecd9914119ae762fc5240563a686010dd25de026d86bba46a620
0x65eaa3ef27ba163d453c70d86cf1f805db7037a4,0x0dca33ffd6e69b47280f50442b5ebc722215ad1c,52336055,1791461457,0x7aadf47a27b92b3f7c52688c4d7abaed6ac725d4de5927c484af41a26f7950b5
0xc9c46ca4fa28b072576429869d8ad00684436407,0x78761cbbe04f72f5e52323b8a2286a71828cfabb,52336056,1791461459,0xbfd057daa490f164e18c8293d801ba76677dc777798d0e4fe2573a0acb1711d6
0x57a2daa3b084ffe45fbeb6acb467a0180de60a81,0x83b30df5837af354d364661af30aa75c4eb8c350,52336063,1791461473,0x3ddcc5b5f755df70bffb70be0a33632f4b6a2172e090b0b5e8e41fc61d514486
0x19fed774bb165f016e87a29ab1674ab70baf8d43,0xb3afc373d6dc6fd650ce74578dc4ce3617c8997b,52336066,1791461479,0xa6d5829618aed110004105e2eace25014a7c57b32ace18f62930483322ef2621
0x0fd3ae18669c486369bde462ad5dbb31cf1dc001,0x253298666a3d80ec4b3cceaf7b51d8405471b997,52336071,1791461489,0xa09183efe23ebbc90f2aa9940783dd51db7f9500b3366aef3b9678e5eaff56dc
0x74562862cbbd9b25cfb16474cacadc2d89ade3a5,0xb665ef46367f0ea08cae0c434e5e646050e5f30f,52336071,1791461489,0x47a02d32051c40a1a2b9dbd622774b9f6912aa4fc2f8838104321ccdbca861f4
0x78ed82665e0094db5dbaa6f447b249a65a69bc3d,0x253298666a3d80ec4b3cceaf7b51d8405471b997,52336072,1791461491,0x8ef3d5ccab3006ff6616575e02b691ad99f410104bb1c7cc506a5f3987dd6ab4
0x260b457309732cc6ed136809db1e7aca731df800,0xb1ba24551790f4b00026e1033079205d42a628d3,52336076,1791461499,0x00c5f4c76346e10d91b654d210d1a4b5443b3aff0a7e08337a1c5ae08069ae26
0x2f230a39c52da6a3d7e3052d3fe8af3eaa0c9445,0xb1ba24551790f4b00026e1033079205d42a628d3,52336077,1791461501,0x366b40499ec2a519e55e8c36bcd0f37272251becb41e5f5b5c30f9af652ac07f
0x5cfced63f639c3024859ba66fb15d4ef159f7a3c,0x0dca33ffd6e69b47280f50442b5ebc722215ad1c,52336092,1791461531,0xeb91856043e1bb649c6f343eeebf6d88a1ebf4540afa07172c613fe6a12db4bd
0x9c39538066f538dd4bfd72345b152d54dd0a784c,0x36d8bf82ddbbb19f9f3daf0ea294634b11b279a1,52336103,1791461553,0x76ca6f44c7985a0ab2b0858ed97464b73083dd56a23a195e455310fa5217fcca
0xdce2f62a1961fed1fac1a83c174079a5b7a1eaa7,0x0dca33ffd6e69b47280f50442b5ebc722215ad1c,52336115,1791461577,0x1869d38648ac2982b3853062bf117c275fe21dd6f12c6b425090dca5d122487b
0x9ce4c1b481dd8449cd0ff00dd6e6af2385882d33,0xa2cc129aa7f75cb59b513f41d54efe7305d3eb5e,52336135,1791461617,0x77a80a7248d983262256e37d4fbe3b1563f5a0aed9f46a04327096a594482467
0xa9d0a528fc08fcfbbe851b8f3b59773db3a6f882,0x7e0d9a0a54509ff73b17ef814d5bb68d4dcaf20a,52336139,1791461625,0x87befc061b92180f8028a31d9e62eed16398fadb82dd5304825cc5edc376e26a
0x30f24c25ed14f7806be5560a230eb17fcc286589,0x42a6f1f2cf89cb1f442b08835326514faa9c74be,52336140,1791461627,0x91ab781b796ab22db29774303523160eb667faafc698064a8cf748cd9d8b58f4
0x164cca4206dfc7f27e5dfdebc491b931f9690be6,0xf00dbd2293c4bd419061253ff6f63f3c2a7e06ee,52336159,1791461665,0xf3b77352f7ee4ab6fc1015a47d2f861383c9cbc281ec9a75f74c4a7de138d6cb
0x74a7f951b2c4d5e65c29e6f4b1fef92e6ac6c8eb,0x35bf5043e2b386f266c740100468481002bb25d2,52336179,1791461705,0xb0e647b0cb2589e7ef378e9233a015b0cc8e66913c1c2caad3f5a74544e1fd11
0x172f5215f0163c61ba3b41caa5afc4d4064b2e95,0x0dca33ffd6e69b47280f50442b5ebc722215ad1c,52336180,1791461707,0xf7d22259847be6fb858d2fa85d828e8441a80e1249031c776837359863d66447
0x2c7d9428d79aa25e3150aa49eda3a8c5ab239e40,0x0dca33ffd6e69b47280f50442b5ebc722215ad1c,52336182,1791461711,0x0fe2c3febad031d85ddd6806c672a0c28e0f4076fc2044962863ef36509aedc7
0x9230e6b846ef61f830a955d73e7a86a9966ed4d4,0xb411aa6a1f60b780f0d7d631cfa5fd622070c027,52336183,1791461713,0xb550bf8de649c1acdebfde6d6d40aaed7cb8f7934ce2bdc15b47fb8faf407f2a
0x3808aa0095c882e988b5ba2c2d100abdd9733fd9,0xb411aa6a1f60b780f0d7d631cfa5fd622070c027,52336184,1791461715,0x42751a87db5da7dc4b38787cb643afc0d11a4ff43075fe4eefc0210333f2a2c5
0x5913fbd742852ad336a2539552376ab7b327de5d,0xe4aeb0ae7c1209a4a6816d7361635f626347daf2,52336190,1791461727,0xf8d7339149cb4d00f7b42a296084b1097b875946a513f9135112673946a9857d
0x3ca6b26f60df3dcd4685e03bc90dabdf660d8c97,0x0dca33ffd6e69b47280f50442b5ebc722215ad1c,52336191,1791461729,0x57744b05200d7172923eb0b28ce92bdd588dc33bf1049ae681bde2500a2e6e86
0x038723f17c8cbc1829b18ed8e7ba08113294c116,0x0dca33ffd6e69b47280f50442b5ebc722215ad1c,52336193,1791461733,0xd96b6cca3a41792fe41eb8a0e19cc5504c298b3fe0ef0c0ed0bbdf623e89266f
0xcad8d7899430931484e82004ad12dff86fe8b910,0x0dca33ffd6e69b47280f50442b5ebc722215ad1c,52336206,1791461759,0x99103c040e8fa94600f61eefcb3ba01746f97e9fc071efd8c3aeef31f59f48ff
0x83bb8ef78c185cee2dbb0b223ad021b7e6ee11f8,0x36d7098930443195370cdcd4e9d15622908d9997,52336214,1791461775,0xbd15d917978063d92f2ac6ccb4ed97a271de9f5f261f15643807a0ef43b8f747
0x8c08c310dee2a9b41dd6980769af482f5ac85d23,0x4972c6be4e9d2806baeb7b04e34cdfe4635d958b,52336224,1791461795,0xa9bff55388b251b523700ed3e9eb862f0b34ab2d826c49b3818828ac654a7bc9
0xc195dc923fc29149103f584b984221d00f879a00,0x9d6103e16fe4bf5e0f821643da1220c19615245a,52336228,1791461803,0x3048e86e95bc59ca3391fd0c97583758836293e5f50307545325aaccb493e38b
0x7639304023a79b0feba7a2c62d83c07605d37d7d,0x0dca33ffd6e69b47280f50442b5ebc722215ad1c,52336233,1791461813,0xc0a800cce37438d9653708d48da56f72f31c67f30a3604ed7eeb6abd457c1add
0xa95945242d2843dde3b1e776bc7db31947290b3b,0xb3a29e6bee26663772e4d9d38b453a5add44433e,52336235,1791461817,0x683db7bf11d165d0a121205a9ffba8956851771f894803730c086b03582fd1a0
0x26e0171c12461b52070670191685fe6d020ab159,0x0dca33ffd6e69b47280f50442b5ebc722215ad1c,52336247,1791461841,0x4c58431cf144d6c52af2201197713b68a0e9bef7b14b0b5f90626c62169cbfc6
0x93e799615b08d51aaacf58d3c92375699b4b6d31,0xa5114b61b7885d6ed58b6be3bddf0e7bca2b147e,52336248,1791461843,0xfdf4f3180f8c5567c721256cf05cf7806c81d396e13e652e014f6f2ebfa98116
0xe3484b424ea5b5a0e472918be029ec1ef52ac9df,0x59c1c9d6ffed68e3bda7f686730bd0d25e49ad42,52336250,1791461847,0xd95e6cac09da1b26801d4a991571e4808c26c1d8d963cfea460955e0ac08161e
0xd0e03a589f243822a3ccb6cd41cdaf48e1c6f43f,0x36859373a327612aa8979b1230157c6691977599,52336254,1791461855,0xd931ee756d6215d20ef67b04244bd1dc549f696862e4a201811e1639eea40eee
0x7117232f0eb4dc262ef201e2c3f7201007ad30d4,0x36859373a327612aa8979b1230157c6691977599,52336255,1791461857,0x2ebdec8c5290c822baa1863090aa1f0cbe8dad87cf50344b659ec17b76333e70
0xf54ca1d8c1662b7d74d18f039d43e4edfe9ba7d9,0x38e700cbfe1594687c0b6eb70cdd1f9bd07ecd20,52336276,1791461899,0x26169dc227e794acae1bf8db829de8d143b8d8968b76b6d240a0e86521bfb9e9
0xc245596d16e81ed535329c123081cf293529a1c8,0x38e700cbfe1594687c0b6eb70cdd1f9bd07ecd20,52336281,1791461909,0xc1dc610db9fe4966ad631d4115e75ecb5fa49dfec627c23c47ce0a9db7fbc201
0xe4ec914d3e2c7bfb8979566e046675291ac43d8c,0xfb11c2e9bb55905ce542f4ac94ec74980dc31148,52336288,1791461923,0x8c083964da5f32bb872c0478d9b43b0880c7baa71da8e47092c7bf1b91eb2b04
0x1157e572ab90bc03a707f32e263d9577957cccc0,0xabda452a8fc837999ed19a707d17c63e7959cc13,52336297,1791461941,0xa130afce380270fcf559984b18711049242741ded1bced1b571255e4b46cb143
0x365fc034a6072382a2ce7a94a42aeea989bff396,0xb2a8c0b8a3e36ffe97e14f67eb6318f45aab5bdf,52336331,1791462009,0xcc8f1a900cdadb37eaf50cb4df035b9f17f04c39e7cfd5303b4e65e6fe1b392f
0x1c05f69c8e29c54b04121c82b5dcd41d7909ad00,0x4b0e36769eae8e0409f65126c6a06228dd64b648,52336347,1791462041,0x0886d3642a6fcd27709518a86b169f2ed1eb4982ab7a4e294c22800c3ed43d4a
0x2582d0b3b623da1423e221ba29ff9d0e65ab3ad6,0x4b0e36769eae8e0409f65126c6a06228dd64b648,52336348,1791462043,0x92e82df9ec6d210cfffc65a7b157c4ea1962be15d29efdc413299a061859bbc9
0x950dda3231664f41f63cde608654de60262a37ce,0x0dca33ffd6e69b47280f50442b5ebc722215ad1c,52336351,1791462049,0xc7dce65b78221dc7b337e1c04182a32d8cb0f2981f6c7f32e0bf97254f6d64b2
0x1d6ec606c63ff7d4756e82652f94f9c16656edc1,0x4b0e36769eae8e0409f65126c6a06228dd64b648,52336352,1791462051,0x1fc14049a3ecd1665b9ad5d0163d21660275f464c35c525a494e2eb3033e0354
0x54a2a97751ce5ba0e15aa1af43bce0929d54823b,0x0dca33ffd6e69b47280f50442b5ebc722215ad1c,52336353,1791462053,0xc3b6a74b052fa62137f417a796132d70afa800676fbf6547b786d2d8a4e3fd7c
0x97fcbd680fc471fe6c312c5eb2f7b26642e82a99,0x0dca33ffd6e69b47280f50442b5ebc722215ad1c,52336355,1791462057,0xaf8bc6a6464731ef1df7027fe7cb5ac4f075606244b4d06914bb4686df69f8df
0xba09483b70d86620b46e38b7e2786f55fe4f681c,0x0dca33ffd6e69b47280f50442b5ebc722215ad1c,52336356,1791462059,0x57b129ea10712cfac1fe8e21e41f90a68f69e933e587aba4bdb1d6861ad9b4ad
0x9e86567c860746ecac3ec273d6f643091ed1c85d,0x4b0e36769eae8e0409f65126c6a06228dd64b648,52336357,1791462061,0x540f9514fc6b32e9a34ca1418e11f002668e2c67d5fa3baea57de776635faaa5
0xf8d91b9e2c4a3777898ae6e1f76501544d3d92ac,0x89f3bb306df1bea2940438e7356e70ff606ecfca,52336363,1791462073,0x6bc8965675483bf7ffe8dcc8f56b80793d0af0cb67b3e61374d38546ffc9c905
0xa061ce0a6995eeb71feb0ea8dcd686bf938c0a27,0x44d515aecff88cd6da63f704188e596c62fab680,52336369,1791462085,0x42687a11c2086b56837fa4a098ef72aacf4d6aa51395b389613da5ff506a2231
0x28449669ecf4a25bb3521045ae23e324bf117db3,0x0dca33ffd6e69b47280f50442b5ebc722215ad1c,52336395,1791462137,0xed92454f718f2f7870f032729bc0c952133a2ce2d2f96b5a5fc2a79f26b943a4
0x2208581a498763cdf413ddec6383ed71f08df735,0x0dca33ffd6e69b47280f50442b5ebc722215ad1c,52336396,1791462139,0x3329c5a130b6951eb79a03b2537b6c3beaaf987a30bc951e104e8bfea093930d
0xcfe8d8dae46248a88027adcaa86725d7e81867e0,0x6de29a08422fbb71ba1d5852d84b6bf815b7cd5f,52336401,1791462149,0x49bc09e5f8abb07ac92a05eca304d520cf115f9f633cd294644f62df2cc40a84
0x1b398f0b8b581aea70fd4c182b67973dd80c5fe9,0x89f3bb306df1bea2940438e7356e70ff606ecfca,52336410,1791462167,0xefbd94fd49bddb8583eda02db7598c313f66a1d057d9a32c7c77016cce0d7b45
0x5249ce2d8c158ac356aa26aa761064f6863cb8dc,0x6de29a08422fbb71ba1d5852d84b6bf815b7cd5f,52336420,1791462187,0xd174192c6b12930e1ecb26490c0bf0f1b3efcafeb3df8ae5bd25d48a8d525b6e
0x7c78dc3e44a8b4f7b4462823af856270e99ad314,0x784592e3c52f3dc69bc3214c6ab9cd1dcc35bac0,52336426,1791462199,0xbfe39fe8cce5b5147ed9a67449a5fdd2d79a0362d2f0f457daa1ea97af1ea902
0xa27088b8976c1713b2f91a96dcb52513dde40ccc,0x0dca33ffd6e69b47280f50442b5ebc722215ad1c,52336429,1791462205,0x9015b641f486a323376253d5e77d7b59bf8a457c1280357838ef8d9fbecef516
0xe5851f30ddbfbe06e1c25672fc75b8c5dc6c9040,0x0dca33ffd6e69b47280f50442b5ebc722215ad1c,52336432,1791462211,0x7ea082feba2e8559115e6f97a78864c9689812af5a45e365efe8f4520c3962a7
0xea3e4a557567a2c3c4dab946adb2054ca534cc9b,0x407d0f150b6976d6bb93a7567184da82561948a3,52336438,1791462223,0x459917f1eca9e8cbd8a0964e80469f4ba295bc3273209d46a657848e45be5a9d
0x75395791b6c64726bc8b534264ec515cc35fdc90,0x407d0f150b6976d6bb93a7567184da82561948a3,52336439,1791462225,0xf0d024c6d01ffa0fcbebdb2a61ce5a5660f9bf90823154581321281a0f5bf72f
0xa1541bc234879780b36264603db38a7251982f03,0x3ff3fab79ba96ff197a28581ca816f999f45ab7d,52336459,1791462265,0x622d13ee292b45a619a19ac14c3f1fc8bdd8e65a4769dab930a56e27d125790e
0xca94ac3f1230943655cbac2f425c4bd676f62560,0x3ff3fab79ba96ff197a28581ca816f999f45ab7d,52336460,1791462267,0xf9d252bb397b587ae16b18cece782985f1e49e9862fe10a88654be8363fd3da4
0x2f6c27e16024225bb408fad3cb9e23921c7a36af,0x3d454927e82c586e8c0e8f8db2f9e4486032c2f2,52336475,1791462297,0xa50cd7d6c14c07ec3d09daf25853795b2552f805f4a8484f1512aa1b726c2e67
0xa9ee78e56c5f225493599bf0a532d83b3b0849f9,0x0dca33ffd6e69b47280f50442b5ebc722215ad1c,52336480,1791462307,0xb9f555f8dc96a0e3fc39ccbbb17967d5bff485641b48c23e71839b4388b65ac1
0x31613377511d9cdd314ec6821a481a17f592a093,0x53361140138c08cdf52d22f834a11f8799a6dc28,52336482,1791462311,0x7396f513e6505673498d267743c7229122907218c19c3b27df95c57c9acadd70
0x52bf008b21344d0935d01a505ee641595201799c,0x701383b54c0c26cff80d1e73a35aac9598e2d325,52336496,1791462339,0x106b761718b61bd0fca0dd20dabee91182ab944c0eb05c46572a3b50305f74d7
0x79b5232eb3649daf0616bcb954154e43fe3dbaa4,0xf00dbd2293c4bd419061253ff6f63f3c2a7e06ee,52336504,1791462355,0x53197448daa3f3f11d613f85e8dcb1707b418e4385cb2ff3c48cf8379f779c0c
0x26f9d590225f0967f4d778daf5a4dcd01cb4e326,0x0dca33ffd6e69b47280f50442b5ebc722215ad1c,52336507,1791462361,0x5b4d42c12c28807f7887d4de3fb0464170cbb74f5099bf8cb73f40da51bf02e0
0x3e4239c1ab631469e9fc3f87cf3e02c7efdc3f47,0xdd03f54648ec2b05cbbd6eadd432ad46786ff3fc,52336512,1791462371,0x71a08977c5c6b5ea9cd293db57f0718fc884158d80736f0934971bfb4b082a4b
0x6792e7c4ded6564f15828f3a9c01c179bc6d1ab7,0x889b5910ae883740b4517f82be62e2f62775cef9,52336526,1791462399,0xb486f42a7b6295700bf38cd559cf5e565cd7c7e70c1b1fa4df62c9178eed34b1
0x1f40a70985dc8a342764efb603ef2f0668df4e47,0x0dca33ffd6e69b47280f50442b5ebc722215ad1c,52336529,1791462405,0x10d68420c687e147d227b5d0a9d5df3c5302a80598bfb060573f67f5c564c690
0x0064937fbb7eef89050fa294e85fc88eb66d2fba,0x0dca33ffd6e69b47280f50442b5ebc722215ad1c,52336536,1791462419,0xffc152994069e83e96bfbc0bfd9aef203f8a9afa810a5b2a9d8817282b0c8c72
0x4258883e6d0d8233e880405f101218072b18fe2a,0x008d2c8e1fd92426ee463f2455de951e47c7eabf,52336536,1791462419,0x81f7911a87e6f3b481cda96ec5e2918fee41d3f249c8ce5fc4daa47c2469d261
0x778d3d799cfa9776023a5871f06c57de3d09b5d7,0x03d0c99effc35ea61e7858ed873000a3300ea883,52336540,1791462427,0xaefd8e24a1ee4d351df7a64be566edfb5e976bd85f20c5eab553b8b3b840c8de
0x9a7ec5b43f97d4e6a6fab5858f6a1b52cfc4284e,0xe04dca323eea7a0c98be36092554450c67d43ed0,52336542,1791462431,0x168499c0edfeb88bf7ccf648c6b995b0bd64aee0fa109fae302d20f4648708ed
0x545354bc8bd894edca9f56bcc3e555161d1ddc7c,0x0dca33ffd6e69b47280f50442b5ebc722215ad1c,52336543,1791462433,0x46b9a393113bcfead9a8265c40d72d0bb18f22787abdc8636407c34b3332e685
0xe75862c000cff25df0976531d4c07b916a3f7bc7,0x0dca33ffd6e69b47280f50442b5ebc722215ad1c,52336544,1791462435,0x54c56311a3a9f31ab7bc1e962dd14a61efb56d36073025b243cd411c758ebb37
0xbaac66109d090b342bcf8db136628de24568e556,0xe04dca323eea7a0c98be36092554450c67d43ed0,52336546,1791462439,0xf0dfc8df16b2dabc48d3ad3155edcba76bb45d00b1d616479946330e1b67a4d1
0x30d5b8f6d29418024a78169856d2260508475301,0xd88b5157e9eb8cf1d76189b0abf5241accbce50c,52336547,1791462441,0x7328a0567ddd1ae362f81a1ae0a78d5b9408a46f949a193bb78cd724606a67ec
0x94b10652ec66dff27d28470bf2765d14ece0b999,0xd88b5157e9eb8cf1d76189b0abf5241accbce50c,52336548,1791462443,0x07188a4b983fa3358dacb331239174d7692add936b3501ad357cbf5f3ff9b20e
0xc9bb948488229a07a4cb22ae5a9e7b912fa925f0,0x0dca33ffd6e69b47280f50442b5ebc722215ad1c,52336550,1791462447,0x7fc4c896f2d366072a857df782e3f90593ba8e84af53d46dc374014b1005c2f3
0x4a1af225c5aee825895ae7072e4dd207f811872c,0x0dca33ffd6e69b47280f50442b5ebc722215ad1c,52336557,1791462461,0x3bd5d99c54792ac9d454d9767b0a6df4dc1739a1f9318f7e84aed77eec545fa7
0x7582e7ee929d51099b6eae11404b053fc381ad60,0xf6808dd56ca6fd9fe9deb2820229e334e13e52f3,52336559,1791462465,0x417747e32a15c7b219e251776f34ac881e502d5c8dc75fcbda5939e93c798d5e
0x422009104d8603d65c67d48dd0ce4d17578b56d1,0x0dca33ffd6e69b47280f50442b5ebc722215ad1c,52336561,1791462469,0x32f18786eee7c5ffa86b2a8472b7f04d39116830e68c0d79ac4158eb21cfacde
0x395bb4fc76c807eabef4f4c6da7d27132ede3025,0x0dca33ffd6e69b47280f50442b5ebc722215ad1c,52336562,1791462471,0xd79de9f54f671e71b0e35365bec97b98b9aca7e699763845921e64e75a0e68e1
0x731d1d55e234e8fc0fda979a156e07dc67a64f8c,0x0dca33ffd6e69b47280f50442b5ebc722215ad1c,52336563,1791462473,0xe0f2d9631bb1254c7fa6690f54b178cddd02398863008323fde0bb353957ac66
0x9e1c7fb0b4da37838a8d21585c2a45a8bf5f0e6c,0x0dca33ffd6e69b47280f50442b5ebc722215ad1c,52336564,1791462475,0x8ebbef32b4921e0bf7cb9f5f14ab565b7ad8db00fa7ee4e40f96e2a9f72f7f01
0x15760d38beaef947a18f55c25747cf89b4f1a313,0x0dca33ffd6e69b47280f50442b5ebc722215ad1c,52336567,1791462481,0x103243b544ba22e10c8df67bb31288969ba4312b570806898e1c46d35c3aa531
0x71f170236c8bbfde0185460823dc08ef1cbb749a,0x4b0e36769eae8e0409f65126c6a06228dd64b648,52336578,1791462503,0x848c24ab5659d438fd980d5e5aae85632e8f1261cf7134a44a1a011096e42043
0x3cf43544ec7f58e81aac38af3a949c35232ad398,0x4b0e36769eae8e0409f65126c6a06228dd64b648,52336581,1791462509,0xd7d787b835f2b7ff95e8a8cf029feff15099e23db7597078447fb961af172c27
0xe70b4783b038a73b6fa3e1a74b046c6b6fea7c26,0x59c3097d63b241572a7f1fa3c12737f236b58a8e,52336583,1791462513,0xc2789ca2a6cf08674ef77e871c0bc1e71c1148b7665e947c70d78c8d45c0b0b0
0xfba2c264d69bfa3f305b2b91eaaeb148ce2e920d,0x4b0e36769eae8e0409f65126c6a06228dd64b648,52336586,1791462519,0xab68200064267168f9d3ceed2edd0ac521794d07124ffdfade0dc3e97bb702f2
0x9e5c39f176ef244222f9a699837f746f7f1eff03,0x4427da6c1da8a68a8b67dde1fb40b381df1497b6,52336587,1791462521,0xa6f05876ee06278e0a0e08239456f44b38d242a1c78002c304910d5967ae60f7
0x72f087a0a847233c07b6bf930630b9065aa2d038,0x510b609bd7088cdb146dbceeaa0c1819c26859b4,52336596,1791462539,0x48764114bf6ed100052bdca16b86ca89f64c50780adf6313de6ed572c38efefa
0xef18b9b4da353c9e197467b3cb8e16f9553259c0,0x8271592e5ef9860cd2f7e955024e18c11df70c88,52336598,1791462543,0x0ac2ae01a30374c669a3e3bb1867d66d12bea04e53dda0ef22d3cf41b9a7201c
0x58318fd8ee70768e733ef43709783984986fafe9,0x4ba1db4b326119d641343ad0a487ee0d083f95f9,52336601,1791462549,0xbabfcb216ed073a00d59b3ebcf0646d9fc1adcd1b1086722a137e81ed59ad224
0x7c51ccac913a4079fd255a8d303f300a414a402e,0x64b4ddb783d543c6b82dfcb97d3f5ac38627c081,52336603,1791462553,0xfdf3a651fb37420a6d80d4b93e8a3a7bde5b0285e8a8e57ba6565535f3c89e71
0xcb83457f4f0fe790268f969e4d90aab8ee617379,0xca8095e1e138215a31c67811aa6be0d73b5c157e,52336605,1791462557,0xa57054ee36f5596c4b03f605307850f47013584b44aa0d0a18fb50cbca1769a7
0x7e48e84af2cf4746eabafa3c950c00733b545339,0xb9eb8717535e7960757234f036f8428e59fc0969,52336607,1791462561,0x60a0ef45e7a5a203d090ef4b50c2508962bc6cfbca24fca5145df9bdbb4807d3
0xa3d3a17ad74a2efa52df3d20d345f6dfbc0af862,0x3cb11807c6332cd81e0a3b2a566be3a8aefa2e6c,52336608,1791462563,0xacd00c129f7450401acce1ad155df8dda0a2423fde2a72ce86471536407303be
0x3d6e5e8c52e5ebc6fb1a899ea3008d02d98d3127,0x0d841191df7e7a858dc8b7a59f6aa7822fa7f92e,52336618,1791462583,0x233b15dfa6de7b3d76e436c819946c03d329c19af9cfa2cecad4436b1546ea06
0x82229c2766b7f57ac0e95d87a1e636cecf37df25,0x0d841191df7e7a858dc8b7a59f6aa7822fa7f92e,52336619,1791462585,0xad13150b446dc3b1de55f7177c5b49f0b6c542d81d10e87c891ebbc96b7abc51
0x1c38642ea3c1b73453d7822f8fdbd559f3dec937,0x0ce917fa5c2566b7c80eb3a417200bd04f271459,52336623,1791462593,0x4e462ff0842b85dd2cb16027a2939b272551ec51cd740c8b12a540b14b4c1df8
0x1fbac191f1beafeb71bac4814d7104ad06cdee3c,0x0dca33ffd6e69b47280f50442b5ebc722215ad1c,52336632,1791462611,0x9329dc58b4b7f7b9fb7b8130b46113e54cb8536ea8f2dcef02044e58d811b4ef
0x95fe448d81ad7034ef3f37734f4db8805e81a56e,0x0dca33ffd6e69b47280f50442b5ebc722215ad1c,52336634,1791462615,0x3a8866ca1fb235174bd2f631cd6b0458527d1a2b261aef07c1bddf3f9da5c3da
0x069b9226e9721cf9fdbd206c6ba310a33e0cc2ec,0x059c70ad8ebbc0959cf3803c56da20b2dba2f82c,52336636,1791462619,0x99489ec254aa5f9ec3e8b8689268d93d2f31b01a5257c5b223626c4bc5e14a50
0x4fd3603938a23596b1aca2e9ce3a0c64dd4ed8f3,0x0dca33ffd6e69b47280f50442b5ebc722215ad1c,52336643,1791462633,0xbe988391c56398315ac9ee733554df17b751f478396f59b903c55bc87a4cbe3a
0x491240f3ea33243011326323bc1b1c7f782ed395,0x0dca33ffd6e69b47280f50442b5ebc722215ad1c,52336645,1791462637,0x0ad623ea4434797619d8c8370443963a4ca71f1fc8b501ec28c4d1b8eaf15e78
0xdc4d2fe86be1348fa0556311870e829f28bfab53,0x0dca33ffd6e69b47280f50442b5ebc722215ad1c,52336658,1791462663,0x408f91854dbe9c64f246ecb5ac7328bb538bab53109db41d8e3846f31f9bce1b
0x08b8aadfc85440fa3c8f5c2990cfddea6d68cdc9,0x0dca33ffd6e69b47280f50442b5ebc722215ad1c,52336684,1791462715,0xd3722a261e805e4c0ad98b4b60a80eb1cf30ffc9425720ff181290155c855ef9
0x56915af9674874c07eef7d8792142183794679ca,0x63ba715c13dda37bbeee11fa3237263d344be34d,52336698,1791462743,0x7b3d8877823cd061ec7ad87e95c8bd14f04156575bfefd318bce13e9ac599591
0x964e7b18c7431413c7e70ef83b8cda45f009a9c9,0xfedba4535f1dcfca59564a08cd235790e0b43e51,52336698,1791462743,0xdd81ad5b5796c4ec5b2475dfe41108510adefcd7edb74d2a9529152e64bd7958
0x24aef2cf229a9fce8028d5f1e8fb59d67b7f8b58,0x0dca33ffd6e69b47280f50442b5ebc722215ad1c,52336699,1791462745,0x8acd48f75fcb71b3158480d1165644efeeee2db492d0417ba330e8acddeae73e
0x9b1c7fdae3ea7668e6d8b14f2d1d93ec3cf3d485,0xdc5c4fa48a3d345fca506fe4e1a7c58c3cea00e1,52336700,1791462747,0xb21f8701b21d29ade47203ac3ead62fff1d5f7586486660863311cea4d48abcf
0xa568b8b98155be5739ebdbfec31349d27af37c6a,0x63ba715c13dda37bbeee11fa3237263d344be34d,52336716,1791462779,0x93eb93efa3141e9b680294742be2fa3e84ae45056308ab2851e493e987cbf921
0x7a2448df8dc3d51e036393f1730ac665e850e52d,0xf4b9ebab6d0df4f7125b18258cdab550f53a52d4,52336721,1791462789,0x28e1079f3db952667edc61af431022e4ae56b41be5f4d53dd9f0658c7236c2f4
0xf207c5d804b8e689d91cb0e3daf60fc629132090,0xcaa7304420c864eb4fd45febfb9ff5cb6987dc7c,52336725,1791462797,0x531a1a4974d0e3c44b0d2d78603b60239702c8f7d4f699c33e256147660e1998
0xd74e122cd112666339754b0374c29502213f9dd0,0x43b2f01186fda9814c5f40770554ac68fd8304bd,52336729,1791462805,0xcd45c236e2ab84e8b25e08df1a6db2d694f21501280429fe606e7ee44ff65d1d
0xd56aa70693d8f89fb645ab07bc58d8e0e2a9aeda,0xcc72ffa1f471360dc6964fe6b9e2907d7ca55c28,52336732,1791462811,0x9e14af47232a37db190a088ac3f533bd7dc783d07146cbe465a4faf44b48a761
0x20920f704c17f635c3ba3d41b3de7efe0ba30670,0x560e9e12c91a7fb8560db52679ec9cb0006ace14,52336736,1791462819,0xb64dd5d1673439d3d2c1c6a61458fafca6e131674f2cfa262073a387409792e6
0x53e48045f77ed4e87d860b21fd52ee6a044a8d19,0x43b2f01186fda9814c5f40770554ac68fd8304bd,52336746,1791462839,0x34b9563876a33e63c53de7a70e1d1e456521fe494bffe0eaea5c2d1736417038
0x17bfb14bef4e72bfe50c85cb16879f9de8e275c0,0xb5c0a389e1081d53d6974b52fee7e3682faf4a18,52336748,1791462843,0x5729d611bfb708b9174e6b1eddda15f56eacf25fd63245645171a534b8f0fecf
0x143071fd41ac28b838384859832ce4a6f0c5c5ee,0x4c807fb35d0939efff1bb0915abfb4274efca309,52336760,1791462867,0x7b0b805ce90c72cb28cf449d052e36753b360b90c78f685cb25e9ad4d5ba2727
0xce9508862737e317b3d7df88c0f5f984af41cab1,0x43b2f01186fda9814c5f40770554ac68fd8304bd,52336764,1791462875,0x7abd080d965a22379a0b91ce73337a8ab28595a8c81f7766890de3e1a6584a56
0xc2ad004264480b145f9e21cd2241c6c7cca5fbed,0x4c807fb35d0939efff1bb0915abfb4274efca309,52336767,1791462881,0x5c1af865c7e52005909592d6ce5535814134a2b8457b278500a16132df4f794a
0x5a1861a247c9f0633a9dfe29508b1d207bd6ec57,0xdb4524b0ef79f90da8736080ed8318668848c937,52336772,1791462891,0x6fdecef9d439c808e69f3f27fc1f2ed6c830aa3207e4ad9553004ea2796088f3
0x9d6499acdaa0909fd7615a91f504a99e14e8cb41,0x4c807fb35d0939efff1bb0915abfb4274efca309,52336775,1791462897,0x051a6db2f09dcf8048c986d01e9cbbe7f5203dd47551ffc19543bc8f577e988d
0x866beeca78cf3992302838fa7c06551722d646e1,0x0dca33ffd6e69b47280f50442b5ebc722215ad1c,52336780,1791462907,0xc80988d0b1d116696368503aaf46f938f49c01fedbc2993acfecfd7b53c75e4c
0x1f15eca36f6c70a83db38d74465e082fb3c80156,0x0dca33ffd6e69b47280f50442b5ebc722215ad1c,52336784,1791462915,0x1a84365089c032a3c0317762adb052bcac6530a7de495151fb4b75bd86682c41
0xe54e48245e9c1ead98a9082571f7cecdcfef1444,0x0dca33ffd6e69b47280f50442b5ebc722215ad1c,52336785,1791462917,0xa9f30eeee0ab058ab0e37eb8f1cd7bff8ada8a6e83cdb7bb57a7bfda0f3cff84
0xd7f6d6b3333a5a1e816c13dabf350928a9d531db,0x0dca33ffd6e69b47280f50442b5ebc722215ad1c,52336786,1791462919,0x03132918df28c93d2bf77c21db8baed2148ba485d2d4cd2c77282fb3972e24c0
0xe3d63b2b014d1b324761248e9e5608b37cec9d8b,0x0dca33ffd6e69b47280f50442b5ebc722215ad1c,52336787,1791462921,0x793625018e05c87b3dd0bead6015d5a12adc3228d031bab76c992610eb9c31b7
0x7529dc9b4b4b80d224c9d402a85f09d4ba2757c6,0x4d12d2eb0f730582accce26b48ecfc8a47efeff6,52336794,1791462935,0xad9184262085e87ddeb4f990031b88d2e82f655d6eafe8ec604d1e4ade1db7f6
0x7bd5ca1cbae0e97e12e18977328fbe9129720476,0x0dca33ffd6e69b47280f50442b5ebc722215ad1c,52336803,1791462953,0x7cb7b939f2a1a04861e96594c196eb7dacc92a1c0ff56f286dbe6987865cb163
0x8279b8ab5bea4132c102085bd164d547b898d0d1,0x36f36552d6f83ea525ee4dc7e427dd20913aa077,52336803,1791462953,0x2411623bd8eb124146d4897630394f173d257491a7e2c64975a185fc1eb50c87
0x894db97d27b506b2edb93db76380c10eea0c4dcd,0x36f36552d6f83ea525ee4dc7e427dd20913aa077,52336804,1791462955,0x875f1c2ff8163e8414ae5b1b0dad05ff4189acba9dd3eb977020c36e3456eaba
0xe9f49f4da059e9680d45eab49dcb279a566afbde,0x0dca33ffd6e69b47280f50442b5ebc722215ad1c,52336805,1791462957,0xdcf445d32668f3df2526451115675f709b4aff46298167c4f5d5637090afd073
0xf0148541b6cef4d8b1ace554c0dc9e064dd55b3a,0x0dca33ffd6e69b47280f50442b5ebc722215ad1c,52336807,1791462961,0x58b5e64a52bf66049c28a7a68778a66eaa794c8cded34cad9d6e68cd94804706
0xd0170235f25b41b3c4b61c9e3c7bb36ce25a555e,0x4cdb31f6a03e1779fce63f14f7c362567e17c978,52336817,1791462981,0x0f1fd290eeacb340b30d240d262d5f5dd8a59034db22e98f97ed6712a4caf8ad
0x8aa4e4a923cca2f31be5cc0aad6de80b8c53f1cf,0x2e8b84c9984571c8309b232085239f1efe84b16b,52336823,1791462993,0x5a91ffdd335a2c06316c107b282d75daffc64a0f65534d39c57824b26456647d
0x93ec57c2ad626329b6366a7f18df35078aabf9ef,0x2e8b84c9984571c8309b232085239f1efe84b16b,52336823,1791462993,0x48b65af021a05dfd94fc0c895bcd91e790e8c9b54ca1fc520e091e67cd42edbf
0x93471190a8c0f7cc9cbc938884d2d9f04a897a70,0xf9dc30173d15e44390f5ba10060e4bc593195011,52336832,1791463011,0x80f881d2072d559c0c818d0e5491933065d81c47cf3841240106209684230d2e
0xac0bbc1068e225b691336f5f9c9c667a83f00ee8,0x0dca33ffd6e69b47280f50442b5ebc722215ad1c,52336847,1791463041,0xf92251f6edaa177386ecf5daf973314997312c0bea375a4da917b14a36321948
0x42085500547ead32a487df0ff9030d38cd2b8620,0x52b68ef969502de88f90c90a195108e9b44c2eaa,52336861,1791463069,0xb292a3fdb5621fb699e59379ea0c045a7cac542b72e72edb7516ba0f6a562358
0x8bee0192707d9a4bd2aa92d5db8c081710633c9c,0xf157a74ebcf858a387951b530f0f46b48c07abe9,52336866,1791463079,0x6ac29862f2718214e95d7cae9331d24643e1f214dda860876937b2fae9639fc1
0x5020bf1431919182e1d3344cb4607d6ccba66379,0x43b2f01186fda9814c5f40770554ac68fd8304bd,52336867,1791463081,0x4f408d58da18f07bd37f394ef0ade719f429342a529ab2dc6314fb72e006ae2f
0xbd147f5b459876fc3a58f55118d4b65a6dd24fba,0x9bcd8076840378a6edffc97ed824621c48d9104a,52336873,1791463093,0x363fed43ddc669858eceb52690a1592354191e686e8bea6d5b5b438e0a64eea7
0x95d0209884f51b434bfe3d70c269f4def60e6dcf,0x0dca33ffd6e69b47280f50442b5ebc722215ad1c,52336881,1791463109,0x80aa0dd776a2bebf9286090b68875c7ac193de392683c8db21f6c1f7ce0850ec
0x3faae56eecfca59c5a3a362b6ab35cc7b6a3c200,0x2cd4faba4721ffc2a77f59cf0dde587b004d5431,52336882,1791463111,0xa953338250d5ac9afbe89cc7a92070bb0ca59c99e09c6a81e7c36ee9e6ac242c
0x909117050da61f3bad0cf5f66234436a755e770e,0x0dca33ffd6e69b47280f50442b5ebc722215ad1c,52336883,1791463113,0x1ab5346c13f9742aa60ab6304efe47cc70ae4bf1ef496cb6ec383f29e803e9d5
0xc269ea4765bd131387b17af6d79627d32524ed17,0x194019928c2b8a8dfead5f774f547fabc4f16580,52336890,1791463127,0xc6428d1d1a256c95049f08ff41eaa6e86984baa2c78eac303939febe5c249949
0x1e372ac9874b12ab9be4d18d4f43396cf553b822,0x0dca33ffd6e69b47280f50442b5ebc722215ad1c,52336897,1791463141,0xd28e25d36ebf1fb9ff1a1ce2c5b926275e6ba978464d87ec30c1d2f2919fbc4e
0xf7d1a3af7e9b06528f1b8f024cd54ddfb649a150,0x0dca33ffd6e69b47280f50442b5ebc722215ad1c,52336901,1791463149,0x8c9f0c64563a22cc39107f4f766d3e9f866d3c6984e896e32879a6e37277bf35
0x44dac86496dc8e5b4843c8c2ac2312eb4b897f24,0x0dca33ffd6e69b47280f50442b5ebc722215ad1c,52336902,1791463151,0x7fce6a5fdaa5904eb8f7ebe7fd9111a2bb8f1177f06e528f39d722c278ad389e
0x99a374d302a93376c0ef0e8969ab032347d2092c,0x0dca33ffd6e69b47280f50442b5ebc722215ad1c,52336903,1791463153,0x963cfee87ef30126747588dc78d3fc6ec2831c71dd3f34bec4ac5c2da0e8bef1
0x7b1ea3a5c2203e2ce1124de4b834225108072625,0x0dca33ffd6e69b47280f50442b5ebc722215ad1c,52336904,1791463155,0xdd2b56ba855011e90d18bc953fdcf8eadac7adb38e36b4ba4d596e10b2958fe1
0xf0c3bc9543d507b6fe4c00f5a777c83e77bbda0a,0x27895a8d7e6693f07aba97c418e47793f2c51d41,52336913,1791463173,0x532f1b14abc7d13539ff1a455ada94498cb3728dc119ba5320a6fd06ca11502f
0xc57280595850501127591b1c6f0f1ffbdb99c470,0x27895a8d7e6693f07aba97c418e47793f2c51d41,52336914,1791463175,0x1f4eda647123edd04d64545990969666f7bb911369ab4af162186ead029bd073
0xba182f8203e7ce91edd78cdfd789859555995e46,0xfb11c2e9bb55905ce542f4ac94ec74980dc31148,52336921,1791463189,0x88defa0c97ed1f0281b0e348d857235270ea1c7b9a47b24a70710696a0f55d86
0xca18449d3ab2689fb2ef1d86c80b6f6245d62ff9,0xf157a74ebcf858a387951b530f0f46b48c07abe9,52336924,1791463195,0x72070a07477026d6448a6c94293bfddfd74adc3902225884f3e8daf7e1522dab
0x63618351b652c56da1e1441c8272e49711c5e352,0x0dca33ffd6e69b47280f50442b5ebc722215ad1c,52336932,1791463211,0x13d60528d95bbfdce07bb48f08c133aeb380b743e49e6150da5e8184f89a6757
0x0068e101d8c4457b41a4ee9c1b0ec354254e2e8e,0x0dca33ffd6e69b47280f50442b5ebc722215ad1c,52336953,1791463253,0x7e4dbf8481c8135885d78a45bb7ab255b5a0c47aef154e005b56e00de9fce724
0xb6ce0d1354563c20e5e114625e35013c369d1030,0x3e4cbf6341eb85af1f5eeb536257ee370cb4a76d,52336954,1791463255,0xabdaff1980bf8c10a0b8d35a440441bd09786285d95c0438d0ecd91a9d33a15b
0xa84a3c893aa71401ac4b35db7494417141ba814d,0x0dca33ffd6e69b47280f50442b5ebc722215ad1c,52336957,1791463261,0xe66315ae642fb427503dcf8148ef001b25ef7e28d9286339737b154eac130e00
0x7e55533353df60514570f0366f76476445901ac8,0x0dca33ffd6e69b47280f50442b5ebc722215ad1c,52336958,1791463263,0x360bae6b9a5ba60a13f285e36458f679fa338eb4488b5db1917717f557ad4d43
0xaf8714d6d5b8c5c22fdc500c7b9e51c16702a869,0x6525dbf2671703b92fc9b52efa79624e3429ff04,52336959,1791463265,0x8dcc1fc6b0a1ea3a8e5b03a6775f341172ec7ba862602c57879c65ea9f1ef05f
0x166e8c99e6de357a83718318e882c7897d4de04c,0x0dca33ffd6e69b47280f50442b5ebc722215ad1c,52336960,1791463267,0xe1b174d1fcb856dbe3ecad5aa2726954853c531ae7847336446da0da85cc885c
0x62a931f20c73d555f8e1a671d9f2d4b51347d3af,0x0dca33ffd6e69b47280f50442b5ebc722215ad1c,52336966,1791463279,0x7e4db03d148e09d562259fc950217ad75b4d4983bba1e9af8432a796faf94443
0xa7fc41ed344867640435b56f6659fb49940375e6,0x0dca33ffd6e69b47280f50442b5ebc722215ad1c,52336967,1791463281,0xe5bf5c292d2152d6894c50248dd10fb08cd4ce59845a17b8813b228b5dcc5ef6
0xf945a3bba1131ea4e2a2396d4b202aca96c0de95,0x74058884d124a47a9ee0c69c7b33599181319c35,52336971,1791463289,0x40f831bf4e8b73cf59c3576c170d655d80b679162402e83515153e783b182e6d
0xc3981dbd31a67a7cc7c42bf7ac9acbb4b484b0d3,0x595b43f8a4fd6aec6849b64996ce1e008876450d,52336982,1791463311,0x48916ba3cbf5dc08ff03719ef0200a2d9b1efbd9de853be01f4d38d01d2c0bb0
0x58d5d592fa802525fa574f55ebbc3d1718ae9d1c,0x387527fda29b30a4c01ec66cf13df7ab2b430412,52336983,1791463313,0xde8709d00a404c7058fb912a9e0813b71fc1819ef4078f6444f3df8161b52ff4
0xcfc811a6018368a76273dfdc89c3ad22aad8f064,0x595b43f8a4fd6aec6849b64996ce1e008876450d,52336983,1791463313,0x52ea460231163601610731832380baf6fd1ec7e4bf23de76c898e0dd62ad08f8
0x7cbabb98bb26244096974ef95712e7b492769cf9,0x0dca33ffd6e69b47280f50442b5ebc722215ad1c,52337019,1791463385,0x705fd05f7a2295417fd3d590c82ac89410b4a9ecad48739b789d9d7f1667bbdf
0xcf83f07d8cb5d271d5d2904832d01a61c6cdd947,0x225d916e51669f77edeaf8c7d5dd64e58e5f2c48,52337025,1791463397,0x041d11f206b69298efc7484c513db8f7a21eba65cd19e6da4ec988c6c3ec6042
0x58b2cf35d12ec365b8bffb529355d594ab9e4a70,0x43b2f01186fda9814c5f40770554ac68fd8304bd,52337044,1791463435,0xf0060afdab619ab946512b4d56d95b4b42c05bd234a4bade521a26f155d4035a
0x8729145e28093172b3bb2718b4ea378789433e50,0xb09d92968172c172b4cbdf2fef1585ddba4b4b52,52337046,1791463439,0x10c03fb90080a45aaae169523ae6e8b8a36e9fe997851748617a0de884df15ab
0xb9276ffdf83e12d3df036fcf134354d670e44cf0,0x139accfcfdaf26177464163f71742379f4fb243c,52337051,1791463449,0xf264886d965d5bfc77897bffd798ca195619375b5a2a60a9d827332270a49181
0xa1d1b57622838eef8e649d86eeb1140886158c2d,0x27ccd459ca2c43a9af61329942c384cf586ee698,52337054,1791463455,0x8faaa7e20a5b83790c86cd8b9bbefff7a92023ea650fe1328203039506c226d7
0xd0c0cc2f98ac252aca18d892d233d07bd13d0afd,0x444a2a1e836eff1c33b93f00df0b71143f36014e,52337079,1791463505,0x43943c2efa6dd6b72508b8d28663929b2eba9b0f225dd18347d375f3c90507fd
0xd23c56be99986b262517fbf247102b215d32cbba,0x0dca33ffd6e69b47280f50442b5ebc722215ad1c,52337083,1791463513,0xc8dd23a4f5ba91175cf346c739100baa01e9d5a7fc6cab9e4f9dac65d60325d5
0x66948d2a3dc1b7d703b7b6ca73193755dd805861,0x0dca33ffd6e69b47280f50442b5ebc722215ad1c,52337085,1791463517,0xaaadd0114602177f66cddfe9d00ac9e0637ecdee6bd4590d79a7786ab816b138
0x55226da350c009c8d322201313856ea32f8e00bb,0x0dca33ffd6e69b47280f50442b5ebc722215ad1c,52337094,1791463535,0xc37845924c8a2b3e4918868ec8a450758b97d9b9894823f35e523f8302c36afe
0x8a317197018a5a04433a5d4787dac54d650fa088,0x0dca33ffd6e69b47280f50442b5ebc722215ad1c,52337096,1791463539,0xf206872d76d5dc0c6f4ece1acc70effc6d6c7d76c6382649d85d85193756fe6d
0xe9b6077b089d00dac2c047b2ff9b23543895df53,0xe6ef29e5fa0e8c769e5a34ee59ee426514430af0,52337096,1791463539,0xa469c5877b85215abd3233e5dad3b58b79345d90b7153a391abeadbbbfad45f7
0x9161d50a20ebcd0be050fc25bc93befeafc2aefd,0xd2afeb346f7799ea381db60b046c4c72b93de3ab,52337103,1791463553,0x12e8263ce8ab22ec818b0f7f5be6306906848622539ffb27c0630915a5e61ff2
0xe6356ce5ece8324c6b76e595c2c132f8bafd2b6a,0x0dca33ffd6e69b47280f50442b5ebc722215ad1c,52337109,1791463565,0xf9611b7e5b6e4e30e1225426f7eb3e554e255fbc4adbebeee104a8815ed7cbfd
0x1e44a995a000b4b6eaa44948f43c4db6d3f7e505,0xd1fb36b70df528181a5b4f485396371f54305b77,52337115,1791463577,0x1c7361ae6c30f8e5ff5c650f6fb8e24f7b03825c9053c792c74003fd558bcb49
0x2dcf137d6cca9213080706ebcd91fc59a01bc5ec,0xd1fb36b70df528181a5b4f485396371f54305b77,52337117,1791463581,0xd86f90bb84e5a3cfad2a2a9a56106cdfdd07ca80136ef4c179b371100b219497
0x831d68bd0c644237d29501e291a0896c5858797e,0x2be7d9ab72afe8b6a4a9e397e03a215b98938ce2,52337122,1791463591,0x47ac92b221f8cc1781f500b011a0a8ab37431203361cb870a258afe0593ca6bf
0xa085db876ab4a5191719fce94969d476a67d5526,0x0dca33ffd6e69b47280f50442b5ebc722215ad1c,52337135,1791463617,0x5efab526ba8003a73cde9fcc7bb7d5764a76ba30d12af8715386a1eee911f526
0x8b587eaad94e3530f3123b5b303e373f9db506ae,0x9bcd8076840378a6edffc97ed824621c48d9104a,52337138,1791463623,0xa29c26275c173dc751f3f7098a0163775ef45f8b0a26f2cd14fe8c78751ba41c
0x78ad0e7c762f97b141b3d8d11e9b79175780c489,0x870a0010c4c6b2f06bdee2956bdd789d9686491d,52337144,1791463635,0xc13e4775c8987bfaa6710430d7d825acb4fd5ad983943465ae3100a98c4c7e91
0xff6d310ed13c9a4f0a0d65af16befdb918cc10e8,0x0dca33ffd6e69b47280f50442b5ebc722215ad1c,52337150,1791463647,0xf2f63363c700e502ecce1baf15633210bcd7fdb17531b72721faa081c04c356f
0xc66601129231099bfd1fe52929ee3a35174477e6,0x870a0010c4c6b2f06bdee2956bdd789d9686491d,52337153,1791463653,0x12f89504a4bda68ef1985fbf71173636c18869caac24d1529abcdb325f133f4f
0xe0de03264c40fc78c9b69af1d4d2dc6da7da008e,0x870a0010c4c6b2f06bdee2956bdd789d9686491d,52337158,1791463663,0xdb8139fa4286b0121e2dde4e2bf36bc5c2be2fe4021e4e209927546250fbc0b7
0x7082fe6067e51a943edf5693ff025a3bc39b9444,0x89da25e2dffed838074ce33358d23b9d5aee752d,52337167,1791463681,0xf56b284767bf1d080deaaffb6cbac2454f9cd77e475f59ec2e67a1bdf7bf16d0
0xfd213a9e3e8d29bbe13bc35099905eb1ddeddd0d,0x89da25e2dffed838074ce33358d23b9d5aee752d,52337168,1791463683,0xb640b157b300a8f6ae82f2aa712919305ab11766264a4a3150420182beb17e7b
0xdeb802cc8523867fb5294e0118c339382a8072e7,0xd58fdcb3c06a34f4dc5b0c5b2e8b6b4dbf75801d,52337188,1791463723,0xc8d4a70bd983bcf3d02e62ee807eabf2ebca915ca014a173359ba3fa95fd036b
0xe0fbd26c23cd49edfd38491ab8a57c63649de110,0xd58fdcb3c06a34f4dc5b0c5b2e8b6b4dbf75801d,52337188,1791463723,0x83f6bcae58f0d2155d606457731e5e32aa2230f05a37e68260d34ea62a97b3d8
0xb221ce3ad59903522ac132d49c270d7ae8394dae,0xf00dbd2293c4bd419061253ff6f63f3c2a7e06ee,52337209,1791463765,0xfc48bfc899c6d6b691d8e7b0efd5897d5b1370617a3969560a44a8c82ae90193
0xe0d72d52253043ed6b543211674e0feec68d62e5,0x8cf8581c56fb003294cf4aaf92d978b09ce34646,52337213,1791463773,0x99c877a549f03f56d0b8dfaab1b471c2df1f4a89c6ee137e9a8b7c856a6f562c
0xf9d1324b9ec141d67e9d09f666b00498f548e530,0x98c524519b1e6e8ace2cbde883b496441f4caf3e,52337214,1791463775,0xba2d2b9e3b8bd5c69232583b74a442c1f1b38c9ff09cb4bbdaf7d3aaf71ad9ca
0x08b57906730b2dd433faf6904539259a7903249a,0xf00dbd2293c4bd419061253ff6f63f3c2a7e06ee,52337216,1791463779,0xb70d20ab75890f5e3d996d6f339770615ff526d5d14084e2967bbd9b202f0631
0x0bc2221d6325cb13b65c56d0133ad982838e5d0e,0xc9623515e6be00be03e09f70386872379921f101,52337235,1791463817,0x123421503dceeb867a86bf76356c0d3170631118a1e7afb9794e381af8bb1281
0x610d731f02523b8eadf1713f4227b8295a8da257,0x222309bb48e671de867932bf74342a201cfa64d8,52337247,1791463841,0x262d019f05259fabd768b9cb514cedf9ea59fb664a60b8e83e0f64d2547b0491
0x9e18940b341e45feea6a72b483b69cc6ba8611aa,0x5e2ce98c412a8d9a09a95fbc315a39de97b470e0,52337253,1791463853,0xfac9bcf9265c38f49087dcd6e9cb80057157ade67b5276a893e8ff04746afc60
0x3cc4c33a4358313b37ff5b1edcfc7db54cb74b15,0x0dca33ffd6e69b47280f50442b5ebc722215ad1c,52337254,1791463855,0x72c883e1bb6f6865f44b62c14ab0817f4fbbb5edb5be10dd20b30669e9b696ee
0xd11587344fd9b511ea6045114368d7d22b3f75c0,0x0dca33ffd6e69b47280f50442b5ebc722215ad1c,52337256,1791463859,0x108de9fe59e92d31392dae4a7b587f700e8a1b8b8497a4daf28a96ce9174e6cc
0xbeeb49ac3602f1653657548a2ad0d98b8c43c4f0,0x0dca33ffd6e69b47280f50442b5ebc722215ad1c,52337258,1791463863,0x2d0b802af3846efa9c4c5c8d20c5566b1f66ab25cd3c401b8fa6c46b9851603a
0x064083bc06650fc8dd26bbe99f15309bf2c20974,0xeeed6f0e05fea8b05750c2428595de486264d46a,52337274,1791463895,0xb0b05ac7a20116e2e0df879b3e78fca149f04bd4bc3409a22f112cb7461d63ef
0x7275b86ba94853930d6cbc30dec5d99f54f00787,0x94ff9e101e03f9413d4539bb258f372f8cd37eb9,52337277,1791463901,0xc6cff8273a0b0cd28c13385a31d0190ff160a5fe183f3579a19b2f435bdde071
0x51762a31805d214c81e73dc1ef45b2fac88c0f85,0x94ff9e101e03f9413d4539bb258f372f8cd37eb9,52337278,1791463903,0xe37d99a42e1beef80db7494d3aec328867019704693365da9aea5a4a498a9c16
0xa4cb6ef73b982b847fb06ec75540d05d0311b2eb,0x1218ff36c5d2e3b6a565cdb1a8b1accfc606ad0a,52337280,1791463907,0x1efa8475603b4e158b4ec9a440d45f3faad72cec0d6cfc2f537ba207aace1e9f
0x14b3471dd331d6c888431679c66e5dbc01b162ea,0x8c8a51fda5ffdb620b93f5fa9580130a46eff532,52337288,1791463923,0x91c8f44b40997b442624b9b0ca82d993fdac1ad1b81d5fcfce3524bfb2291de7
0xc1fe0bb7283d11a2b02546a9c691468f38fb26e4,0x0e00f22d0906f2061a9519148b23aea8cf559a76,52337294,1791463935,0xceadb880f785f42c9b5c7cdc530b7a6d9300c061905b3edc1f45d4f57900c52a
0x2edd4d016d24e1f291e4aefc9f2b2e29f189a5e6,0x18c4ec54cd446e18b02cb9d4ac3a5515c49d757c,52337295,1791463937,0xb943a4828e73f0b3c85d30588625d51739f35e84a2d3b5d00303cf16bd7278ca
0x9c0c5cce837c6678ac734db9616067a313a576c0,0x327629853dab5373f40a180455bd28bc67b22ccb,52337297,1791463941,0x5e689767408aa5597b5abe69277a808d202cf3424ab30f5423335f90fb7b7f0c
0x5bf068d48f784655e3e13319f777586597eb61c4,0x0dca33ffd6e69b47280f50442b5ebc722215ad1c,52337298,1791463943,0x75dfb142407eae1f23c206484a7d9375f033ba2e9a9b20854ee3143d9261843d
0xf27857dc358649e5e71284fbb3e4c6f67874b3fe,0x94d5393b15664cc29957f13289024dc7a9e0478a,52337307,1791463961,0x564c6c5ccfe1a697cb65df167540ac89127fc5efda6d3f78d47f165d83f0b0e7
0x47044e85997bdb0d47f83ebfa3a2f5b7085510a9,0x0dca33ffd6e69b47280f50442b5ebc722215ad1c,52337332,1791464011,0x9c7228890960be9b262a69c986be98d130529a142d7c7d1ad7d13bbf850cd169
0xf143629f609b49946b95a6cbf9103b69901638cc,0x0dca33ffd6e69b47280f50442b5ebc722215ad1c,52337335,1791464017,0x215b72d4f6005d7a5ac4015bd54c04379ef4b19f9e271d9d7106a02a84fc0932
0xfcbf52be04c1e422a795d7f5c7a73fbe80829098,0x2bef1883e7a1d940f8d1f47eb642704cb9334c0c,52337335,1791464017,0xfbce519aced944cd70fc4edfa40983288a7d648f3dcc1c9a4bfbf7dad03cfe8e
0x460b5102f09f7fa6b2bf551cbdbfaea556e52fed,0x9cc29b64329b3827e061e7a7f673dd05f12059a5,52337338,1791464023,0xb2d60d3480ba948e90033afd8121509cf7633d82ec9ea31efaa2b6f11207fcd0
0x3bdec5c226ae75ff43ba51bb3a8b1670a76b7ba6,0x0dca33ffd6e69b47280f50442b5ebc722215ad1c,52337344,1791464035,0x4c279e8bf30d6ac732946b896a6d32df8851345479f5b32d4f9cf3565cf896a8
0x4939523cfc5db3cb980cbc0644aee6433aebb76d,0x8235e1d13b4fa02b6772767453f2e37996ce9587,52337347,1791464041,0x425b6ce6ab8c95e85d325b6d375d59f344f32206cd6df59cc45b1f9e2c2453cb
0xd2d6d3f49c6b869a9ef923edce3c9f1719460ff5,0x0dca33ffd6e69b47280f50442b5ebc722215ad1c,52337347,1791464041,0x074c5c46b7aee9762e597f2ed5d93994c53f1df02f109c3f23f495386d4a6f7e
0x601a64a9a800393a608780c181d1238fae99ee2f,0x0dca33ffd6e69b47280f50442b5ebc722215ad1c,52337348,1791464043,0x218dd262b4f4772376d4cd60dced729320d99cd55d3ebd7337a77dbbbf31bc6f
0xe12eb98b5cbf13f93ef3a000c58f510d745c554b,0x8235e1d13b4fa02b6772767453f2e37996ce9587,52337348,1791464043,0xb9d0b15087cf6841da0c16d0f4e509a359a78f519e6cf581649f17087d093f18
0xf4ccfc02fa2214c82d3c5b73d6b7bc4898e829f6,0x3fdd6afed7a19990632468c7102219d051e685db,52337348,1791464043,0xb25ded9867ada53db38aeccce5ee9f80efdcedfba575fa7ec3729209536e92c0
0x44edb5bcb0bf765a2fb5ca99e23baf85c9cb19c5,0x0dca33ffd6e69b47280f50442b5ebc722215ad1c,52337349,1791464045,0x429aecb6d7e8ecf85e48b28e118f4223e0950d955c46b312b896a1afcf007214
0x3c75a56c6dcc1ca81f58749fd0f31ad265a50716,0x2bef1883e7a1d940f8d1f47eb642704cb9334c0c,52337354,1791464055,0xd740b7a2966a917190c760c62d32751329d027e4c74b6c4245e5d05dffcd605e
0xc63f4bcbbd10c2ef12fe0725853ea4e36ed8fd52,0x0dca33ffd6e69b47280f50442b5ebc722215ad1c,52337384,1791464115,0xf594e500e5e0a7e6d40999e92f58416a580c8d37d7ffd6dccb4ee332116e9890
0x8cafafeea617e9f0f8d41144e46f2b3f9aebba0c,0xace7e73386304057eecf962cc1b403b1207912bc,52337388,1791464123,0x97a70d8066eb684dd90ef60dfda6764ed15a34ebaf0986865266f41f560ef50d
0x046dacdfbf0bb220838408072b7881395155e681,0x0dca33ffd6e69b47280f50442b5ebc722215ad1c,52337411,1791464169,0xb0577ed0762f8a7f8b9ff6b099898e7006b254c6a800c17f8eb8c26aff0d595e
0x562c2431d7bfac310bfd6f9fa8354d7b2fddbcd6,0x0dca33ffd6e69b47280f50442b5ebc722215ad1c,52337428,1791464203,0x35657fe8ffc5395719950cf0b74e7e63deec065c8c0672fc34afaee5d08809a7
0x0ea46a009c013c9ae846ba39b33154ea62151211,0x0dca33ffd6e69b47280f50442b5ebc722215ad1c,52337434,1791464215,0x8b19ad1cbc2dad83eb3fdd255751b0659cb86c2538b867b84e1139c00467735c
0x58a019556f06fb3d7030dae80c7039ad1ccb7de7,0xf17ae5c8c4acf680a2c9551af441cc3725fd401b,52337435,1791464217,0xace245c39aaef9c930f9fcad6c500f0f809023d8d6ac42fde83ba706c205d223
0xf774111916178552fae9f3ba3d4938f858b76743,0x0dca33ffd6e69b47280f50442b5ebc722215ad1c,52337444,1791464235,0x5e75c084698dcb3eaca799e792645a1180e2d888e3a558c674dcb25acffef984
0xe88b32712badd37013060ae5c6b67bb08dd9e99d,0xf17ae5c8c4acf680a2c9551af441cc3725fd401b,52337445,1791464237,0xe28bbf51ad88b6fc170e473683495972441d3c2e73aedef093846093d776a5d8
0xf0ddea6c3c52ecb632326272942ae2e10d3630bd,0xf17ae5c8c4acf680a2c9551af441cc3725fd401b,52337454,1791464255,0x2077b32ada187c4562c122c127b6764b65718c0c0ad9943a504e6cfefd4b5717
0xb7119694c23515b3a5e2bebc659611bea4b1a4e5,0x0dca33ffd6e69b47280f50442b5ebc722215ad1c,52337470,1791464287,0x6b8074191c3d3271f743c1e8fd8d9439c1c3d9d4f73aa1ad55d6f51b08a9a5bd
0x4973ccb5d45582da297f71a0ca47de63bb847492,0xf00dbd2293c4bd419061253ff6f63f3c2a7e06ee,52337477,1791464301,0x22327301731b47d700d4fe5735f1c9a48c8d77971328c7f30485718fdb290681
0x15ba3be6d1878df802929be65e81506acb4879f0,0x0dca33ffd6e69b47280f50442b5ebc722215ad1c,52337487,1791464321,0xbfcfad474c4d80e7df311b80ef4903653bfeefd6403aded40da2c6dd5a281867
0xb0093e05fe1010c4a75e27ca8cc7e178594c6e83,0x0dca33ffd6e69b47280f50442b5ebc722215ad1c,52337516,1791464379,0xc53c72e05cffef87815e3a65ea0fbee38542e0f57cfcc820711aa569484e9773
0x2fba0be727631aab88bbdf642c5db0ec01819fdb,0x0dca33ffd6e69b47280f50442b5ebc722215ad1c,52337520,1791464387,0x11946c2d22842c78beec71a8a0b99a92df07c791931c34e0ed4f04053ba5f9d7
0xdd3a2eda92939b225af0a145de3dd1041a6cc8e1,0x0dca33ffd6e69b47280f50442b5ebc722215ad1c,52337521,1791464389,0x3e48f35a6f0b9f53b82e0286661164b9040964f570bcbddaea500c9cee24566d
0x30a3f662d32ca7860a9dc564d1922ec456e840f5,0x0dca33ffd6e69b47280f50442b5ebc722215ad1c,52337522,1791464391,0xa1ebd714e6e2241512a804d452e4f60675ecc4a4faa1bd63d37c25812b9155aa
0x349f7e3923c8807586f1858eea241571c80dfde5,0x0dca33ffd6e69b47280f50442b5ebc722215ad1c,52337523,1791464393,0x1c8bb2dd828b9f4e901ecc8aa8330b413e866ff39231ab5f14d45699d971fdb3
0xb55e583b27c91f3c16e27e49b04d4b77655dac3e,0xeeed6f0e05fea8b05750c2428595de486264d46a,52337528,1791464403,0xbbe88d7cffa40702c0e141cde9c41e6c42ef69d84362b72414a1092fd07d3134
0x56b6f72a23049456a6c404f4a10530afa696f82a,0xdd0aa164291f5780522d7efe334b2ab342096555,52337531,1791464409,0xa6ba8b1510eee623eb6041972aa5388a88272b094561f64f8f52bacf7cff3383
0xd41b3aea446a25dd961ea53539d68e3db19a9bb7,0x7dc921740012d1a58bd59574650a2d6818c3fca3,52337533,1791464413,0xc7b626242dd8b9da7be76023645fd31e62147cf8956106147ffcfeff5d48dbc5
0x2c0521a563a5dab9856d310cbd3ec37904e34e1b,0x7dc921740012d1a58bd59574650a2d6818c3fca3,52337534,1791464415,0x678ec3338b7f5470f2370ef099a5bb66e37491b48d5d5ab4266c000895bcdacd
0x84aaba717667b2bcf645ea90a39bfc49f3553bac,0x0dca33ffd6e69b47280f50442b5ebc722215ad1c,52337535,1791464417,0x3c0466a292657b3222042a035265472c46ab4326381d4584d39aa7a35068ae4d
0x363f34fa496838ad3e723a643f0f76004e8bc075,0x0dca33ffd6e69b47280f50442b5ebc722215ad1c,52337547,1791464441,0x45145f0532c57fadb81ef8f99ae7b6ecfcbfdcfb6e224e505c71f4671db908c5
0xa57f52c6e0c1844dda1d2dd2a60b3042a603a672,0x0dca33ffd6e69b47280f50442b5ebc722215ad1c,52337549,1791464445,0x8550a50e54cd95ff6aa61636b59648d5480eb35fdd57b670f15b00e194f41f22
0x777fee3bf5b4b13325ceed25385f4596f80ce16d,0x9e71a9dd3eaa7d6c957045d570437e4acab8dd32,52337550,1791464447,0x4a939c6bfdd6aee07dbc6590f3bb0725c195e95a34ce49e9949193579f21f43b
0x77173f38210d4300250f5c11e4b5c9a129f3187c,0x9e71a9dd3eaa7d6c957045d570437e4acab8dd32,52337551,1791464449,0x518f13c261ebd5861eb18ce2ea444d04a15b1beb41f13063edcb95a1436413c8
0xc1e57acceef17ac0914bd112c6d5e2bcddd76738,0x0dca33ffd6e69b47280f50442b5ebc722215ad1c,52337561,1791464469,0xdf5c77fab7e86c648c0633ad151ab5281dd8f482333604688c2cbd64aae8d8f8
0x41746d624eba6e90c46a3a78f45754d2d3f69812,0x8cd85da00d4f45aa8cadba986c528d234015b476,52337571,1791464489,0x1d4ff666b52c754f9307d73351594e333acfacaaba929800e52ff3af7a699c7e
0x7ca93dc01ecc074d1b921eb95ffdac035198c137,0x8cd85da00d4f45aa8cadba986c528d234015b476,52337571,1791464489,0xb6fe3861a4c325497b20d49f7838c72b08b98f87785219dcf84cedb0b5a2619c
0xd0d6c55f08d40dfb39d9701c2155c9885f0cc734,0x3d8a2bd6c87959c07186fb442eefd2015a74bdea,52337573,1791464493,0x51ab5b62a646ce5267dc69f6dfb95206af44522289880656cc6498251f8cfc07
0x2665a1eeee1280130e7f1bcbfb23a036c3f7fc52,0xff444883ba93ed5726b1f62ff43070b121a6de0a,52337586,1791464519,0x31c6bfddb32e0c8773379d724a5e61b56b76a51368540dce1d06f79942f36544
0xd2e7127dfa8ffd3c1355efbddadc3c7b0325ef2f,0xe4754c2afecf34af70de1b5c8d3c64cf1897d51c,52337586,1791464519,0x26bfe3a5882617c6f5f245c6f5f7b04b08213f8f7816bfb6b1a0b11986c54360
0x775763ade2f92a9c86c2f5e460b9f278f5d1c0b7,0xe4754c2afecf34af70de1b5c8d3c64cf1897d51c,52337587,1791464521,0x46b97088e1426b140e546a3e46bac32c89d526380ccaecc4489a56d5a64e1045
0xa2ffd7907c64e9d0523f8f7035032a3d2948a1b5,0x0dca33ffd6e69b47280f50442b5ebc722215ad1c,52337587,1791464521,0x70413b3d3b30fad6914dfacd1be542966146fdbbf225a9b066530894c72f16dd
0xbf2b10f33109e70818ec8cb33eaf4fde501e2711,0x0dca33ffd6e69b47280f50442b5ebc722215ad1c,52337602,1791464551,0x6e1943e4cda33780663149ab9cf735c0d650db8e219e5d64eb8ce560a3ba4e8b
0x26b7499d1b16fac82e655e2972416e642872ef60,0x0dca33ffd6e69b47280f50442b5ebc722215ad1c,52337612,1791464571,0x5c6a3f973aa9e0fcc371470dcd64aa0e47ef57ce24fee83ac72de88f4415ec06
0x7f1095edac11494ef86a47414d5d2fa7d57794cc,0x093311e14577d310e78d044c95a46548de164a7e,52337634,1791464615,0x1ee2c6ca837361a156b34d237de949f92461956ce149647e6e9a13e5d0234ea0
0x273eb3553797249f9271926063a4ee5cf51e8408,0x1f51467c42621c399f36b9ad3db3f77d0898826c,52337638,1791464623,0x6779caa045d1013468f01460c3680df5a2505b125dcee8edf0833840c78dd07e
0x2ac84ec672b45244e4d1b218026322d1eb47d5fe,0x397c19f66330e7292c7051748eb9b8b3fa708ea9,52337640,1791464627,0xff08714cefa736b069727b21138c624f1355733350d7881b73e3042a74f9c68a
0x18af2b03afbf800368cbfe6aab6ac1caa14d3b83,0x397c19f66330e7292c7051748eb9b8b3fa708ea9,52337641,1791464629,0xcb69fb673006e5b328fa4a4a40e23056deab3c278b171ee99c647f55b3ebb352
0x5c3c8ea89e5df2eebe9a57d3b703001276cf0b08,0xf00dbd2293c4bd419061253ff6f63f3c2a7e06ee,52337646,1791464639,0xcbc6968c3ef27c4d943ba59c7da63606efb39b86b7e15257f6b8819fd1c9da9a
0xdf70e4c9863184e6e1cc425e355bb95bf582d47c,0x9bcd8076840378a6edffc97ed824621c48d9104a,52337647,1791464641,0xac7283e13e0fb343d7e6ff6da88c3d3c65152b8f05dfa182fad9b4a450169556
0x62e9b3443b02d2a421391cc3ce28a81eb9c60013,0xf00dbd2293c4bd419061253ff6f63f3c2a7e06ee,52337655,1791464657,0x0114affab418a1de2fa1c4dd05492432c5f3a6fbe238a8688aeae6a76c5d7800
0x7006edb16cbb479c793aa12a10cfbe7c1be58e58,0x2dc6d720047f8cdb89f27853d5e0dfc0517f0d5f,52337655,1791464657,0x44c8ab2793645ec4a47d45de4461e5fb55bb067cae714a3e204a1e7da1723236
0xa8827330cf71375313a97f61fa814ed55a89a38a,0x953c1ba7029c92741a1739dcd18a8a462109b618,52337664,1791464675,0x4a0a70c80a3510b634556c56f14841e65683464f5308120e2862ffef4b06ff35
0xd235edad09ae755b177d83a46fb9c7aa318e382f,0x5c1925b7edeab666f892a0502075a14ab88f7da3,52337667,1791464681,0x108cb39f281cb46ad8f324c5b4f84fda97759176f26e4c8c507568c451736ac9
0x959a8d3ada549b3c8bd5e5821868846e85ddfe6d,0xd30efe39e496b291c01249d947d1623289dead22,52337669,1791464685,0x6f6f332eb673714b0695a809694ce445a0b65050c5549e58abf55ed557f90557
0xa3ba907f4195af6b515c18e2f4d42a7340df3f17,0x5a9e44782d0fb9e08ed7867f592aa28a5ef4b790,52337676,1791464699,0x29e1efe8e99f8855d690e6ba001627b6225000f387e2e4f7d2d9709e88bb5683
0x812cd9f4321ac9a89bde511c372ade86eb92f57a,0xe03d76b50bce4baf28dc3f8c4850db7d8122274a,52337695,1791464737,0x0a90df59ca936bb3e818140f2fa6a363398c5588e7a2c950f571faa019cc9ed8
0x5e0355440c29cc043db531ecccfc3d2ddcf26e5c,0x9b431d0cc0b3ba0c5ee95551b5aab304b0c79b58,52337701,1791464749,0x71439f8caef77ef49c26764f34d4c88a3accbf91f5b858e52b2ac264c25ebe47
0x96beacaed689875e54922ba2cf56229ebac51b6c,0x9b431d0cc0b3ba0c5ee95551b5aab304b0c79b58,52337702,1791464751,0x2b17bd20d484618b005394efd1b397147fce42bdfd9b90bc53d6651001757d7c
0x390c2e3f64e91366954928cff07340c95c7c816a,0x0dca33ffd6e69b47280f50442b5ebc722215ad1c,52337705,1791464757,0xc8c345f26020e99e80dea914e6c955b25ecf103c1581467d2715f7a50bf087e5
0x2e7843315a464a5ea45185b7c9e95f6c23bd620c,0xd4c204a8c6e93fc8ea05f8c7b59bc046786cc652,52337707,1791464761,0x581957534615eeabe4e6010a6357d37cdf79145fb324ed3c57f12510994f7768
0xcad43e46c645397cbe9839a6966c7d1e65366f54,0x0dca33ffd6e69b47280f50442b5ebc722215ad1c,52337708,1791464763,0xc518f039995638d2b75720b5f38ebc839a089e297a794c71110723c6f8f2b236
0x2959ea94c3bec9edb847005d1d24f2e61454a4c3,0x0dca33ffd6e69b47280f50442b5ebc722215ad1c,52337710,1791464767,0x51bec3c07e62f091f1866221a8ec658ef23dff21df57260f633958e2670ce2c0
0xc023cd8109ea0c2406bf338d76e34499f7e67de4,0xfde7fbc78b0dd316880e79cdeed4f5171a981585,52337713,1791464773,0x87a4ba8b67f05072a6d042cd2688535fbda88c4a2371aa5af045c0b5a6e3fbc0
0x719e58fcfb6ae77f35cae26c750f2a3db781a1e7,0xfde7fbc78b0dd316880e79cdeed4f5171a981585,52337714,1791464775,0x9fb1fa6fbdcfda77d34a26429c35c3244738719c6a357e8e6be8f63d4e7fad8a
0xe8781c3b8660fa6912b5a45750278b08f32d8f15,0x676c5f9b69a4e9890f0a8f9de71ffe257b4c36f8,52337719,1791464785,0x657bfae6044b37be86b7d0f7506ddae3a14d9355274db9aaab691c8763a06e77
0x238dcc2243c02434fc7d078f183baa33382751d4,0x3cea00810a5a74cba6f87690d37ff0204d6b9135,52337734,1791464815,0xbe80828811d185604090da045ce0d65aec73d8952504765af4d8123a0d07b1c9
0x465d94b20ff3e2eb948a157f5318e3ac42c6c4ab,0x6ba9a028d76c13e1bc50a8e583303784af3fc71e,52337745,1791464837,0x8797374df2c5fad74802afdad6a1fdb8d975011850e2a4687a76f5f56b93d085
0xc247a50e189bee30f9ad4df46cf55f3ac1487127,0x329958c18039e3caedd7d40b19e213b40c8f7971,52337746,1791464839,0x49ec7d6ef77f615067cbe62c192cd5eb768f0b79fb3eab3103214dc03f1ab046
0xf10c25a5c224e22a6e811e34c18f8d741dbb606d,0x0dca33ffd6e69b47280f50442b5ebc722215ad1c,52337750,1791464847,0x144f5fb849e81ccea2b57b4eefb201d18cf6c5e2f854fa8832ab694dbf7db892
0xaaa354081046a02b89c7a34c6a264f52a4b4d272,0xe432336e1a89bb7990c482669250568daabc9b1f,52337757,1791464861,0x54e29e31be9b94abd3ca91eba312ffb39264f6f1412abce859c7890ede7234fa
0x544201ef54efbc4cc9d09f9d107aff59267b7232,0x3a1082ecae3e2d9464d0772b0149431522b3b3b8,52337762,1791464871,0x0e8720b6df9d360fcad61c1068d57b0bb6d41666187f99a7644bbc40d03517d2
0xed99f5a344eaa77ea43fb4c266ab62789cbe947e,0x0a965cca9cd3b76033267d42a1b2231e79a0b02b,52337762,1791464871,0x465b878c407dc88ff3f70317b8ce752ad8c6b4aaba3b7dd0f8b03db2f78f58c5
0xe8802e3b990c2ce95e108d192afe962e867147c6,0x4115deeb708c7c69486fbbf0df1f8ac5be229806,52337765,1791464877,0x04f72e837c6b4934388321b0dadd3f43be9194742984f63468a183ca152b8da3
0x3b08428a0c6d6cd1d979ddaa85f760a09de3cf81,0x0dca33ffd6e69b47280f50442b5ebc722215ad1c,52337784,1791464915,0x9182e9b662c27a2c12d2f37591c2ab81503f8d6fcfc874250e4f6f994113a3b0
0xbc6f13a6551fe8f770a6880dfcff665bebca69fb,0xd7b22fcd57378d42601a15af1900316ba23b75da,52337785,1791464917,0xb2bdf4fa7f474d6b81cf19f6659889479eb47663d8231a6a45057d332f7e2334
0xeabad4eb1c71b05b129275f1948a142db57ea426,0x0dca33ffd6e69b47280f50442b5ebc722215ad1c,52337786,1791464919,0xb0a71ab6993698b1dbf2452d9bff0adef84d9f2bc5e841b772ce4d54b5aab533
0x0aced7177c5627d5071303df338d1e8c229b192a,0x4115deeb708c7c69486fbbf0df1f8ac5be229806,52337819,1791464985,0xac41684ce7fb57569e94eb15446bb23e5186b960aa1b9fef2fd85d31a8dc9c75
0xaea82a0074183b4c1d466ad11f7aff8ac486c633,0x0dca33ffd6e69b47280f50442b5ebc722215ad1c,52337835,1791465017,0x004282f598489d04afcfb043873f2bc9c6d74dfe5e11d512c419e2bfdb89239f
0xe4eac6027aabe094453b02401ef7c5b789439621,0xffa9ad462621fc1ce793ea80d52b7be3e6e70e28,52337836,1791465019,0x7e3e1d12aeeb1e0d0d876a876116337d416ca7ab75102148b4faccbf5bd7bc87
0xb7bfba26ca26c566306ad3866924467c04379463,0x0dca33ffd6e69b47280f50442b5ebc722215ad1c,52337863,1791465073,0x4edf18e856988d4b5a03b1533c1bc8f8b94b7ccd769d531077cda0e0b65d6120
0x8c5719bdddeb8912e048df5d5ec550111ecfa20c,0xd0e36da69ab155be9a3053165603758a4ee61c45,52337876,1791465099,0x742be59b9209dd5235b3e56c07fb15dea858e42b04f32d58b677ab320d35da22
0x397b41d4d763762f410ae8ed856797654caf7e2d,0x4115deeb708c7c69486fbbf0df1f8ac5be229806,52337885,1791465117,0x3505a924007829cbe379ece6fea3831cfbf7846a6bd20f7418605a3945f919fe
0xc603720dd505bd80094c0a7323e2e5fb471241db,0xbac286ffa3dd997e7bbaac592921ab8f362ab64a,52337892,1791465131,0x48607dc21027de54754c1e3ba22b2b2a032d51a8e6582ca516f50bbd919ceed0
0x9c724038f010f6299b84b9b5013216ceaf596c06,0x1426d11aa0c56a8bb5fe13f74b3d42c237b2e3c1,52337902,1791465151,0x0149ab131d0beba3f5df95d63e488e4982e2f81655d3b7f3a5af6ad79c8396da
0x6d7a4463f41eb8e07557973fa3a63e68d304974d,0x9b0db510f9c1593ee1cef889e47104e5ac44862c,52337909,1791465165,0xb5b55cbd602bfa90433b0abb9089ae11f0c46d8261b609819a5fca52e5ec4138
0xa6051c3a607aae035d9272498dc8857befd186fc,0x80d523ada368b9da2254d7293f2af3e21b92981c,52337918,1791465183,0x964a1820a5dcfb22facad54f0b328b202c649476eb3a8078efa29321296d0bd0
0x3b0bc4aca099efe0bc8f320c6127e5033004bffb,0x0dca33ffd6e69b47280f50442b5ebc722215ad1c,52337921,1791465189,0xd01c7687be5ab3fb2d4f587534d3c7254660491500a56f9350292ebf3b28d580
0xbd53353cc18694e4861186100f349a7ae9372958,0x0dca33ffd6e69b47280f50442b5ebc722215ad1c,52337939,1791465225,0x6fe92fce4ba949b6bc51a3d2d2715e30d34f41767cc64a183b77f77df37383e4
0x600f3f462dce1f7fb35496f66b7b9b828de2c057,0x9146c11b5cc6b4726e3cadc9b1112d9942154643,52337949,1791465245,0xd8ca37d1c0e0c8855a1ce0abb969ebfa10e81ad22bd463b13d02fb9e9636404e
0xbc261bce2de75d9cdff4526144a2fd4c135ab004,0x9146c11b5cc6b4726e3cadc9b1112d9942154643,52337950,1791465247,0x09c1bee929020277e2c9a5f8e84272ffc64348ccba4d8a85fedfbfd853d65d97
0x18f3e0ca75deddea800bdc8de068ae4dee3091d4,0x4115deeb708c7c69486fbbf0df1f8ac5be229806,52337969,1791465285,0x576dda694083c6c231bb4b66774ea42a3296fb56d024e25f065adbfd1323a7e6
0x0b31ba496bd5f82c3efcdccf0df4a3ac400df4ba,0x0886cb9c445a2e622d611a7195ae0c2d64ddea80,52337970,1791465287,0xd5e2423c1cbc18d184619cee17fbdba6fbaeefc1e6a014ba05ede54255a19464
0xc7acbe31f1de363395104b88255f1e1e209672f0,0x745668a6bb96fd31de9e08e0c7ead74fe3d19a40,52337974,1791465295,0x625fa14807025e202ef5dcc59d5c2e452cd46104097954474595498ee3008535
0xc272044ededde0c1a4f83e09bcf7b2842bb13cb8,0xd95fb8d5043db98398b7a782ee33f76ae6066f8a,52337985,1791465317,0x628bb570901bbcb62c1d35b305264acede32641e61e98dec37c9f315c14c47cc
0xe052620aedd8333b07a2208ceb843649cc195825,0xb3314ad2c52b1bf3010f0d6f050c121250873f3b,52337986,1791465319,0xddecf645a860e8a3ca3d294bc3e93d89e8d90c72add513a980acd30c0bc30783
0xfa8db981a01c088835688d9ef6dc89026f8bb470,0x25cd8416f72ae69ad0bd51cfdada9adacfc9fa85,52337986,1791465319,0xe58651ed38d257ed91024648cf3efd61ba98fcabd0e8518b5932e7b15b69a072
0x7a8e961d2f3adcf20f1d316a74e076e25e0a2ecd,0x0dca33ffd6e69b47280f50442b5ebc722215ad1c,52337987,1791465321,0x34e0396ac4bc58989584132d87bc92c4d44f2a076f215465e400851a869542f9
0xd5a31e32df20de29bcee1bcd1abc7a57ab52e1c6,0x0dca33ffd6e69b47280f50442b5ebc722215ad1c,52337998,1791465343,0x45388f9930a2bb5e457d57463598cd8f944fb2c1cdeaef7c7ee0beef2e3fad5e
0xfaf29b30c0d9f3b139a440c209a6ac433f208aca,0x0dca33ffd6e69b47280f50442b5ebc722215ad1c,52338002,1791465351,0xf1e0371b57d824923888958d40d879a4ae4d9a0ebe3c064675a37edd4d969da2
0x339e9d971f804990a60d176eacfd592000c491ca,0x43eb8adcca3a0cb1cc825e9c9d5ef388dfbadb4e,52338005,1791465357,0xa100194a6dab9fad80d4202a33754a087b5b346db559aeea884f981ae32b4494
0x2d5c7a93d30bc78f71a930ab587efed2be15c8d3,0x43eb8adcca3a0cb1cc825e9c9d5ef388dfbadb4e,52338006,1791465359,0xd5c07988a3b0e38ec7cb3a246dcec373671d0d4e0ab95f739abca07edd06e95a
0xf24b2f2463a26209b7b3980b0cddf0c680051f45,0x1c733b8e3d23bc530dcd462af053573106bf4e1c,52338006,1791465359,0x8fd29ce2354ab022e7d3a3d13c95abbf163e88da054004f9f48e942ebfca8b1d
0x8ad28667cb494f148e8f9a9acf473c66467b400e,0x1c733b8e3d23bc530dcd462af053573106bf4e1c,52338007,1791465361,0xda748bed1429d35f1cdf37745357c0df016a3d288c0f334f5c7dd0b2fee71993
0x6fd97722173e724f19600bebf2e223905aeb95de,0x0dca33ffd6e69b47280f50442b5ebc722215ad1c,52338012,1791465371,0xb1d46dc7c84971eeea478356b743fed74801009bafbf11885a9736c9e21e0e02
0x90a48f8230fe443a314c0d0c279fd1bffeca65dd,0xcb5a9f6c4709c3bb8e37f729be10c6c2aa66aefe,52338022,1791465391,0xcd89cd7a52c4cd3714aa09465224140ed0c8612fbbf1167ed14fdff3bd5b6434
0xd1e28a8afb05a561dfab5d892ab0f62fe02b09c7,0x0dca33ffd6e69b47280f50442b5ebc722215ad1c,52338025,1791465397,0x9f240d0343d5f02f59431354c4ed752fde3bbbc1fd0235840dd40d395106de7d
0xa1781b1b378be2d61a0286228597060298a819d4,0xf00dbd2293c4bd419061253ff6f63f3c2a7e06ee,52338028,1791465403,0xd52d217fdbcca8e137752920a0f5b581e61a45fdcb47de82770ee8348829af03
0xc0b6c81a8b274c2af58039f77806a8a3989e6bc7,0x454bfb6f5f3895b8d9a592d00505676ec7d58bfc,52338029,1791465405,0x4eb7ca90afabfc4907e301205adfd62274a59ced214350f4d5d5e6667ad1ee31
0x9098ef11094e2ce4c22f2f476455e4d3058a531e,0x5c7fbf74bc149d31bf0db34da3b874f766797b35,52338033,1791465413,0x8b4b5eff78ca8ee274970c97523ca11f03d463ed98199c1e2166bcdaed168188
0x7dffae908e4ee435df321522b906f0f47457e7d2,0x0dca33ffd6e69b47280f50442b5ebc722215ad1c,52338039,1791465425,0x49adbd3f9b127201af15d57cf06dcd650ba88b5b38227821bae00fa6db7a2e0c
0xb208cc3a4dbb24d8dca5811d7995e8386a6602b9,0xf00dbd2293c4bd419061253ff6f63f3c2a7e06ee,52338040,1791465427,0x313f813e52ba4945de9235921a8e9b29bfaf7de6a355489a65e82384b996cb9d
0xe2ded29f39f0da843c31a13b5bf5a04cada83462,0xdead668fdc60b33fd2d10dd40070b75177beecd2,52338042,1791465431,0x3b03614cc0d0ec5abf764e36fcdceae71e2c81aba4d955a9b527dc294987853c
0x37c6a31f828be022785bff1a5f427bcf96fca00f,0x8f198d62593ffe0a23ae3ee31859853f2e595577,52338046,1791465439,0xec69326cbe19936a455c3287d77aa74e661880ee15289d1856ae2d549cd06dbb
0x93b47d67adca9ea9b13a522dac1ec97b386c927a,0x9bcd8076840378a6edffc97ed824621c48d9104a,52338048,1791465443,0xb909584558c6a176c63b9ad27bc79ffef3232af38028dfe2718b7d47b2b851e5
0x552d7bec2dc0f9b403c0138b44511a5fa4a12343,0x0dca33ffd6e69b47280f50442b5ebc722215ad1c,52338055,1791465457,0x22c3e94853fc355872009582afdf27ee978db4bcfe19820b9cad272e3eff5192
0x29ced85eada550331963b0a969d49c36510c0414,0x18c4ec54cd446e18b02cb9d4ac3a5515c49d757c,52338060,1791465467,0x7b7aa6ecd69af3699c45d98b2aab533c10c1c42f45166204cbc26c5993e8c356
0xad0c7405e3dba3f62ccb8aa4e5427ebfe41f0156,0x0dca33ffd6e69b47280f50442b5ebc722215ad1c,52338063,1791465473,0xc3abf11aa5781bb6aafb484050d07e0a2091d6927439dd80799c907a142ec6a9
0x7a8e6d912e956958a485080465958025bf58c9e4,0x01e2b45133dc78727b0a543c10c8b0d57b8b3833,52338066,1791465479,0x1a24fa0f1fda46b4bb481fc71e08b84fe089eb8d2f9fe8cf4292d41a2b3a9974
0x413c8450dc7887fd74826eaf4b071ec615c6a29b,0x01e2b45133dc78727b0a543c10c8b0d57b8b3833,52338067,1791465481,0x16b0b1bbff6b13f4180407c4b728c2e9a2c46b8ff60445ab86998a81a410a0ea
0xdc97b0f858ef64d999d41942c87da91ad0e9a571,0xad03d3f4e8bb43824cee5fa955587ef975b21058,52338077,1791465501,0xaaa55776d70038e46f37bbb48a75b6010a8f1228c0e5029d9e304bfe0e7f4726
0x8e00acb80668d38ef8f26cb3f5d42de3295fa0e4,0xad03d3f4e8bb43824cee5fa955587ef975b21058,52338078,1791465503,0x64a0ffbc609e867f446e58c0fc6faf8a29e54c6492c178f874aed4c88c5441fa
0xe521bbe82b0509875c26646e2727f8bc4a13038b,0x9337086e971f29c6e0fb9bb3a59cd9f7e1f1e862,52338091,1791465529,0x188a7cc1fb472077f2ad01e0c43be73bdf58a1b3170e1078a4beb05bf3bd5639
0x1c83a1358564ac8d100c5dedb9cdb30e4c0c1701,0x0dca33ffd6e69b47280f50442b5ebc722215ad1c,52338092,1791465531,0xd73ba50efb6bb89669f6414fc47a0739cad5ebdc4bfc2d27da1442874e1c8d96
0x15a2183e4bcc5cbb0f9c480bcb94d74f2809f7d8,0x0dca33ffd6e69b47280f50442b5ebc722215ad1c,52338095,1791465537,0xdb7edc3e5fe9179be3842945e0949eb6ecfcfc99fd0b59de4f103e32354cc7ec
0xc36a0675c6f9a7b6d21863d29aa5e803e03cb56d,0x0dca33ffd6e69b47280f50442b5ebc722215ad1c,52338096,1791465539,0xc3940f3d25bef0f2124a6efd0168f1fcc4c66dee2d4c055d836c7907d5a0ef9d
0x71fc9019a347bd9aae0ecc89ab2459a2cc5290d7,0x0dca33ffd6e69b47280f50442b5ebc722215ad1c,52338097,1791465541,0x96a4d99da4adc6fa5baefa36ddcc5c776506b40eb3a82e771e8a03bbd51e7913
0x44623ea58b93b7bd4c3f74a1bf5c3ef1f113ee33,0x0dca33ffd6e69b47280f50442b5ebc722215ad1c,52338157,1791465661,0x0430733a53a496220157fa73390f9245d3adf34f3f3d81668b9d5077bef3da21
0xca1ba80e212d45bf842596829a534082ee3782e3,0x0dca33ffd6e69b47280f50442b5ebc722215ad1c,52338160,1791465667,0x4a1a811a4afbcda92bcc9af84421bac078151c2ae26c2d7265197bf8beccc356
0xff7306a2456811e1fccd7c5161ebd13e22352025,0x0dca33ffd6e69b47280f50442b5ebc722215ad1c,52338161,1791465669,0x0171b9a526f7293befd4fbc6c7b2a0213e8510d0ec13fcda4d37e1d7fffee264
0x71dd10c929a2381664bd993e698039465e0da219,0xeda07973165629d947f2287c736dae870d539241,52338177,1791465701,0xab26224b2b8a38bad15471b8060b2a593c28eae98d4dd60cd107c6c023b29aa1
0xf6ceb38780f9e08f5a70fc0b58871d9fcd206b93,0x6101df02afe6c904e1a7882be04cc750c26d259d,52338182,1791465711,0x8bb2a6fef47423fa37b6a8c967cf713233d8033ffc1ffdba8c73880905badf82
0xb5f97c8515f7053fcc98af481633788ba00681f5,0x87e2fe1b88639d3e2c11d1434d0db6a508402277,52338192,1791465731,0x90bbc4be665979271a29b9d11cc234714129cbd8180e5b9c7d609f71036b03e5
0x8e131bbc6abc4ab81c0802192655251085708683,0xeda07973165629d947f2287c736dae870d539241,52338194,1791465735,0x50e9d589be6a39740821046c0ab9a022d184b058d381b28c0bb18a6763e0d158
0x6f5fa407baeaf8115311e307914bf1f141e0457b,0x0dca33ffd6e69b47280f50442b5ebc722215ad1c,52338196,1791465739,0xe594d3b7e9f46e1ff0e4e2c13df19dbc76dce896bb4e0407ee8cfcf525adbbb3
0x58578c1838f6d796300b9f14484266a024e9e444,0x481142679688379822c91b44f38bc6fd1b587680,52338197,1791465741,0xbffd08b9f656d8c1f5b5296a93c797cd7c1babcf4b26f3cd735c8217c6cfd959
0x5870452d8c50751487c63a98d3a96ae7df576e75,0x0dca33ffd6e69b47280f50442b5ebc722215ad1c,52338200,1791465747,0xe5dc13a538158e00723c201ded0cac2bae0f50813316e1afbc212c59b736dd1d
0xb87c908b9605a73637b23e0ab68455c3214346fb,0x0dca33ffd6e69b47280f50442b5ebc722215ad1c,52338201,1791465749,0x5a8fe804904b580c5067ac8e00631c98318fd8581653b9e111a7f591447b889b
0xc72ee31847086b5e032b69e0eb38ae9273c52506,0x0dca33ffd6e69b47280f50442b5ebc722215ad1c,52338202,1791465751,0x4d1813e8865a03e533162b4adc48e2b5efc54fad0042ff5cea8fe5d6ccab41f2
0x4883d1f105be23bdf7ececdb0d158a06360232ad,0x0dca33ffd6e69b47280f50442b5ebc722215ad1c,52338203,1791465753,0x41587bd1f09a327114653a8e76d52e952d6c8ecadff7fde243de34a25677c2cf
0x2129f62baee67d2a2f692b8aba5275aeaeab87d8,0x4e60c030cdc1fbb2cf3103dfe8977045cf23641c,52338204,1791465755,0x7e1ceacc290d8e2dc362751ea32d243d599e0ae3895b191cb52382ac4d14ae08
0x864fa13eb577f5cc3e38afd64a0065f9695217d1,0x0dca33ffd6e69b47280f50442b5ebc722215ad1c,52338204,1791465755,0xd73d763ed32f39f73d838e2a80f56a3386456eeec35ade2d0dacb8cfdcd59bea
0x884c68d9f2f9f74ec1f4bd618c6c6b1475e5845b,0xa5554073099fb79cf5f7043e8159963618a638d7,52338231,1791465809,0x644e8accd338e9488ffbce3a285d99b37df8f82b2d4e1a3994690651f59a3bd8
0xe70ba5b07062149f8a695acca83475d8ab745e9d,0x0dca33ffd6e69b47280f50442b5ebc722215ad1c,52338236,1791465819,0x10489f2a85f4dabe09e5ca4ae996322f4529aad4db7f03dd061051bf63989986
0x0c2a08e9794357fa7a1224148caea03b0169abd9,0x0dca33ffd6e69b47280f50442b5ebc722215ad1c,52338238,1791465823,0x8787cc54813ec5532dbfd15ab52d1b2f09e57f8fa0c675f54a3885821c49c91d
0x90d651dddb5ff83ebf6adaceb87094fdea163a27,0x7252340820a361d0e28828302e0c9ce5603a4b23,52338253,1791465853,0xe781f91137c703ed236f35dc4c2fa54a464359f524a175edbb6925b1ac6bc09b
0xebf59f156d7985e65e3c909c5c6d4bd7cd1433e4,0x9d01c278fcdd4ea360b1a6bb334daf0e4792283f,52338272,1791465891,0x530e1a3e3d3dd3c99b1202574a750dffd74880b8340952ef1f3080f2c0467075
0x4a4efdf13898aee4040f2eebb9ebb7e0266fc282,0xeeed6f0e05fea8b05750c2428595de486264d46a,52338277,1791465901,0x30afddd2b3d229787cd567997481d7eee71fe84b1c930c99ae9411be13ded300
0x4dae2c9c10f001366b72f4fd70d1fc31fc675900,0x0dca33ffd6e69b47280f50442b5ebc722215ad1c,52338288,1791465923,0x0299275c3a7ef76776504baca1b63116f92e03de342952de097ebbbd9c0bdfd7
0x88664e46651e245c8b3e2c7650a063ba21aac113,0xd30efe39e496b291c01249d947d1623289dead22,52338306,1791465959,0x5a426599aa4aa4f4567b119e4b9fb6385a4902ece3711798717d13354c522743
0x145468e30b5c40721e0216cd753981b50e0b6376,0x0dca33ffd6e69b47280f50442b5ebc722215ad1c,52338314,1791465975,0x46b9a664b10a680623512f7b85cd42f78d4a9b486bc9d30b0c0ea2c94dfd5e0f
0xe1f59891acb62f365bc74a30373fe6912c525083,0x8275b65a42e4a3aea40ed8ec693a9840074f5d84,52338316,1791465979,0x2d4b3391552ff0b660ae1f7cba8e458850bb71c08aae764fa3db24c63c2c6aef
0x7a48b787db1c54b1aa4464de6263bc0e7fe805e8,0x0b5c2b6143ed8c55796f89bfb75263177e90f017,52338317,1791465981,0x7ebf485db80275a2445805aef922866136860ed12e91bb1dfc8ef0d2ca650127
0x584f13a352dcdbfb1fd5dc5da5e8fed36a10a248,0x0b5c2b6143ed8c55796f89bfb75263177e90f017,52338320,1791465987,0x2823c82807130334fe8e800083d75bf50e9e410ef9d8c344f86c9d0b0b839353
0xc7bdf1fb0efa05f45778d9b21065ad5838a7e65d,0xa189b6b7eb89944ad21592167f1fa404cdd26bb9,52338328,1791466003,0xbe8a9e0a34146298e9aeb245c92f87df10bc591eaa471a0d4a8a659d47467909
0x1c732cf684a919fe38c86c432778849fd90278c2,0x578447105e58c54b9711dfe4ecde084443850010,52338329,1791466005,0x6df4a19352f349eb037bfaa5bab49751c7d4d97148670d9fb66ffa47092acff2
0x88900c954c6c198daaf0c5b3a64cbcaf05d2c717,0x0dca33ffd6e69b47280f50442b5ebc722215ad1c,52338330,1791466007,0x652ea65d5c14f9eb889803cf616c7f6e68748dbf00e8b87395378ee0a3a62d5f
0x548b625cc0f7943677ab9a5c04b1ccc1831bc648,0xe88394ea5c738ef18101c2dddb7214903ec3518e,52338333,1791466013,0x6a63d660cdfa46e9baadb42517c7b532d566e9b14eec3597fa76471ce7b5b433
0x113f2cff7a0eff54fbdc93b922c5599c19762172,0x0dca33ffd6e69b47280f50442b5ebc722215ad1c,52338335,1791466017,0x602513f5aad245037852620d38b13c8ac26e7efb7933c044cddff15ea1f6c259
0x873a49d4915c85184c8e1cd0435bf63961ad05ca,0x0dca33ffd6e69b47280f50442b5ebc722215ad1c,52338339,1791466025,0xc1fedbbb571a656d8724e1ceaf97b25957fd27865969a8ab9300cf681ba6a0ec
0x3c8970f72215fd17273e260854e9e7952de487b0,0x52763ce3f01e3f82595ffd39b44ea55de5246eb3,52338342,1791466031,0x8e87d172c215ff8ec202c6f23ec97a76ed658d7813a8a2934371e478fe3cdea8
0x7a702297fbb97807f6f31b881f04ed759f1b3457,0x0dca33ffd6e69b47280f50442b5ebc722215ad1c,52338344,1791466035,0x560750585f63018ab3ecf965bed9ad5ef570faa153d5443a4d09278b4ed2b731
0x6201b843de3e00b1f43412e6caee4879858ed452,0x0258cc09bf45ec93893e91bc271051c720ee2420,52338367,1791466081,0xc5f5a025272e97e766519b0927cb8619fe9e8507e22cf19d96c6b786aa4e8c1b
0x0f544225f2a504e31d32f4d3070394423f6d6c30,0x302b6a8b1bd65fc5de06050f65c560468f46a31e,52338369,1791466085,0x245b52090bd5ed451553eba0ae07aef7f06625abc75f4c3b37c34187fc3b34fa
0xf215158d06c1b747a9f632049252307e91665054,0xc383e706668488c050cd980c9c433fa8d85c7b7f,52338369,1791466085,0x77b0898db04e73a86a2d14f51891a732b1ec75cfa3e6ca0a00e7020b2bd85b9a
0x463ba6de2d1e853050ecd821976b013c98aeb4eb,0xc383e706668488c050cd980c9c433fa8d85c7b7f,52338370,1791466087,0xf74fee1f49310b483c2ecfcecc8809e027ed68fdd3bbcbf99feef3ca23f3f554
0x63e530a666e1df2a04ff713aefdf0fc488f8f7d8,0x302b6a8b1bd65fc5de06050f65c560468f46a31e,52338370,1791466087,0x97f47fb6ea34c43a6d785692d8cd80dbb5d0acbf10b2b1985cc61fe0f768fad7
0xee2966769f38e878e5bf5d9e498b70428da937e5,0xdead668fdc60b33fd2d10dd40070b75177beecd2,52338371,1791466089,0x3a3d3c7355758b52cac6a58d2da4e30380db1828a5f45a7066a722f25a02b71a
0x0c1053ee33879ee0ed45ed3fd7b60a5669369d1c,0x0dca33ffd6e69b47280f50442b5ebc722215ad1c,52338373,1791466093,0xf99d7b825993fc94e0a578670c34365e89dac64a01d2c442d988fcd0cdea6289
0x999ccec7353d83cd386bd3978d9022ab79921b1f,0x0dca33ffd6e69b47280f50442b5ebc722215ad1c,52338388,1791466123,0x7242690dfb7a28ec8f5f53644f4aca695283ca77ad7b678f75414273022f447d
0xa0c11dbb76de0f97379bc75aaaea81c2ab4a24fc,0x0dca33ffd6e69b47280f50442b5ebc722215ad1c,52338392,1791466131,0x8c8545c7d2fbcba1c6287f6a95616ba14ac0e80123ad0c138bef875b39ecdd9a
0x4ac334ed1a468c1d51069f062d8ae3e0410aa086,0x0dca33ffd6e69b47280f50442b5ebc722215ad1c,52338393,1791466133,0xf7f1ccf834c8bd8c33058f6d032fada955eb24b7cfaa3c1d936948a0dac4c5d8
0x82288c9629d8b2ae5d6770f0d25da73ef7bc5c27,0x0dca33ffd6e69b47280f50442b5ebc722215ad1c,52338394,1791466135,0xbb9edb78337e13554517bb88cdf6c068e53f3f8dc9df036917f1d5024afc66e7
0xfe184002cfc8efd6fb234bfa892e0ee2cccb30a3,0x0dca33ffd6e69b47280f50442b5ebc722215ad1c,52338395,1791466137,0xa6ff668a651c54c37e4e8a8abd3363d65fe6b9ae643755c60296fc3a0e29ec96
0x2ac3c3c243c1c7b7eabf471448b3f713bf7227e2,0x0dca33ffd6e69b47280f50442b5ebc722215ad1c,52338396,1791466139,0x87b137b774e1576d06d1d7877f83f1706e5ebdb62702e6accf28ebcc44fd6a75
0x1f5b490865bb77f5d563ab585467ad813c703e5d,0x8bb08fe20282bbc96692c15d7b4a75694544bbf1,52338397,1791466141,0xebe1c2bd7023ded457c0f00c48d0304f070680906a1afe16eebb66eb93fa3600
0x3e65158c9c15cd64c7d8d1da7c56e298ffebdbd1,0xaf42b3d6e04b135f9ed6c75fba212dd59f279ab7,52338406,1791466159,0x05c043c1ac821f862fb1aa7e267fa02255be40e98bf28dc02c87186caae38b4b
0x5a9e0607021501158c1d5486bc5ee947785cc76b,0xf6da713f85d27924864c6053e3a44349d2b5a2bf,52338418,1791466183,0xa40c3a9ebf22893d72b4d132f8718ff0f3458837a21202f102b0d6e74988b843
0x7a9d481cf488f88f1d23b063a21fd6895c4a5b8e,0xc538bd069e54e1630ad46ae3199eac2792e8f077,52338431,1791466209,0xa573b4521fb071b5a7602174688a4c6ecefe84f400214f90a38b3589280bd79a
0x34b087d3a6ca84c1244633b4da8927fd5d80afa7,0xc538bd069e54e1630ad46ae3199eac2792e8f077,52338432,1791466211,0x62b19b74daea2c56e83d965c3c52f1350e82f378eaed8df9eb20823f78f92aed
0xb544c36d7a88d145772d83b1913e5b154fdd33eb,0x0dca33ffd6e69b47280f50442b5ebc722215ad1c,52338440,1791466227,0x53261f18ee5139103d00223910fe3929449e5c7bb7e7d3055aec9556d2a1aa80
0xaceacda830ca701b022ca0bf4b44bb6bb4c74431,0xd7fc89709855055bf030c1840b75f8d61c417cce,52338442,1791466231,0x478263e5934fe42a5b9db063972ff80683b63bd8763401dd421531cb965f12be
0xec7976dd49cca202229808851a2756b38ee48397,0xd7fc89709855055bf030c1840b75f8d61c417cce,52338442,1791466231,0x224316b62e7867b25daca432b14b535a73d6cbdb936e69992dfe866918614c98
0x85fe41b69952e7ffc088607508128de60db17bef,0x511fa3c78a4309ed340102dc09f5eef34a40e324,52338445,1791466237,0x7b68e7e9bd8bb53eeb7e0813c8952117ec554a6369ce168c2c2d3526815f953d
0x298e59bbd66275fd8f239825b0d3b189dbbb42cf,0x0dca33ffd6e69b47280f50442b5ebc722215ad1c,52338450,1791466247,0x3b9c11f26ec5e62740032bb0e9f0bc2a62a8047573fd55d9fd457682657f5936
0x8d8df5e58df8dc1768ef9d3c1f2d6ce08f39897f,0x0dca33ffd6e69b47280f50442b5ebc722215ad1c,52338453,1791466253,0xf2e450502c5afdf3ae044c704aa076eb3103ebe2c232f59f840d33d08286b56b
0xffb71c93816fa2b1806bc6edf93c4f0926f3e135,0x0ae7edd0b80b647476ade4c49f95ac6f6929a111,52338461,1791466269,0x583c13059a6153fe2779444ef73e1993266f3e29987e022174291901ce62d9af
0x6d6603cf96128479a45198bf190895b8859270ae,0x0dca33ffd6e69b47280f50442b5ebc722215ad1c,52338464,1791466275,0x0da9486241322636b5cdb477d6fa8e2ae41d4cefef4a180aa5b5834dcd64eb54
0x04b6b13a8529699aa233b311066821032879d2ed,0xa5222e9f95b4b72a7c8e4dff92d2d432b72462a1,52338473,1791466293,0xac2141bde0d6c570c269b98d931c42fb66a9478cb894b19849d4229d7775193a
0xeba723369db95b5a3d65c773bac0d504962b608b,0x0dca33ffd6e69b47280f50442b5ebc722215ad1c,52338476,1791466299,0x31c7469f665e12b1e97aa556b840ac243dafcd7c68eb5218d52ca9a3f8f41a3a
0x1546cd88f4c6428a5509c1007e383e811a93c378,0xcc61d97b026eae5340f380f5a48a194256a8fa95,52338482,1791466311,0x8f4864b24083e419a7ee776ef7e2c938d87cb61f919ef7bb977436e2306cd08c
0x3b7a7f36548c78e96290988f59adaba5e45a4c56,0xeeed6f0e05fea8b05750c2428595de486264d46a,52338490,1791466327,0x6a2a28c8e114b53ed1849d8c031f88eb6685898e2b884143eb39cb43ea3bf35e
0xf85569345ddd17615e5f4203985b90c7c65d99fc,0x0dca33ffd6e69b47280f50442b5ebc722215ad1c,52338490,1791466327,0x7e3d2c9dc68949c1f7adbeac4a7b62b1837d0de67346720bb3f3f68130b0351d
0xb56782a2d6a916a28f055c873823fe188309812d,0xcc61d97b026eae5340f380f5a48a194256a8fa95,52338500,1791466347,0x38af5d054970c85801d3831f12f86c518762be851fc869655cdb24156cc7d61b
0x1d71d506877044c40be0451ea884a875fede1270,0x0dca33ffd6e69b47280f50442b5ebc722215ad1c,52338506,1791466359,0x3cd4c9d0ec9c12dc452d500d40927486d472db6b73a3bc57c03fdeca0cb64728
0x8db8602b60f0a369af00ec46b3fc361e80fe4ea4,0x4d2a0e5041315956ff17b14198f29f8c60e3883e,52338514,1791466375,0xf0b68b076f8f2811b1b2893ffd464323b7b0a6501c57a6167f3285c6b21a96a2
0x8b6b83694d229954ab6185aec90a76050bbf6f3a,0x0dca33ffd6e69b47280f50442b5ebc722215ad1c,52338515,1791466377,0x519b61dc6f323f6f758a102f43095e9d1ef060bd99bcd2f663418e86835dec1a
0x2c3365b213650f698daaee94433e2ab1e8394805,0x0dca33ffd6e69b47280f50442b5ebc722215ad1c,52338526,1791466399,0x57d673de6ff5bf276d016b8e18d591e309b9d0d05399183522babb05b12cd418
0x5e46186d7f5ae81bf7b96b6b1306a9674944f475,0x9bcd8076840378a6edffc97ed824621c48d9104a,52338530,1791466407,0x0cbaa72f38200cb9f144491816af6bce1058d2f339d79316c3f0a87128596c5b
0x7e3e2bb99f4df28e200682508156113ec348aa61,0x0dca33ffd6e69b47280f50442b5ebc722215ad1c,52338530,1791466407,0x5b4bbdcb1108db2dc40df26fd8630eb6c66e9391b3bc861c562d699c48e0aa00
0x1adbc2be438c1993378058a0c242343bbff880df,0x0dca33ffd6e69b47280f50442b5ebc722215ad1c,52338531,1791466409,0x2b5f591caf4defe3c874940f4d9e8533575657b8dc6081ab9771896e62eaaf22
0x38dba58f744d3aa41d1d1178d25e32dbf31ee4ce,0x0dca33ffd6e69b47280f50442b5ebc722215ad1c,52338532,1791466411,0x10ff642bd6c2476e8b805a9a282cb77b4171caf84df7199a6baa8edd9bee5d32
0xd779b9af6a7ecc88041f9bfc4b06f3db79b9b113,0x0dca33ffd6e69b47280f50442b5ebc722215ad1c,52338533,1791466413,0x34a5ac3ef3cd1f311ea62f3b4f7f67ffdb4dac720c3d1268bc307ee98b8e82b5
0x2cb3af98b12d0d9b4e376343d9d68f9ef1e54a73,0xf00dbd2293c4bd419061253ff6f63f3c2a7e06ee,52338549,1791466445,0xc7d6e56ebcfdb76285d681e733bc60fe65daa24ca3b1d5527dc6ab7a8068b30f
0x37a412702b6efd4584c58e4be1308ad6018b99b1,0xf00dbd2293c4bd419061253ff6f63f3c2a7e06ee,52338561,1791466469,0xc5a64a88c86cf8318182e9a1796e2a4718ab756ae9806d0d6f3d12d19d15558a
0x326edbd73c12d67e5c94c8f29b191fe28abc4a9b,0xa14126af929e7c686959bb0d4d36ff0c133c0960,52338582,1791466511,0xfae6c4960bdae89672ee5959f7215c5d322dfbf1d0f83fe30314bb4f94fe53f9
0xb89547275eb9ae7c70bbda84c410804d4d6cd4a2,0x10b490cf79f478ff90a994c7a4105af8d73cbc56,52338586,1791466519,0x1535cab94d847cb06c7cec7198b7f6de340673d2ae83994be59deb7ebde407ae
0xf72b2c7d80dd0b7af20a91ac52b7676d06b7b79b,0x0dca33ffd6e69b47280f50442b5ebc722215ad1c,52338609,1791466565,0x12e7bd9eae24292fa9296954d2652e011401de93ff080ce5c2cfc3a32a2c7c0b
0x071587433fa211e248ef30fc3afca3b54ecfae28,0x0dca33ffd6e69b47280f50442b5ebc722215ad1c,52338611,1791466569,0x4de0093863f9712047fc88e2a27c4648ff1fa690281ab7397679485033d6c4ed
0x5d7d0297f906a0c8d78c04f3463e6b0bd558d5a6,0x0dca33ffd6e69b47280f50442b5ebc722215ad1c,52338613,1791466573,0xa639de053f7137ec22dda3c7d4ca3fd0a0360d4c18ff2cf57de243241d971322
0xa85cb9bf9f5fa41fde5babcd8ffe62dfb3f86f64,0x53af55a0467682dc8481252b573f2ca266cd8bec,52338613,1791466573,0x2fa543dd121ac920a292a89677ee16c2023d8595d02d7de3e3f993018954b70e
0x6d64fe0ec31f39c2066d7ac078936a011c786533,0xfb95b7c1bc28979ebe7e9036b2066b7e12ac25d1,52338627,1791466601,0x1c105a746cf13d062143f86f662e7eba716443d0960e2ab486c6b563f0e9def8
0x570d590563466b4d20cde65b16795d3bfeeaf694,0x0dca33ffd6e69b47280f50442b5ebc722215ad1c,52338633,1791466613,0x1c27b02d1e4600b0c22dac3561079cd718a0b7184c71a86cbb128a9b989a7511
0xd309b0bcc792f77816ef02da2af88adb3162f9bb,0x0dca33ffd6e69b47280f50442b5ebc722215ad1c,52338637,1791466621,0xdceb3d65537d8018daddd2ac5cc3ddcf75edbd9e80f0ea337c8669a26bbc5efa
0xea246c3f8851b94f0a42aa59ebd84ff5992ba8cf,0x0dca33ffd6e69b47280f50442b5ebc722215ad1c,52338638,1791466623,0x51ed8688eb5c0c37696bbdae685e76c98259b9b6c1b6ae67563c4f6a7ccfdcd3
0x5bb051572c9140fda3b4f1b97162517f75a26339,0x0dca33ffd6e69b47280f50442b5ebc722215ad1c,52338639,1791466625,0x8512e5355eaadc1f6d9f992d95a94069f21576d8be28efcfb7c4cb283b5902fb
0xe79cd5300d629eb2062a558428d3c16109fd681b,0x0dca33ffd6e69b47280f50442b5ebc722215ad1c,52338640,1791466627,0x3e4453308ea3aa63d7beb28055b9c9a681346ac09a059708aeac79456a42ae11
0x745e991602c8f9fa010bae5999b88613d9091a70,0x2efef5f45e94294d64dcf97e8f23012ce5eb3e24,52338647,1791466641,0xb78ddfb98ed52c50c34582bc638c7ae503aaf41ca2dabab2201d55622f3c39bd
0x76aed0c32c44fcc57f3fb3fc98afcb4c8a74bae8,0x2efef5f45e94294d64dcf97e8f23012ce5eb3e24,52338648,1791466643,0xbff4edebbf0d9ca5f1c154ed70418c612a77a8b35d8a16741c08f09992f65a68
0x69ab530bb79749fdadb1da300d7ea688a4847fdc,0x0dca33ffd6e69b47280f50442b5ebc722215ad1c,52338654,1791466655,0x016dd9fc092a6c1b7292da7747d9b5347772a1a95492505684654b9f1fdf2139
0xfd306af25e262c8c1fc220f14edc32f2440b430c,0xc38960dff543e11295b50b51ee5d825747334e4c,52338663,1791466673,0x26283aeac2e0c175caab446cec722604fd1a5c6cb0343cb19199935af7a90a58
0x07bacaf7190163044ab92f428de3886152fddd94,0xc38960dff543e11295b50b51ee5d825747334e4c,52338664,1791466675,0x1dd4f2d56f6f77c75914dda8bfe399941bae521f430785e70134993d13635a30
0xf2895f6b6f7b9c958e7049f704f2ab1fe34bd498,0xc38960dff543e11295b50b51ee5d825747334e4c,52338665,1791466677,0x5e4ecb9f676e50e67b10e8a46994b2af646416953228404af0fbd0a429be5d6d
0x5740ec6c39026bf3f668f3119fda1c03a028888f,0xc38960dff543e11295b50b51ee5d825747334e4c,52338670,1791466687,0x703456f9d8882d34091d04d6eace40a0e01ec022d0d02b0e9315e15096667785
0x03d1e1c14e914914ebee5c488f35f5d7c458c180,0xd1fb36b70df528181a5b4f485396371f54305b77,52338675,1791466697,0x473d447cffe91394249fa0966a1ad59f667bcbea3a39fa7baf0413f2b338479a
0xc906027c02887f6e5a2f53e74d73b37b883a98a9,0xd1fb36b70df528181a5b4f485396371f54305b77,52338677,1791466701,0x2d69fac5792c91d06878a8df59c738a73645b17f80737a21ec663e4686af3d4a
0x19568cb0041cbd175d8f4a1965a7edd52a5d69c5,0xc38960dff543e11295b50b51ee5d825747334e4c,52338684,1791466715,0x1e34c017e355aa95fdd81287be6a377f955d02e3153b3bb7bf164fab62dfa2f1
0x09a89ba8a331267e3f48f2460cb72934f0cf80dc,0x0dca33ffd6e69b47280f50442b5ebc722215ad1c,52338688,1791466723,0xeba776f040e02cdc983e05c4f203b2c5e55deb65da1efdcdc161013d2c930fc2
0xc0a4a88d446a07db92d9e560462f5711f9653a67,0x0dca33ffd6e69b47280f50442b5ebc722215ad1c,52338690,1791466727,0xb8532acff507a1aea80f29cb1510e48bbbb7799fb365ffe756be872a916ae18b
0x553789ae3f1129ae81def6a37bf2d96e72b42b55,0xfefacd21775eaa7cd7e87d00eeb673128c09c8f0,52338704,1791466755,0x7408d663b46ce08f1a6c658c1d77971317e35ccb3b9936be5cd4cc2424835da0
0xab932c2648f1fbdf163adadaa1d0187a7c101e85,0x785c8bf14702e17d5ad71b9cb774940cbc04b707,52338728,1791466803,0x7f5135d7549a47cdf16516742da3bbdc47ce683cac5aa15e5e43a03bf7e96eda
0x03c5ea1028ec76d2535adbb696daa9083a48e2e3,0x21423d9a228640ee206226a491f99af9a83adf67,52338732,1791466811,0x3964459d57d77d8767b9cc2e5c257eb4806190f831e3de68f742c8869309b73f
0x11b25dd13e1ff663c4211ef78312e5b7e61c2647,0xa1f8b47b3915068793f44f0399a5ef0be109fe22,52338732,1791466811,0x1fa8f492fdc3fb1f992f5428218082295feacf5638165e2fc25d1a3c3fabfa27
0x5cd73f02b9839cfbf844287ca2fea1946485d615,0xb1abc4c642bcae863685f2da8d0059a68d9b942f,52338733,1791466813,0xfc566ef310726e4d7f8fb51e1e0cc05613a3259abc0acdda7f40b78a8b2a07c9
0xdae76c13b31c6fdfdc820cbc404450aabb69a48a,0xa1f8b47b3915068793f44f0399a5ef0be109fe22,52338733,1791466813,0x190e066c3af799f502011a52218e1ef3d2841b36219da7b6425f943d1088bc27
0xbd4ddc2fb8ea2396f9f379bf238839486b9729aa,0xb1abc4c642bcae863685f2da8d0059a68d9b942f,52338734,1791466815,0x427f47ec999e9c4eac174a819fca3f98edb176b1bf03c089088fde8472eb6354
0x98f9406af5c1bbb2be9b01698c196959100a4de9,0xcad3464301383b92183f92091222ea5e6187b0a3,52338736,1791466819,0xcd000daa3b31d73d48f82ca3f1dfa6769b3899ea7f65409626a238c170220b9d
0xa07fce470d937db4a332e70913a041503731e2fc,0xfa506a1a0e92c6f3712aee242eb554e881fd21b9,52338737,1791466821,0xc6dd5673b6d619ce12b7b825b33ba0fe7b59311dfd82189b3cb20e9e17b0edd8
0x1140fa801a61421c7fccf6dd6c54a075ce4cf9d9,0x0dca33ffd6e69b47280f50442b5ebc722215ad1c,52338739,1791466825,0xee5bc804943e00ebf6db8db6a14aabbdb3fab56e86a602e9f02285d10add0614
0x66dbfa1a51d71a4add48a842028a226c300a1900,0x364427a61e4245c678e317899ab38c00639162d6,52338747,1791466841,0xdf43d7bb43d5a534c89f6bd4240e0048da06e2669e4cb6fbb158e6872b239b19
0xe4865083906bbb9b2680dc0832eb3470298d9097,0x62b731b33aa551a7df68941c025ac60648afe9f4,52338750,1791466847,0x13ff2dd9305fb2f8174f13efbe3519159482ca714eeede46950cc77c48edc6cd
0x0f9a4374fbd1d1b029d072a5bf7e621f75561bd3,0xbd6db4ce50ea58c809aa02a1a08b1f0ff4cdf85a,52338759,1791466865,0x7329057d0fec69021c84a4b1c746b569367bfde0858e95204115d59e0b68a2b5
0x01ffb0e567a6f44f2ed48b73c50a9d882b443807,0xcad3464301383b92183f92091222ea5e6187b0a3,52338765,1791466877,0xd7dffa9894ddc21c533c41cadabe22ff4fba298f6201f7e18cca2eafa3c430be
0xd673e4004908b418735d58fd19a8ac22b60dc138,0x0dca33ffd6e69b47280f50442b5ebc722215ad1c,52338766,1791466879,0xe9cdae9e3abbba75a6b356375e41d146e83b0af9f606bd403ffdbb1c8d8f246a
0x8a3134072319f161e3d86cf11d498c9691c2eeb6,0xbd6db4ce50ea58c809aa02a1a08b1f0ff4cdf85a,52338769,1791466885,0x12e898f079b64fd8f12e16355f46052bab1c9fa4a000f7687684ff351f27340b
0x569b16bf863ec352ffd5831dc68818189494ada6,0x9bcd8076840378a6edffc97ed824621c48d9104a,52338774,1791466895,0xea95ac9d3d04a092f8258182f928c8365edef0bbd7a84d7d979db8762d10cc26
0x9eed44ab3b6d8b92a3cbd83210bcfac3e0db3ae8,0xbd6db4ce50ea58c809aa02a1a08b1f0ff4cdf85a,52338780,1791466907,0x8fdb30802d6222976a1cb54cc80181875d6d1aad025e6e56304e2eeaed36c14d
0x595d38f172aeaff4b066112f36a72ba992490255,0x38eb032a6f82a736f37e884a4657c95f6001196e,52338787,1791466921,0x8dfb30bf30d84f8e83fcdaa1b04e738e234a27690c0549520e44564fc72a90d0
0xba7f66e2ac03cc88a439e1a9fbbe89471e2ddbdd,0xeeed6f0e05fea8b05750c2428595de486264d46a,52338791,1791466929,0x58b7d2aeb657af463033eaab4952d9a8a60bf39ce972a5e21bb3010ba45441e4
0x4694c113b1ea18c27045dec9225ebc2dd9e2d3c5,0x1693681a299e6d86fa12459de9065b087e0072d6,52338793,1791466933,0x5739ebfd1782e7dee9f9f8b19aec2b7f88678f3f79c34fbcf3c0107dc03a7473
0x32b31c3359b974370e857e205f4de6f9cb510c0e,0xbd6db4ce50ea58c809aa02a1a08b1f0ff4cdf85a,52338794,1791466935,0xa5ef430d962a07871bbc9a24c505970aa2fcfc5127f66f9d8d465581cbbbd677
0x14896f5c9d1161438afc0a8644672794c01ae26b,0xbd6db4ce50ea58c809aa02a1a08b1f0ff4cdf85a,52338805,1791466957,0x44d760329c0a0d9df73efbb54d8f6167b9578b3a354fc0451d2b6b4e43599ca8
0x5ac9e0122386a7f5ec54a07d6301352187bda5f5,0xd1334444e00ce49a4fff04204d5a5d4563a8ca97,52338809,1791466965,0x366405437489793d64f9784c30a0c836d365e0fa6a708773a673ed10b4f203d6
0xc64cda93b649943e11ddb217619175177f4e56e6,0x3cb11807c6332cd81e0a3b2a566be3a8aefa2e6c,52338809,1791466965,0x699c2aa4929d3775bb0bce7281983761748a9cd8d75f30dd552290189596df95
0xcddaa0c67eea0eadaf0c708be02b4466322f806a,0xd1334444e00ce49a4fff04204d5a5d4563a8ca97,52338810,1791466967,0xf5521ea47e05dc709a69a6983e58cb8ee76c4e685d6b38609d7a1265100495a2
0xcd9061df90ac75e32c70ec44d513999389b277a6,0x0dca33ffd6e69b47280f50442b5ebc722215ad1c,52338824,1791466995,0x71013a063c722f86b10b083eb740a775960d8ab2252ec39f00548f00df4391c6
0xd4747b51abd7b897a0b07e5b44473e8282d7484f,0xa9fd0fb7f1f3a6c1bca9379613fa4063e262817b,52338833,1791467013,0x33bed22b8fbabd7d5101b139226aa58aa809a4dbef9e8e4c1aeb3488fda4f627
0xb7b2f4d6f42f90e8bf0e02eb860ac5a5e349a5f3,0x0dca33ffd6e69b47280f50442b5ebc722215ad1c,52338846,1791467039,0x4176a9dd1fce8a865eef00d244d2e8511d57b6fe515425e3d21ef2add402ccfb
